rede_social,marca,ano,mes,data_hora_criacao,dia_da_semana,link,url_imagem,legenda,tipo,alcance_organico,alcance_pago,alcance_total,curtidas_e_reacoes,comentarios,compartilhamentos,cliques,salvos,views,impressoes_organicas,impressoes_pagas,impressoes_totais,envolvimento,taxa_de_engajamento
Instagram,B Braun,2026,7,03/07/2026 12:01:47,Sexta-Feira,https://www.instagram.com/p/DaVHjZqjF3u,https://storage.googleapis.com/brv-valhalla-datalake-public/images/db71336e-aa13-4f0e-a063-1e4cfa5c98c8.mp4,"E se você pudesse conhecer a tecnologia OMNI através de outras lentes?

A B. Braun leva a inovação um passo adiante com uma experiência imersiva em realidade virtual, desenvolvida para apresentar os diferenciais da máquina OMNI de forma prática, interativa e envolvente.

Com a experiência VR, você pode:
✔ Explorar os recursos da OMNI no seu próprio ritmo;
✔ Vivenciar cenários de treinamento realistas;
✔ Conhecer funcionalidades e benefícios da tecnologia de forma interativa.

Além de toda essa tecnologia e inovação a OMNI entrega: eficiência no tratamento, flexibilidade terapêutica e facilidade de uso no dia a dia. 

Quer vivenciar essa experiência em realidade virtual? Clique no link da bio, preencha o formulário e agende uma visita.",reels,1711,0,1711,56,5,27,0,1,0,2571,0,2571,89,"0,0520163647"
Facebook,B Braun,2026,7,03/07/2026 12:01:06,Sexta-Feira,https://www.facebook.com/reel/2536486383534747/,https://storage.googleapis.com/brv-valhalla-datalake-public/images/82f77c66-2051-43b0-bf25-118ed12465f1.jpeg,"E se você pudesse conhecer a tecnologia OMNI através de outras lentes?

A B. Braun leva a inovação um passo adiante com uma experiência imersiva em realidade virtual, desenvolvida para apresentar os diferenciais da máquina OMNI de forma prática, interativa e envolvente.

Com a experiência VR, você pode:
✔ Explorar os recursos da OMNI no seu próprio ritmo;
✔ Vivenciar cenários de treinamento realistas;
✔ Conhecer funcionalidades e benefícios da tecnologia de forma interativa.

Além de toda essa tecnologia e inovação a OMNI entrega: eficiência no tratamento, flexibilidade terapêutica e facilidade de uso no dia a dia. 

Quer vivenciar essa experiência em realidade virtual? Clique no link, preencha o formulário e agende uma visita:  https://forms.office.com/pages/responsepage.aspx?id=8r7RFWoK-Ua-TAIyeTJeUeArJHOcifFIpEe8K5KccYtUOFNLVFFCUVdESTJFQzczQ0JBRVRNTFIzOS4u&route=shorturl",reels,,,69,4,0,0,0,0,,74,0,75,4,"0,05797101449"
Facebook,B Braun,2026,7,02/07/2026 13:28:01,Quinta-Feira,https://www.facebook.com/reel/1610329023941411/,https://storage.googleapis.com/brv-valhalla-datalake-public/images/bbf667dd-5910-4218-a99c-435dd2418ac5.jpeg,"Um hospital é movido por pessoas. Pessoas que todos os dias transformam conhecimento, dedicação e trabalho em cuidado.

Neste Dia do Hospital, homenageamos todos os profissionais que fazem essa missão acontecer e reafirmamos nosso apoio, para que mais vidas sejam cuidadas com segurança e excelência.",reels,,,210,4,0,0,1,0,,219,0,219,5,"0,02380952381"
Instagram,B Braun,2026,7,02/07/2026 13:26:15,Quinta-Feira,https://www.instagram.com/p/DaSsbGZj7Oc,https://storage.googleapis.com/brv-valhalla-datalake-public/images/0d5692c7-8bd4-4f89-82ca-38d4daafa77d.mp4,"Um hospital é movido por pessoas. Pessoas que todos os dias transformam conhecimento, dedicação e trabalho em cuidado.

Neste Dia do Hospital, homenageamos todos os profissionais que fazem essa missão acontecer e reafirmamos nosso apoio, para que mais vidas sejam cuidadas com segurança e excelência.",reels,1034,0,1034,58,0,6,0,0,0,1449,0,1449,64,"0,06189555126"
Instagram,B Braun,2026,6,29/06/2026 12:00:16,Segunda-Feira,https://www.instagram.com/p/DaK0SiaiMVL,https://storage.googleapis.com/brv-valhalla-datalake-public/images/20d78b3e-b0de-4457-a8d9-05fb27ace30e.jpeg,"Higienizar as mãos é um protocolo de segurança simples, mas um dos mais importantes dentro de um hospital.

Quando pacientes, profissionais da saúde e instituições compartilham desse compromisso, o gesto se transforma em cultura institucional. Além de prevenir infecções, a higiene das mãos demonstra respeito pela vida e excelência em saúde.

A sua instituição está pronta para ser reconhecida pelo compromisso com a segurança do paciente?

🔗 Acesse o link  na bio e saiba mais. 

#BBraun #HigieneDasMãos #HHEA #AesculapAcademy",carrossel ,738,0,738,36,0,6,0,1,0,1536,0,1536,43,"0,05826558266"
Facebook,B Braun,2026,6,29/06/2026 12:00:07,Segunda-Feira,https://www.facebook.com/1468339928670354/posts/1472555284915485,https://storage.googleapis.com/brv-valhalla-datalake-public/images/5f55ef51-4ee4-476f-8535-1dbe33301e5c.jpeg,"Higienizar as mãos é um protocolo de segurança simples, mas um dos mais importantes dentro de um hospital.

Quando pacientes, profissionais da saúde e instituições compartilham desse compromisso, o gesto se transforma em cultura institucional. Além de prevenir infecções, a higiene das mãos demonstra respeito pela vida e excelência em saúde.

A sua instituição está pronta para ser reconhecida pelo compromisso com a segurança do paciente?

🔗 Acesse o site e saiba mais: https://www.hhea.info/en/regions/america-latina/america-latina-pt.html 

#BBraun #HigieneDasMãos #HHEA #AesculapAcademy",galeria,,,123,7,0,0,0,0,,177,0,177,7,"0,05691056911"
Instagram,B Braun,2026,6,26/06/2026 12:00:57,Sexta-Feira,https://www.instagram.com/p/DaDF70wASdz,https://storage.googleapis.com/brv-valhalla-datalake-public/images/cffe3da7-bef5-44ec-ad02-8fe997385c41.mp4,"Ainda não assistiu ao episódio 2 da Educação Conectada? Você não vai querer perder a continuação dessa conversa.

Neste episódio, a Enfermeira e auditora Débora Soares e o Dr. Douglas Gemente compartilham experiências, esclarecem dúvidas frequentes e discutem temas relevantes sobre a rotina da diálise contínua na UTI, incluindo os desafios relacionados a auditorias, protocolos clínicos e reembolso da terapia.

Se você atua na assistência intensiva, auditoria ou gestão em saúde e deseja aprofundar seus conhecimentos sobre o tema, esta conversa é para você.

▶️ Assista ao episódio completo no YouTube da B. Braun Brasil. Link na bio!",reels,849,0,849,39,4,5,0,0,0,1200,0,1200,48,"0,05653710247"
Facebook,B Braun,2026,6,26/06/2026 12:00:42,Sexta-Feira,https://www.facebook.com/reel/1522190279407962/,https://storage.googleapis.com/brv-valhalla-datalake-public/images/fd7f5fd1-9fe7-41a0-b335-1e8d47479234.jpeg,"Ainda não assistiu ao episódio 2 da Educação Conectada? Você não vai querer perder a continuação dessa conversa.

Neste episódio, a Enfermeira e auditora Débora Soares e o Dr. Douglas Gemente compartilham experiências, esclarecem dúvidas frequentes e discutem temas relevantes sobre a rotina da diálise contínua na UTI, incluindo os desafios relacionados a auditorias, protocolos clínicos e reembolso da terapia.

Se você atua na assistência intensiva, auditoria ou gestão em saúde e deseja aprofundar seus conhecimentos sobre o tema, esta conversa é para você.

▶️ Assista ao episódio completo no YouTube da B. Braun Brasil: https://www.youtube.com/watch?v=gArU56IzdLk",reels,,,215,1,0,0,1,0,,234,0,235,2,"0,009302325581"
Instagram,B Braun,2026,6,24/06/2026 12:00:18,Quarta-Feira,https://www.instagram.com/p/DZ98UcYDD6T,https://storage.googleapis.com/brv-valhalla-datalake-public/images/00e911c8-041d-475d-953c-ff0d0aeb7b5f.jpeg,"No HUB CMExperts, você encontra artigos e publicações sobre temas que fazem parte da rotina da área da saúde, como segurança do paciente, sustentabilidade, eficiência operacional e boas práticas.

Os conteúdos são desenvolvidos para transformar conhecimento em aprendizado aplicável no dia a dia, fazendo a diferença em cada etapa do cuidado.

🔗Acesse o HUB CMExperts e confira os artigos disponíveis. Link na bio!",carrossel ,348,0,348,18,0,1,0,0,0,791,0,791,19,"0,05459770115"
Facebook,B Braun,2026,6,24/06/2026 12:00:17,Quarta-Feira,https://www.facebook.com/1468339928670354/posts/1468101958694151,https://storage.googleapis.com/brv-valhalla-datalake-public/images/20730577-0d9c-4ce1-ac46-dabbd70a996d.jpeg,"No HUB CMExperts, você encontra artigos e publicações sobre temas que fazem parte da rotina da área da saúde, como segurança do paciente, sustentabilidade, eficiência operacional e boas práticas.

Os conteúdos são desenvolvidos para transformar conhecimento em aprendizado aplicável no dia a dia, fazendo a diferença em cada etapa do cuidado.

🔗Acesse o HUB CMExperts e confira os artigos disponíveis. Link na bio!",galeria,,,70,4,0,0,0,0,,107,0,107,4,"0,05714285714"
Instagram,B Braun,2026,6,23/06/2026 22:56:34,Terça-Feira,https://www.instagram.com/p/DZ8ioQBEw7k,https://storage.googleapis.com/brv-valhalla-datalake-public/images/eae02d59-646e-469f-bfa3-bbbf5de60226.jpeg,"A transição para a Hemodiafiltração (HDF) vai muito além da teoria.

No dia 30 de junho, a B. Braun, em parceria com a Academia Aesculap, irá realizar o seu 1º Webinar Latam de Diálise, com o tema: ""Além da teoria: vivências reais na implementação da HDF"".

O Brasil e o México foram os países selecionados para liderar este grande intercâmbio científico de alto nível. Reuniremos grandes especialistas para discutir os desafios, as soluções e os resultados da implementação dessa terapia que vem redefinindo a segurança e a sobrevida do paciente renal crônico.

Palestrantes confirmados: 
👉Dr. Douglas Gemente 
👉Dr. Luis Antonio Bermúdez 

📅 30 de junho
⏰ 19h00
Via Zoom 

🔗 Garanta sua vaga agora mesmo! Acesse o link da bio e faça sua inscrição.

#BBraun #Nefrologia #AcademiaAesculap #Webinar",carrossel ,982,0,982,46,2,7,0,1,0,2097,0,2097,56,"0,05702647658"
Facebook,B Braun,2026,6,23/06/2026 22:56:29,Terça-Feira,https://www.facebook.com/1468339928670354/posts/1467651035405910,https://storage.googleapis.com/brv-valhalla-datalake-public/images/413223cb-5b15-4163-8227-5c2e8c1b39a1.jpeg,"A transição para a Hemodiafiltração (HDF) vai muito além da teoria.

No dia 30 de junho, a B. Braun, em parceria com a Academia Aesculap, irá realizar o seu 1º Webinar Latam de Diálise, com o tema: ""Além da teoria: vivências reais na implementação da HDF"".

O Brasil e o México foram os países selecionados para liderar este grande intercâmbio científico de alto nível. Reuniremos grandes especialistas para discutir os desafios, as soluções e os resultados da implementação dessa terapia que vem redefinindo a segurança e a sobrevida do paciente renal crônico.

Palestrantes confirmados: 
👉Dr. Douglas Gemente 
👉Dr. Luis Antonio Bermúdez 

📅 30 de junho
⏰ 19h00
Via Zoom 

🔗 Garanta sua vaga agora mesmo! Acesse o link da bio e faça sua inscrição.

#BBraun #Nefrologia #AcademiaAesculap #Webinar",galeria,,,95,4,0,0,6,0,,141,0,141,10,"0,1052631579"
Instagram,B Braun,2026,6,23/06/2026 13:13:22,Terça-Feira,https://www.instagram.com/p/DZ7f4wfEzYB,https://storage.googleapis.com/brv-valhalla-datalake-public/images/2ee9c15e-1410-47c2-a0fb-e26324f79cdf.jpeg,"Feliz aniversário para nós! 🎉

Fundada como uma pequena farmácia em 1839, em Melsungen, Alemanha, a B. Braun se transformou em uma empresa líder em tecnologia médica.

Deslize para ver como a B. Braun cresceu além das fronteiras.

#bbraun #weareteambb #medtech #empoweredbytechnology",carrossel ,1880,0,1880,141,6,26,0,4,0,3996,0,3996,177,"0,09414893617"
Facebook,B Braun,2026,6,23/06/2026 13:13:13,Terça-Feira,https://www.facebook.com/1468339928670354/posts/1467288722108808,https://storage.googleapis.com/brv-valhalla-datalake-public/images/df066446-cdde-431f-9daa-861420fe6451.jpeg,"Feliz aniversário para nós! 🎉

Fundada como uma pequena farmácia em 1839, em Melsungen, Alemanha, a B. Braun se transformou em uma empresa líder em tecnologia médica.

Deslize para ver como a B. Braun cresceu além das fronteiras.

#bbraun #weareteambb #medtech #empoweredbytechnology",galeria,,,4498,65,20,3,280,0,,6473,0,6473,368,"0,08181413962"
Instagram,B Braun,2026,6,22/06/2026 18:30:11,Segunda-Feira,https://www.instagram.com/p/DZ5fWOyATM4,https://storage.googleapis.com/brv-valhalla-datalake-public/images/4eb1d041-a6ab-4f1a-8fa9-d058e0a23635.jpeg,"Quer fazer a diferença na vida das pessoas? Venha trabalhar na B. Braun! 🌐💼

Estamos com vagas abertas para profissionais que desejam compartilhar expertise e construir o futuro da saúde com a gente.

🔍 Confira algumas de nossas oportunidades e candidate-se. Acesse o link na bio! 

#BBraun #Vagas #Oportunidades",carrossel ,5989,0,5989,345,12,76,0,29,0,14791,0,14791,462,"0,07714142595"
Facebook,B Braun,2026,6,22/06/2026 18:30:05,Segunda-Feira,https://www.facebook.com/1468339928670354/posts/1466630698841277,https://storage.googleapis.com/brv-valhalla-datalake-public/images/00ed5051-7b87-48b0-ad33-41c9b6b434fd.jpeg,"Quer fazer a diferença na vida das pessoas? Venha trabalhar na B. Braun! 🌐💼

Estamos com vagas abertas para profissionais que desejam compartilhar expertise e construir o futuro da saúde com a gente.

🔍 Confira algumas de nossas oportunidades e candidate-se. Acesse o link na bio! 

#BBraun #Vagas #Oportunidades",galeria,,,943,27,0,1,162,0,,1648,0,1648,190,"0,2014846235"
Instagram,B Braun,2026,6,19/06/2026 18:31:08,Sexta-Feira,https://www.instagram.com/p/DZxxBldDCi7,https://storage.googleapis.com/brv-valhalla-datalake-public/images/036fb0ae-f01c-4887-9d4d-712e1791dd00.mp4,"Episódio 2 no ar!

A diálise contínua é uma terapia cada vez mais presente no cuidado ao paciente crítico, mas ainda gera dúvidas quando o assunto envolve indicação clínica, protocolos, auditorias e reembolso.

Neste episódio do Educação Conectada, a Enfermeira Débora Soares e o Dr. Douglas Gemente compartilham experiências práticas e discutem como a aplicação correta da terapia, baseada em critérios clínicos e protocolos internacionais, contribui para uma assistência qualificada e para processos de auditoria mais transparentes e eficientes.

Uma conversa que ajuda a compreender os desafios e a importância da diálise contínua na UTI, promovendo o alinhamento entre equipes assistenciais, hospitais e operadoras.

▶️ Assista agora ao episódio completo no YouTube da B. Braun Brasil. Link na bio!",reels,608,0,608,29,1,2,0,0,0,800,0,800,32,"0,05263157895"
Facebook,B Braun,2026,6,19/06/2026 18:30:47,Sexta-Feira,https://www.facebook.com/reel/989796387023344/,https://storage.googleapis.com/brv-valhalla-datalake-public/images/a9fee98d-996c-4d09-8320-1572c24fcb8b.jpeg,"Episódio 2 no ar!

A diálise contínua é uma terapia cada vez mais presente no cuidado ao paciente crítico, mas ainda gera dúvidas quando o assunto envolve indicação clínica, protocolos, auditorias e reembolso.

Neste episódio do Educação Conectada, a Enfermeira Débora Soares e o Dr. Douglas Gemente compartilham experiências práticas e discutem como a aplicação correta da terapia, baseada em critérios clínicos e protocolos internacionais, contribui para uma assistência qualificada e para processos de auditoria mais transparentes e eficientes.

Uma conversa que ajuda a compreender os desafios e a importância da diálise contínua na UTI, promovendo o alinhamento entre equipes assistenciais, hospitais e operadoras.

▶️ Assista agora ao episódio completo no YouTube da B. Braun Brasil: https://youtu.be/gArU56IzdLk",reels,,,191,1,0,0,1,0,,207,0,207,2,"0,01047120419"
Facebook,B Braun,2026,6,17/06/2026 21:23:48,Quarta-Feira,https://www.facebook.com/reel/3941120639527458/,https://storage.googleapis.com/brv-valhalla-datalake-public/images/ac42d6e2-e295-4b08-8d31-44bc1068edec.jpeg,"Vem aí mais um episódio do Educação Conectada! 

A diálise contínua na UTI ainda é cercada por dúvidas e desafios durante as auditorias. Mas o que a prática clínica e os protocolos de auditoria nos ensinam sobre essa terapia?

Neste segundo episódio da série Diálise Contínua, a enfermeira e auditora Débora Soares e o Dr. Douglas Gemente compartilham experiências, esclarecem conceitos e discutem aspectos importantes relacionados a pagamentos e auditorias da diálise contínua.

Uma conversa que ajuda a desvendar os principais pontos para Operadoras e Hospitais e ampliar o conhecimento de profissionais envolvidos na assistência intensiva.

▶️ Assista em breve ao episódio completo no YouTube da B. Braun Brasil.",reels,,,130,2,0,0,1,0,,141,0,141,3,"0,02307692308"
Instagram,B Braun,2026,6,17/06/2026 21:23:04,Quarta-Feira,https://www.instagram.com/p/DZs7HIKmebS,https://storage.googleapis.com/brv-valhalla-datalake-public/images/437d4bb7-0ff1-471b-be65-9b04bd7b2faa.mp4,"Vem aí mais um episódio do Educação Conectada! 

A diálise contínua na UTI ainda é cercada por dúvidas e desafios durante as auditorias. Mas o que a prática clínica e os protocolos de auditoria nos ensinam sobre essa terapia?

Neste segundo episódio da série Diálise Contínua, a enfermeira e auditora Débora Soares e o Dr. Douglas Gemente compartilham experiências, esclarecem conceitos e discutem aspectos importantes relacionados a pagamentos e auditorias da diálise contínua.

Uma conversa que ajuda a desvendar os principais pontos para Operadoras e Hospitais e ampliar o conhecimento de profissionais envolvidos na assistência intensiva.

▶️ Assista em breve ao episódio completo no YouTube da B. Braun Brasil.",reels,2363,0,2363,57,3,2,0,2,0,3127,0,3127,64,"0,02708421498"
Instagram,B Braun,2026,6,17/06/2026 13:47:09,Quarta-Feira,https://www.instagram.com/p/DZsG-9hE35R,https://storage.googleapis.com/brv-valhalla-datalake-public/images/9449ff1e-64b2-4040-91dd-77774fd481be.jpeg,"Em tratamentos de alta complexidade, cada escolha na UTI pode mudar um destino. E para nós, apoiar essas decisões é um compromisso diário. Porque uma vida significa muito. 🩺💚 

Com muito orgulho, celebramos o sucesso da 1ª edição do Renal Decision Lab, realizada em Curitiba nos dias 27 e 28 de maio. Desenvolvido em parceria com a Aesculap Academy, o programa tem como propósito apoiar e realizar um sharing expertise para médicos residentes de Nefrologia e Medicina Intensiva na terapia de diálise contínua.

Nesta edição, sob a condução do nosso médico consultor Dr. Douglas Gemente, reunimos em torno de 25 profissionais de quatro hospitais parceiros em um ambiente de troca, focado em aumentar a eficiência terapêutica e ajudar na construção de protocolos assistenciais, baseado nas novas literaturas do mundo da Nefrologia.

E este é apenas o começo! Ao longo do ano, estão previstas mais 5 edições do programa pelo Brasil. Quer fazer parte?

🔗 Clique no link da bio e saiba mais.",carrossel ,1770,0,1770,69,5,29,0,2,0,3479,0,3479,105,"0,0593220339"
Facebook,B Braun,2026,6,17/06/2026 13:47:05,Quarta-Feira,https://www.facebook.com/1468339928670354/posts/1461977555973258,https://storage.googleapis.com/brv-valhalla-datalake-public/images/54761b3a-4864-4c91-9d98-88e83a9b14d1.jpeg,"Em tratamentos de alta complexidade, cada escolha na UTI pode mudar um destino. E para nós, apoiar essas decisões é um compromisso diário. Porque uma vida significa muito. 🩺💚 

Com muito orgulho, celebramos o sucesso da 1ª edição do Renal Decision Lab, realizada em Curitiba nos dias 27 e 28 de maio. Desenvolvido em parceria com a Aesculap Academy, o programa tem como propósito apoiar e realizar um sharing expertise para médicos residentes de Nefrologia e Medicina Intensiva na terapia de diálise contínua.

Nesta edição, sob a condução do nosso médico consultor Dr. Douglas Gemente, reunimos em torno de 25 profissionais de quatro hospitais parceiros em um ambiente de troca, focado em aumentar a eficiência terapêutica e ajudar na construção de protocolos assistenciais, baseado nas novas literaturas do mundo da Nefrologia.

E este é apenas o começo! Ao longo do ano, estão previstas mais 5 edições do programa pelo Brasil. Quer fazer parte?

🔗 Clique no link e saiba mais: https://forms.office.com/e/HSiaJyDKm5",galeria,,,124,8,0,1,2,0,,203,0,203,11,"0,08870967742"
Facebook,B Braun,2026,6,15/06/2026 12:13:35,Segunda-Feira,https://www.facebook.com/reel/990256830484599/,https://storage.googleapis.com/brv-valhalla-datalake-public/images/252b13c8-4843-4d4d-889a-38d4da30fd5b.jpeg,"No episódio de hoje de Um Dia na B. Braun, acompanhamos a rotina de Siméia Guimarães, colaboradora com 19 anos de B.Braun, Especialista de Vendas de Infusão, em Salvador. 💚

Entre visitas, alinhamentos e a implementação de bombas de infusão em um grande hospital da cidade, vemos de perto a dedicação e o cuidado presentes em cada etapa do seu trabalho.

Ao longo do dia, Siméia também compartilha momentos da sua rotina de alimentação e treino, reforçando a importância do equilíbrio e de hábitos mais saudáveis dentro e fora do ambiente profissional.

Porque, por trás de cada solução e atendimento, existem pessoas que fazem a diferença diariamente, com conhecimento, propósito e compromisso com a proteção da vida e da saúde.",reels,,,372,8,0,0,5,0,,395,0,395,13,"0,03494623656"
Instagram,B Braun,2026,6,15/06/2026 12:12:40,Segunda-Feira,https://www.instagram.com/p/DZmyheMEWg7,https://storage.googleapis.com/brv-valhalla-datalake-public/images/b376bfc6-98e9-4467-bcf1-9165526100db.mp4,"No episódio de hoje de Um Dia na B. Braun, acompanhamos a rotina de Siméia Guimarães, colaboradora com 19 anos de B.Braun, Especialista de Vendas de Infusão, em Salvador. 💚

Entre visitas, alinhamentos e a implementação de bombas de infusão em um grande hospital da cidade, vemos de perto a dedicação e o cuidado presentes em cada etapa do seu trabalho.

Ao longo do dia, Siméia também compartilha momentos da sua rotina de alimentação e treino, reforçando a importância do equilíbrio e de hábitos mais saudáveis dentro e fora do ambiente profissional.

Porque, por trás de cada solução e atendimento, existem pessoas que fazem a diferença diariamente, com conhecimento, propósito e compromisso com a proteção da vida e da saúde.",reels,1450,0,1450,138,18,13,0,0,0,2544,0,2544,169,"0,1165517241"
Facebook,B Braun,2026,6,14/06/2026 18:42:34,Domingo,https://www.facebook.com/reel/1321904446078819/,https://storage.googleapis.com/brv-valhalla-datalake-public/images/d5f41b93-7669-4e50-abda-e1e859f3d5ba.jpeg,"Uma doação de sangue não salva apenas um paciente. Ela renova planos, abraços e futuros.

E nós acompanhamos essa corrente, apoiando os profissionais de saúde e garantindo a qualidade em cada etapa do cuidado. Porque salvar histórias é a nossa maior missão.

Neste Dia Mundial do Doador de Sangue, inspire-se e faça sua doação.",reels,,,90,0,0,0,0,0,,97,0,97,0,0
Instagram,B Braun,2026,6,14/06/2026 18:42:23,Domingo,https://www.instagram.com/p/DZk6OU7p-k-,https://storage.googleapis.com/brv-valhalla-datalake-public/images/b2bc5bac-bef6-441a-9e06-4faaae3d19e1.mp4,"Uma doação de sangue não salva apenas um paciente. Ela renova planos, abraços e futuros.

E nós acompanhamos essa corrente, apoiando os profissionais de saúde e garantindo a qualidade em cada etapa do cuidado. Porque salvar histórias é a nossa maior missão.

Neste Dia Mundial do Doador de Sangue, inspire-se e faça sua doação.",reels,1316,0,1316,85,0,7,0,0,0,1832,0,1832,92,"0,06990881459"
Facebook,B Braun,2026,6,12/06/2026 19:50:18,Sexta-Feira,https://www.facebook.com/reel/1741589107274258/,https://storage.googleapis.com/brv-valhalla-datalake-public/images/4c8fb925-f474-4559-b1de-cdb12c597ede.jpeg,"Ainda não assistiu?

No novo episódio do Educação Conectada, o Dr. Douglas Gemente e o Dr. Leonardo Marques discutem temas fundamentais para o tratamento renal na UTI.

Acompanhe esse papo imperdível sobre evidência clínica, eficiência assistencial e sustentabilidade na prática. 

Acesse o episódio completo no link da bio.",reels,,,185,3,0,0,3,0,,195,0,195,6,"0,03243243243"
Instagram,B Braun,2026,6,12/06/2026 19:49:13,Sexta-Feira,https://www.instagram.com/p/DZf4YnuDs9f,https://storage.googleapis.com/brv-valhalla-datalake-public/images/a9f9c9cb-5edd-4ada-b834-1375f2b247e5.mp4,"Ainda não assistiu?

No novo episódio do Educação Conectada, o Dr. Douglas Gemente e o Dr. Leonardo Marques discutem temas fundamentais para o tratamento renal na UTI.

Acompanhe esse papo imperdível sobre evidência clínica, eficiência assistencial e sustentabilidade na prática. 

Acesse o episódio completo no link da bio.",reels,849,0,849,24,2,8,0,0,0,1155,0,1155,34,"0,04004711425"
Instagram,B Braun,2026,6,11/06/2026 12:51:20,Quinta-Feira,https://www.instagram.com/p/DZcj00blI-n,https://storage.googleapis.com/brv-valhalla-datalake-public/images/a3ecae92-85a5-4eed-928f-6acdb94cc438.jpeg,"Estamos lado a lado com a excelência médica.

Prevenir infecções no dia a dia do hospital exige constância e rigor nas práticas que você já conhece.

Deslize para o lado e revise com a gente 5 passos essenciais que salvam vidas em cada plantão. Estamos ao seu lado nessa missão de cuidar e proteger!",carrossel ,1008,0,1008,52,0,6,0,5,0,1966,0,1966,63,"0,0625"
Facebook,B Braun,2026,6,11/06/2026 12:51:16,Quinta-Feira,https://www.facebook.com/1468339928670354/posts/1456439323193748,https://storage.googleapis.com/brv-valhalla-datalake-public/images/2be7d678-cffb-4623-b5ab-76afb4f7c657.jpeg,"Estamos lado a lado com a excelência médica.

Prevenir infecções no dia a dia do hospital exige constância e rigor nas práticas que você já conhece.

Deslize para o lado e revise com a gente 5 passos essenciais que salvam vidas em cada plantão. Estamos ao seu lado nessa missão de cuidar e proteger!",galeria,,,100,5,0,0,4,0,,152,0,152,9,"0,09"
Instagram,B Braun,2026,6,10/06/2026 14:33:09,Quarta-Feira,https://www.instagram.com/p/DZaKrq4FPVM,https://storage.googleapis.com/brv-valhalla-datalake-public/images/10cf05ac-75f8-44b9-ab47-53abb3092c82.jpeg,"Na rotina hospitalar, conhecimento faz toda a diferença. Por isso, nosso HUB CMExperts reúne webinars e videocasts com especialistas que compartilham suas experiências, desafios e soluções para temas essenciais da assistência à saúde. Os conteúdos são desenvolvidos para transformar debates da rotina hospitalar em aprendizados valiosos. 

Acesse o HUB CMExperts e confira os conteúdos disponíveis. Link na bio!",carrossel ,428,0,428,17,0,1,0,1,0,1028,0,1028,19,"0,04439252336"
Facebook,B Braun,2026,6,10/06/2026 14:33:05,Quarta-Feira,https://www.facebook.com/1468339928670354/posts/1455569859947361,https://storage.googleapis.com/brv-valhalla-datalake-public/images/971daf78-e827-4ed1-bc22-1fe6bdac0eca.jpeg,"Na rotina da CME, conhecimento faz toda a diferença. Por isso, nosso Hub CMExperts reúne webinars e videocasts com especialistas que compartilham suas experiências, desafios e soluções para temas essenciais da assistência à saúde. Os conteúdos são desenvolvidos para disseminar aprendizados valiosos, que contribuem com soluções de desafios complexos da CME. 

Acesse o HUB CMExperts e confira os episódios disponíveis: https://www.bbraun.com.br/pt/produtos-e-solucaoes/terapias/instrumentos-cirurgicos-e-sistema-de-embalagem-rigida/hub-dos-cmexperts--.html",galeria,,,91,4,0,0,2,0,,128,0,128,6,"0,06593406593"
Facebook,B Braun,2026,6,06/06/2026 12:01:09,Sábado,https://www.facebook.com/1468339928670354/posts/1451704427000571,https://storage.googleapis.com/brv-valhalla-datalake-public/images/d780345d-8be4-4a39-8bd2-4b42b4ff246b.jpeg,"No Dia do Combate à Desnutrição Hospitalar, é importante lembrar que a recuperação de um paciente também passa pela nutrição.

A desnutrição hospitalar é uma condição frequente e pode impactar diretamente o tempo de internação, o risco de complicações e a qualidade de recuperação dos pacientes. Em muitos casos, o próprio contexto da hospitalização dificulta a alimentação adequada, seja pelos jejuns prolongados, perda de apetite ou pelas necessidades nutricionais aumentadas durante o tratamento. Por isso, olhar para a nutrição de forma preventiva e integrada faz diferença no cuidado.

Apoiamos profissionais e instituições de saúde com soluções voltadas à terapia nutricional e infusão, contribuindo para uma assistência mais segura, eficiente e humanizada.",galeria,,,149,9,0,1,2,0,,208,0,208,12,"0,08053691275"
Instagram,B Braun,2026,6,06/06/2026 12:00:37,Sábado,https://www.instagram.com/p/DZPmC_8juE3,https://storage.googleapis.com/brv-valhalla-datalake-public/images/ec89b591-1d9c-4c9e-9382-35245ac35c71.jpeg,"No Dia do Combate à Desnutrição Hospitalar, é importante lembrar que a recuperação de um paciente também passa pela nutrição.

A desnutrição hospitalar é uma condição frequente e pode impactar diretamente o tempo de internação, o risco de complicações e a qualidade de recuperação dos pacientes. Em muitos casos, o próprio contexto da hospitalização dificulta a alimentação adequada, seja pelos jejuns prolongados, perda de apetite ou pelas necessidades nutricionais aumentadas durante o tratamento. Por isso, olhar para a nutrição de forma preventiva e integrada faz diferença no cuidado.

Apoiamos profissionais e instituições de saúde com soluções voltadas à terapia nutricional e infusão, contribuindo para uma assistência mais segura, eficiente e humanizada.",carrossel ,841,0,841,51,0,7,0,1,0,2092,0,2092,59,"0,07015457788"
Instagram,B Braun,2026,6,05/06/2026 12:02:09,Sexta-Feira,https://www.instagram.com/p/DZNBXfdgfVB,https://storage.googleapis.com/brv-valhalla-datalake-public/images/6b11d1b8-644e-407c-b0ad-bcc4f19fae7d.mp4,"Toda escolha gera impacto. No ambiente hospitalar, isso vale para cada processo, recurso utilizado e decisão tomada ao longo da jornada do cuidado.

Neste Dia Mundial do Meio Ambiente, celebramos as escolhas que ajudam a construir uma saúde mais sustentável para os pacientes, profissionais e para o planeta.

Afinal, quando ampliamos o olhar sobre o cuidado, os benefícios chegam ainda mais longe.",reels,647,0,647,54,2,3,0,0,0,921,0,921,59,"0,09119010819"
Facebook,B Braun,2026,6,05/06/2026 12:01:44,Sexta-Feira,https://www.facebook.com/reel/2809086502788829/,https://storage.googleapis.com/brv-valhalla-datalake-public/images/87961460-afc4-4c43-a083-0a8ad596b52f.jpeg,"Toda escolha gera impacto. No ambiente hospitalar, isso vale para cada processo, recurso utilizado e decisão tomada ao longo da jornada do cuidado.

Neste Dia Mundial do Meio Ambiente, celebramos as escolhas que ajudam a construir uma saúde mais sustentável para os pacientes, profissionais e para o planeta.

Afinal, quando ampliamos o olhar sobre o cuidado, os benefícios chegam ainda mais longe.",reels,,,96,5,0,0,1,0,,105,0,105,6,"0,0625"
Facebook,B Braun,2026,6,04/06/2026 12:01:27,Quinta-Feira,https://www.facebook.com/reel/1317477857193009/,https://storage.googleapis.com/brv-valhalla-datalake-public/images/d7341499-8c8d-441b-b13d-15c31503a559.jpeg,"O nosso #TBT de hoje nos leva de volta à Hospitalar 2026. Viver essa feira é sempre uma oportunidade única de materializar o nosso propósito essencial: compartilhar conhecimento.

Foram dias intensos de trocas valiosas, onde pudemos apresentar soluções de alta performance desenvolvidas para dar suporte à conduta médica, otimizar a gestão hospitalar e elevar os padrões de segurança clínica.

Agradecemos a cada parceiro, médico, gestor e profissional da saúde que visitou o nosso estande e construiu essa jornada conosco. A feira terminou, mas o nosso compromisso em impulsionar a medicina do futuro continua todos os dias.",reels,,,94,2,0,0,1,0,,105,0,105,3,"0,03191489362"
Instagram,B Braun,2026,6,04/06/2026 12:01:22,Quinta-Feira,https://www.instagram.com/p/DZKcdAqgCSe,https://storage.googleapis.com/brv-valhalla-datalake-public/images/081f0e10-88da-4fd5-af02-a2bda3ee48ba.mp4,"O nosso #TBT de hoje nos leva de volta à Hospitalar 2026. Viver essa feira é sempre uma oportunidade única de materializar o nosso propósito essencial: compartilhar conhecimento.

Foram dias intensos de trocas valiosas, onde pudemos apresentar soluções de alta performance desenvolvidas para dar suporte à conduta médica, otimizar a gestão hospitalar e elevar os padrões de segurança clínica.

Agradecemos a cada parceiro, médico, gestor e profissional da saúde que visitou o nosso estande e construiu essa jornada conosco. A feira terminou, mas o nosso compromisso em impulsionar a medicina do futuro continua todos os dias.",reels,754,0,754,59,2,2,0,0,0,1207,0,1207,63,"0,08355437666"
Facebook,B Braun,2026,6,03/06/2026 20:35:25,Quarta-Feira,https://www.facebook.com/reel/4406888162963758/,https://storage.googleapis.com/brv-valhalla-datalake-public/images/af5e288a-f559-4c7e-8e8a-a036552ab785.jpeg,"Mais eficiência na UTI significa salvar mais vidas. A terapia de diálise contínua na UTI é uma aliada estratégica da gestão hospitalar. 

Quando bem implementada, pode ajudar a reduzir o tempo de permanência do paciente no leito de UTI e impactar desfechos clínicos, mantendo a sustentabilidade financeira. E o olhar econômico comprova isso: quando comparada ao custo acumulado de longos ciclos, a terapia de diálise contínua se consolida como uma escolha inteligente, financeiramente sustentável e competitiva. 

Quer saber como levar essa discussão técnica e fundamentada para a gestão do seu hospital? Assista ao Educação Conectada em nosso canal no Youtube: https://youtu.be/sU5yyxjmy5I 

#GestãoHospitalar #Eficiência #Saúde",reels,,,76,1,0,0,2,0,,82,0,82,3,"0,03947368421"
Instagram,B Braun,2026,6,03/06/2026 20:34:45,Quarta-Feira,https://www.instagram.com/p/DZIycEskfnE,https://storage.googleapis.com/brv-valhalla-datalake-public/images/94c822f6-8c02-4c23-98fe-64337a111511.mp4,"Mais eficiência na UTI significa salvar mais vidas. A terapia de diálise contínua na UTI é uma aliada estratégica da gestão hospitalar. 

Quando bem implementada, pode ajudar a reduzir o tempo de permanência do paciente no leito de UTI e impactar desfechos clínicos, mantendo a sustentabilidade financeira. E o olhar econômico comprova isso: quando comparada ao custo acumulado de longos ciclos, a terapia de diálise contínua se consolida como uma escolha inteligente, financeiramente sustentável e competitiva. 

Quer saber como levar essa discussão técnica e fundamentada para a gestão do seu hospital? Acesse o link na bio e assista ao Educação Conectada em nosso canal no Youtube.

#GestãoHospitalar #Eficiência #Saúde",reels,1253,0,1253,55,8,14,0,2,0,1790,0,1790,79,"0,06304868316"
Facebook,B Braun,2026,6,01/06/2026 21:15:29,Segunda-Feira,https://www.facebook.com/reel/1033066032625274/,https://storage.googleapis.com/brv-valhalla-datalake-public/images/99bd4c66-a143-4300-b4ed-6c0cfc9c6876.jpeg,"A série ""Diálise contínua na UTI: entre evidência, eficiência e sustentabilidade"" começa com uma discussão fundamental: qual é a efetividade da terapia contínua na prática clínica?

Neste primeiro episódio, Dr. Douglas Gemente e Dr. Leonardo Marques compartilham experiências e reflexões sobre os desafios, oportunidades e evidências que envolvem a diálise contínua na UTI, abordando seus impactos na assistência, na gestão e na sustentabilidade dos serviços de saúde.
Uma conversa que conecta diferentes perspectivas para ampliar o debate sobre o cuidado ao paciente crítico.

Assista em breve ao episódio completo no nosso canal do YouTube: youtube.com/@BBRaunBrasil 

E fique atento: no próximo episódio, vamos discutir como inserir a diálise contínua nas negociações com as operadoras e o impacto dessa estratégia para instituições de saúde.",reels,,,222,6,0,0,2,0,,249,0,249,8,"0,03603603604"
Instagram,B Braun,2026,6,01/06/2026 21:14:59,Segunda-Feira,https://www.instagram.com/p/DZDtdHJDQXI,https://storage.googleapis.com/brv-valhalla-datalake-public/images/31f03e0e-66d0-4432-bce8-209e0b184fe4.mp4,"A série ""Diálise contínua na UTI: entre evidência, eficiência e sustentabilidade"" começa com uma discussão fundamental: qual é a efetividade da terapia contínua na prática clínica?

Neste primeiro episódio, Dr. Douglas Gemente e Dr. Leonardo Marques compartilham experiências e reflexões sobre os desafios, oportunidades e evidências que envolvem a diálise contínua na UTI, abordando seus impactos na assistência, na gestão e na sustentabilidade dos serviços de saúde.
Uma conversa que conecta diferentes perspectivas para ampliar o debate sobre o cuidado ao paciente crítico.

Assista em breve ao episódio completo no nosso canal do YouTube. Link na bio!

E fique atento: no próximo episódio, vamos discutir como inserir a diálise contínua nas negociações com as operadoras e o impacto dessa estratégia para instituições de saúde.",reels,1485,0,1485,79,3,3,0,3,0,2022,0,2022,88,"0,05925925926"
Instagram,B Braun,2026,5,25/05/2026 20:06:18,Segunda-Feira,https://www.instagram.com/p/DYxkFwGlEDw,https://storage.googleapis.com/brv-valhalla-datalake-public/images/cedc3b1b-addf-44e1-8f08-da63cd960867.jpeg,"A B. Braun estará presente  no SOBRACIL 2026, um dos principais encontros do Brasil voltados à videocirurgia, robótica e inovação em cirurgia minimamente invasiva.

Durante o congresso, apresentaremos soluções voltadas à precisão cirúrgica e à segurança do paciente, com destaque para a Torre de Vídeo EinsteinVision 3.0 e os instrumentais de laparoscopia.

A programação do evento conta com cirurgias ao vivo, palestras de ponta, mesas-redondas e workshops focados em inovação, cirurgia digital, realidade aumentada e robótica.

📍 28 a 30 de maio
📍 CICB — Brasília/DF

Nos vemos lá!",carrossel ,1140,0,1140,60,2,5,0,1,0,2375,0,2375,68,"0,05964912281"
Facebook,B Braun,2026,5,25/05/2026 20:06:15,Segunda-Feira,https://www.facebook.com/1468339928670354/posts/1440544654783215,https://storage.googleapis.com/brv-valhalla-datalake-public/images/a9bcacb9-86d1-4699-a727-d9c56b8b760d.jpeg,"A B. Braun estará presente  no SOBRACIL 2026, um dos principais encontros do Brasil voltados à videocirurgia, robótica e inovação em cirurgia minimamente invasiva.

Durante o congresso, apresentaremos soluções voltadas à precisão cirúrgica e à segurança do paciente, com destaque para a Torre de Vídeo EinsteinVision 3.0 e os instrumentais de laparoscopia.

A programação do evento conta com cirurgias ao vivo, palestras de ponta, mesas-redondas e workshops focados em inovação, cirurgia digital, realidade aumentada e robótica.

📍 28 a 30 de maio
📍 CICB — Brasília/DF

Nos vemos lá!",galeria,,,159,8,0,0,0,0,,237,0,237,8,"0,05031446541"
Instagram,B Braun,2026,5,22/05/2026 22:31:17,Sexta-Feira,https://www.instagram.com/p/DYqGPIFEzV2,https://storage.googleapis.com/brv-valhalla-datalake-public/images/16d26876-1b38-4280-b273-bc055a718bda.mp4,"Foram dias intensos de conexão, troca e muito aprendizado na Feira Hospitalar 2026.

Entre conversas, demonstrações e encontros com clientes e parceiros, reforçamos algo que acreditamos todos os dias: transformar a saúde exige tecnologia, mas também proximidade, escuta e colaboração.

Obrigado a todos que passaram pelo nosso espaço, compartilharam experiências e fizeram parte desse momento com a B. Braun.

Encerramos essa edição com ainda mais energia para seguir inovando e construindo soluções que fazem a diferença.

Nos vemos em 2027. 💙

#BBraun #FeiraHospitalar2026 #Hospitalar2026 #InovaçãoEmSaúde #Saúde #TecnologiaEmSaúde",reels,2847,0,2847,155,12,27,0,2,0,4488,0,4488,196,"0,06884439761"
Facebook,B Braun,2026,5,22/05/2026 22:30:48,Sexta-Feira,https://www.facebook.com/reel/3744358125703657/,https://storage.googleapis.com/brv-valhalla-datalake-public/images/9f332b2d-34ca-4beb-8753-badac9013654.jpeg,"Foram dias intensos de conexão, troca e muito aprendizado na Feira Hospitalar 2026.

Entre conversas, demonstrações e encontros com clientes e parceiros, reforçamos algo que acreditamos todos os dias: transformar a saúde exige tecnologia, mas também proximidade, escuta e colaboração.

Obrigado a todos que passaram pelo nosso espaço, compartilharam experiências e fizeram parte desse momento com a B. Braun.

Encerramos essa edição com ainda mais energia para seguir inovando e construindo soluções que fazem a diferença.

Nos vemos em 2027. 💙

#BBraun #FeiraHospitalar2026 #Hospitalar2026 #InovaçãoEmSaúde #Saúde #TecnologiaEmSaúde",reels,,,238,7,0,0,4,0,,261,0,262,11,"0,04621848739"
Facebook,B Braun,2026,5,22/05/2026 21:36:47,Sexta-Feira,https://www.facebook.com/reel/989117796933414/,https://storage.googleapis.com/brv-valhalla-datalake-public/images/96042115-217e-4362-b8bd-f9e1b754f784.jpeg,"Participar da Feira Hospitalar vai além de marcar presença em um dos maiores encontros da saúde na América Latina.

É sobre reencontrar parceiros, fortalecer relações, ouvir de perto os desafios do setor e seguir construindo soluções que façam sentido para a realidade dos nossos clientes e, principalmente, dos pacientes.

Neste vídeo, diferentes lideranças da B. Braun compartilham uma perspectiva em comum: a Hospitalar é um espaço estratégico de conexão, troca e evolução contínua.

Da primeira participação à quinta edição, uma certeza permanece: estar próximo do mercado, atento às transformações da saúde e comprometido com a inovação faz parte de quem somos.

Seguimos fortalecendo nossa presença, ampliando conexões e reafirmando nosso propósito de proteger e melhorar a saúde das pessoas.

#BBraun #FeiraHospitalar2026 #Hospitalar2026 #Healthcare #InovacaoEmSaude #TecnologiaEmSaude #Saude #BbraunBrasil",reels,,,348,12,4,0,13,0,,397,0,397,29,"0,08333333333"
Instagram,B Braun,2026,5,22/05/2026 21:36:47,Sexta-Feira,https://www.instagram.com/p/DYp__6vEgQc,https://storage.googleapis.com/brv-valhalla-datalake-public/images/6e09e3ed-76f3-416d-9ffd-f6b7e463cb7c.mp4,"Participar da Feira Hospitalar vai além de marcar presença em um dos maiores encontros da saúde na América Latina.

É sobre reencontrar parceiros, fortalecer relações, ouvir de perto os desafios do setor e seguir construindo soluções que façam sentido para a realidade dos nossos clientes e, principalmente, dos pacientes.

Neste vídeo, diferentes lideranças da B. Braun compartilham uma perspectiva em comum: a Hospitalar é um espaço estratégico de conexão, troca e evolução contínua.

Da primeira participação à quinta edição, uma certeza permanece: estar próximo do mercado, atento às transformações da saúde e comprometido com a inovação faz parte de quem somos.

Seguimos fortalecendo nossa presença, ampliando conexões e reafirmando nosso propósito de proteger e melhorar a saúde das pessoas.

#BBraun #FeiraHospitalar2026 #Hospitalar2026 #Healthcare #InovacaoEmSaude #TecnologiaEmSaude #Saude #BbraunBrasil",reels,1657,0,1657,261,16,7,0,2,0,2887,0,2887,286,"0,1726010863"
Instagram,B Braun,2026,5,21/05/2026 21:01:45,Quinta-Feira,https://www.instagram.com/p/DYnXNW6jdYF,https://storage.googleapis.com/brv-valhalla-datalake-public/images/3889b1cc-372d-4251-8a9c-eb2f5a9c8e2f.mp4,"Mais segurança, organização e eficiência para a rotina do centro cirúrgico.

O Aesculap® Container System foi desenvolvido para esterilizar, transportar e armazenar instrumentais cirúrgicos com mais praticidade, proteção e sustentabilidade.

Uma solução pensada para otimizar processos e apoiar a performance dos ambientes hospitalares. Quer ver de perto?

Esperamos você no nosso estande na Feira Hospitalar 2026.

#BBraun #Aesculap #Hospitalar2026 #CentroCirúrgico #CME #TecnologiaMédica #InovaçãoEmSaúde #Sustentabilidade",reels,1756,0,1756,138,1,17,0,1,0,2671,0,2671,157,"0,08940774487"
Facebook,B Braun,2026,5,21/05/2026 21:01:36,Quinta-Feira,https://www.facebook.com/reel/27817534254516596/,https://storage.googleapis.com/brv-valhalla-datalake-public/images/f032c4bf-2017-4864-8b3e-60992f0c4da1.jpeg,"Mais segurança, organização e eficiência para a rotina do centro cirúrgico.

O Aesculap® Container System foi desenvolvido para esterilizar, transportar e armazenar instrumentais cirúrgicos com mais praticidade, proteção e sustentabilidade.

Uma solução pensada para otimizar processos e apoiar a performance dos ambientes hospitalares. Quer ver de perto?

Esperamos você no nosso estande na Feira Hospitalar 2026.

#BBraun #Aesculap #Hospitalar2026 #CentroCirúrgico #CME #TecnologiaMédica #InovaçãoEmSaúde #Sustentabilidade",reels,,,139,7,0,0,1,0,,155,0,156,8,"0,05755395683"
Facebook,B Braun,2026,5,21/05/2026 19:00:58,Quinta-Feira,https://www.facebook.com/reel/3365649870275467/,https://storage.googleapis.com/brv-valhalla-datalake-public/images/adde9a29-39a0-4bed-b039-551cebbdc979.jpeg,"Em uma UTI, cada segundo importa e a tecnologia precisa acompanhar esse ritmo.

A OMNI® foi desenvolvida para apoiar profissionais de saúde com mais praticidade, eficiência e segurança na rotina de cuidados intensivos.

Com uma solução intuitiva, flexível e pensada para a dinâmica da UTI, a tecnologia se torna uma aliada para decisões mais ágeis e processos mais eficientes.

Porque inovação em saúde também significa simplificar o cuidado.

#BBraun #OMNI #UTI #TecnologiaMédica #InovaçãoEmSaúde CuidadosIntensivos SegurançaDoPaciente",reels,,,179,6,0,0,5,0,,198,0,199,11,"0,06145251397"
Instagram,B Braun,2026,5,21/05/2026 19:00:42,Quinta-Feira,https://www.instagram.com/p/DYnJOoOO3jf,https://storage.googleapis.com/brv-valhalla-datalake-public/images/2820d728-128b-434b-8259-b5e3677e9d84.mp4,"Em uma UTI, cada segundo importa e a tecnologia precisa acompanhar esse ritmo.

A OMNI® foi desenvolvida para apoiar profissionais de saúde com mais praticidade, eficiência e segurança na rotina de cuidados intensivos.

Com uma solução intuitiva, flexível e pensada para a dinâmica da UTI, a tecnologia se torna uma aliada para decisões mais ágeis e processos mais eficientes.

Porque inovação em saúde também significa simplificar o cuidado.

#BBraun #OMNI #UTI #TecnologiaMédica #InovaçãoEmSaúde",reels,1872,0,1872,203,5,9,0,1,0,2839,0,2839,218,"0,1164529915"
Facebook,B Braun,2026,5,21/05/2026 12:01:19,Quinta-Feira,https://www.facebook.com/reel/1786176469410491/,https://storage.googleapis.com/brv-valhalla-datalake-public/images/4e943057-8608-4e74-b8f8-3733bb75b8a2.jpeg,"Vai estar na Feira Hospitalar 2026? 📍 

Então você não pode deixar de visitar o nosso estande D-31, no setor de equipamentos. Venha conhecer de perto as tecnologias que apoiam o cuidado da saúde há mais de 180 anos.

Esperamos a sua visita.

#FeiraHospitalar2026",reels,,,132,5,0,0,1,0,,154,0,154,6,"0,04545454545"
Instagram,B Braun,2026,5,21/05/2026 12:00:50,Quinta-Feira,https://www.instagram.com/p/DYmZT_8EhbC,https://storage.googleapis.com/brv-valhalla-datalake-public/images/bf095768-a8c7-40f6-91ff-bba25a6e3c88.mp4,"Vai estar na Feira Hospitalar 2026? 📍 

Então você não pode deixar de visitar o nosso estande D-31, no setor de equipamentos. Venha conhecer de perto as tecnologias que apoiam o cuidado da saúde há mais de 180 anos.

Esperamos a sua visita.

#FeiraHospitalar2026",reels,2369,0,2369,73,0,17,0,0,0,3508,0,3508,90,"0,03799071338"
Instagram,B Braun,2026,5,20/05/2026 21:00:57,Quarta-Feira,https://www.instagram.com/p/DYkyUMEDHqi,https://storage.googleapis.com/brv-valhalla-datalake-public/images/b688f692-0e5f-40bb-9a8a-beef49876fb8.mp4,"E se a tecnologia pudesse transformar a experiência de toda a equipe na sala cirúrgica?

O Aesculap Aeos® une visualização digital ampliada, assistência robótica e ergonomia de ponta para elevar os padrões de precisão e integração no ecossistema hospitalar.

Porque inovar em saúde é enxergar novas possibilidades.

#BBraun #Aesculap #InovaçãoEmSaúde #CirurgiaDigital #TecnologiaMédica",reels,3255,0,3255,213,6,43,0,5,0,5427,0,5427,267,"0,08202764977"
Facebook,B Braun,2026,5,20/05/2026 21:00:33,Quarta-Feira,https://www.facebook.com/reel/945983785101484/,https://storage.googleapis.com/brv-valhalla-datalake-public/images/7fad1729-9ec9-4055-b484-c8e4df023560.jpeg,"E se a tecnologia pudesse transformar a experiência de toda a equipe na sala cirúrgica?

O Aesculap Aeos® une visualização digital ampliada, assistência robótica e ergonomia de ponta para elevar os padrões de precisão e integração no ecossistema hospitalar.

Porque inovar em saúde é enxergar novas possibilidades.

#BBraun #Aesculap #InovaçãoEmSaúde #CirurgiaDigital #TecnologiaMédica",reels,,,91,5,0,0,0,0,,105,0,105,5,"0,05494505495"
Instagram,B Braun,2026,5,20/05/2026 18:58:57,Quarta-Feira,https://www.instagram.com/p/DYkkWpfCOZG,https://storage.googleapis.com/brv-valhalla-datalake-public/images/92c4989f-3a59-4cfb-b010-139565a70192.mp4,"Na terapia de infusão, informação em tempo real faz a diferença.

Com a tecnologia Space®plus, conectividade, segurança e eficiência se unem para apoiar fluxos clínicos mais integrados e decisões mais ágeis à beira-leito.

Uma solução desenvolvida para acompanhar a evolução dos ambientes hospitalares e contribuir para um cuidado cada vez mais inteligente.

#BBraun #SpacePlus #TecnologiaMédica #Infusão #SegurançaDoPaciente #InovaçãoEmSaúde #HospitalDigital",reels,3834,0,3834,229,5,38,0,1,0,5836,0,5836,273,"0,07120500782"
Facebook,B Braun,2026,5,20/05/2026 18:58:54,Quarta-Feira,https://www.facebook.com/reel/1389943093178761/,https://storage.googleapis.com/brv-valhalla-datalake-public/images/1dc6d82b-8533-4a8a-846c-73f9542b277f.jpeg,"Na terapia de infusão, informação em tempo real faz a diferença.

Com a tecnologia Space®plus, conectividade, segurança e eficiência se unem para apoiar fluxos clínicos mais integrados e decisões mais ágeis à beira-leito.

Uma solução desenvolvida para acompanhar a evolução dos ambientes hospitalares e contribuir para um cuidado cada vez mais inteligente.

#BBraun #SpacePlus #TecnologiaMédica #Infusão #SegurançaDoPaciente #InovaçãoEmSaúde #HospitalDigital",reels,,,93,3,1,0,1,0,,110,0,110,5,"0,05376344086"
Facebook,B Braun,2026,5,19/05/2026 21:10:14,Terça-Feira,https://www.facebook.com/reel/1475221970757142/,https://storage.googleapis.com/brv-valhalla-datalake-public/images/5b3807fe-c246-4755-ad85-7fc15b84a765.jpeg,"Começou a Hospitalar 2026! 💙

A Mônica Langkammer, gerente de Comunicação e Marketing da B. Braun, abre a cobertura direto da maior feira de saúde da América Latina.

Um encontro que conecta inovação, conhecimento e cuidado para responder aos desafios da saúde de hoje e do futuro.

Ao longo dos próximos dias, vamos mostrar como a tecnologia se transforma em soluções que apoiam profissionais, instituições e pacientes todos os dias.

Acompanhe nossa cobertura e descubra o que preparamos para você.",reels,,,502,8,3,1,16,0,,550,0,551,28,"0,05577689243"
Instagram,B Braun,2026,5,19/05/2026 21:09:38,Terça-Feira,https://www.instagram.com/p/DYiOgx6EnAW,https://storage.googleapis.com/brv-valhalla-datalake-public/images/70cfb29c-9929-4df7-abda-14c5e8d40298.mp4,"Começou a Hospitalar 2026! 💙

A Mônica Langkammer, gerente de Comunicação e Marketing da B. Braun, abre a cobertura direto da maior feira de saúde da América Latina.

Um encontro que conecta inovação, conhecimento e cuidado para responder aos desafios da saúde de hoje e do futuro.

Ao longo dos próximos dias, vamos mostrar como a tecnologia se transforma em soluções que apoiam profissionais, instituições e pacientes todos os dias.

Acompanhe nossa cobertura e descubra o que preparamos para você.",reels,2851,0,2851,189,7,33,0,4,0,4715,0,4715,233,"0,08172571028"
Instagram,B Braun,2026,5,18/05/2026 21:39:22,Segunda-Feira,https://www.instagram.com/p/DYftLQnkxcD,https://storage.googleapis.com/brv-valhalla-datalake-public/images/5dd40dbf-b8f9-4921-9e8a-b9d6fed08ed2.jpeg,"Na Feira Hospitalar 2026, o estande da B. Braun vai além da tecnologia. Passe pelos espaços da Aesculap Academy e da Assistência Técnica B. Braun e veja de perto as inovações que estão transformando o futuro da saúde.

Esperamos você por lá.",carrossel ,3751,0,3751,116,0,38,0,2,0,7153,0,7153,156,"0,04158890962"
Facebook,B Braun,2026,5,18/05/2026 21:39:17,Segunda-Feira,https://www.facebook.com/1468339928670354/posts/1434318145405866,https://storage.googleapis.com/brv-valhalla-datalake-public/images/c2704177-13c2-4dd0-ba50-8461dc6062b7.jpeg,"Na Feira Hospitalar 2026, o estande da B. Braun vai além da tecnologia. Passe pelos espaços da Aesculap Academy e da Assistência Técnica B. Braun e veja de perto as inovações que estão transformando o futuro da saúde.

Esperamos você por lá.",galeria,,,195,8,0,1,5,0,,312,0,312,14,"0,07179487179"
Facebook,B Braun,2026,5,18/05/2026 15:02:36,Segunda-Feira,https://www.facebook.com/reel/1810740617009521/,https://storage.googleapis.com/brv-valhalla-datalake-public/images/c1e6eae9-98bd-4e0e-83e1-84fa60168b72.jpeg,"Ainda dá tempo de fazer parte do Programa de Estágio 2026.2 da B. Braun. 🚀

Se você está cursando a partir do 4º período da faculdade, essa é a oportunidade de desenvolver sua carreira em uma empresa global da área da saúde.

Mas corra: as inscrições vão só até hoje, 18 de maio.
Acesse jobs.bbraun.com e faça sua inscrição. 💙",reels,,,1,2,0,0,0,0,,2,0,0,2,2
Instagram,B Braun,2026,5,18/05/2026 15:02:07,Segunda-Feira,https://www.instagram.com/p/DYe_qVBjcoR,https://storage.googleapis.com/brv-valhalla-datalake-public/images/b75d8e7b-09aa-44dc-b56c-69953b4725f6.mp4,"Ainda dá tempo de fazer parte do Programa de Estágio 2026.2 da B. Braun. 🚀

Se você está cursando a partir do 4º período da faculdade, essa é a oportunidade de desenvolver sua carreira em uma empresa global da área da saúde.

Mas corra: as inscrições vão só até hoje, 18 de maio.
Acesse nosso link na bio e faça sua inscrição. 💙",reels,1374,0,1374,47,0,4,0,3,0,2070,0,2070,54,"0,03930131004"
Instagram,B Braun,2026,5,15/05/2026 22:09:51,Sexta-Feira,https://www.instagram.com/p/DYYCOOjGhUE,https://storage.googleapis.com/brv-valhalla-datalake-public/images/21f2a97f-3a96-4e75-9dea-d7a7e1187a49.mp4,"A B. Braun marca presença na Feira Hospitalar 2026 apresentando tecnologias que unem inovação, precisão e segurança para apoiar o cuidado em saúde.

Conheça de perto soluções como AEOS®, SpacePlus e OMNI®, desenvolvidas para transformar a rotina hospitalar e contribuir para decisões mais seguras e eficientes.

Esperamos você em nosso estande.",reels,5787,0,5787,288,4,67,0,5,0,9138,0,9138,364,"0,06289960256"
Facebook,B Braun,2026,5,15/05/2026 22:09:44,Sexta-Feira,https://www.facebook.com/reel/996833932792059/,https://storage.googleapis.com/brv-valhalla-datalake-public/images/2bb19eeb-b8c0-4f02-8ab5-d6aa03eac251.jpeg,"A B. Braun marca presença na Feira Hospitalar 2026 apresentando tecnologias que unem inovação, precisão e segurança para apoiar o cuidado em saúde.

Conheça de perto soluções como AEOS®, SpacePlus e OMNI®, desenvolvidas para transformar a rotina hospitalar e contribuir para decisões mais seguras e eficientes.

Esperamos você em nosso estande.",reels,,,791,16,1,0,9,0,,872,0,873,26,"0,03286978508"
Facebook,B Braun,2026,5,14/05/2026 22:12:10,Quinta-Feira,https://www.facebook.com/reel/1336176235103046/,https://storage.googleapis.com/brv-valhalla-datalake-public/images/b3b7f6da-b011-4408-9ff2-8c6f38decd71.jpeg,"Perguntamos para nossos estagiários sobre o Programa de Estágio da B. Braun e o resultado foi esse, vem ver! 

Se você busca um ambiente dinâmico e inovador para começar, seu lugar é aqui. E aí, bora fazer parte disso? 

Confira os detalhes e inscreva-se pelo link na nossa bio. 🤳

#BBraun #VagasAbertas #Estagio",reels,,,734,9,0,0,12,0,,796,0,796,21,"0,02861035422"
Instagram,B Braun,2026,5,14/05/2026 22:11:56,Quinta-Feira,https://www.instagram.com/p/DYVdlEExcBs,https://storage.googleapis.com/brv-valhalla-datalake-public/images/aabf59bc-a7f2-4c87-acf1-978f844d677a.mp4,"Perguntamos para nossos estagiários sobre o Programa de Estágio da B. Braun e o resultado foi esse, vem ver! 

Se você busca um ambiente dinâmico e inovador para começar, seu lugar é aqui. E aí, bora fazer parte disso? 

Confira os detalhes e inscreva-se pelo link na nossa bio. 🤳

#BBraun #VagasAbertas #Estagio",reels,3050,0,3050,285,16,37,0,14,0,5188,0,5188,352,"0,1154098361"
Instagram,B Braun,2026,5,12/05/2026 13:57:32,Terça-Feira,https://www.instagram.com/p/DYPbjcbCWNd,https://storage.googleapis.com/brv-valhalla-datalake-public/images/c5b3ca53-e3d5-42f3-aa15-4d2909e2401b.jpeg,"Cuidar vai muito além do gesto: é análise, decisão e responsabilidade em cada etapa.

No dia a dia da enfermagem, são os detalhes, muitas vezes invisíveis, que garantem segurança, qualidade e vida.

Hoje, no Dia Mundial da Enfermagem, reconhecemos quem está por trás de cada cuidado, fazendo escolhas que realmente fazem a diferença. 💚",carrossel ,3684,0,3684,128,3,39,0,2,0,6454,0,6454,172,"0,04668838219"
Facebook,B Braun,2026,5,12/05/2026 13:57:27,Terça-Feira,https://www.facebook.com/1468339928670354/posts/1428809505956730,https://storage.googleapis.com/brv-valhalla-datalake-public/images/11eb6f4b-9f18-43dd-944e-7dc8079988b3.jpeg,"Cuidar vai muito além do gesto: é análise, decisão e responsabilidade em cada etapa.

No dia a dia da enfermagem, são os detalhes, muitas vezes invisíveis, que garantem segurança, qualidade e vida.

Hoje, no Dia Mundial da Enfermagem, reconhecemos quem está por trás de cada cuidado, fazendo escolhas que realmente fazem a diferença. 💚",galeria,,,476,13,0,0,9,0,,654,0,654,22,"0,04621848739"
Instagram,B Braun,2026,5,11/05/2026 12:02:04,Segunda-Feira,https://www.instagram.com/p/DYMpfitgW0O,https://storage.googleapis.com/brv-valhalla-datalake-public/images/bbfacdf7-5e22-4834-90d6-957316444b47.mp4,"Pergunta rápida: seu próximo passo profissional pode começar agora? 👀💬

No Programa de Estágio da B. Braun, estudantes a partir do 4º período da faculdade encontram oportunidades em diferentes áreas, com espaço para aprender, se desenvolver e viver novos desafios profissionais.

As inscrições vão até 18 de maio. Então aproveite essa oportunidade, acesse nosso link na bio e faça sua inscrição.🚀💙",reels,3860,0,3860,274,15,57,0,9,0,6403,0,6403,355,"0,09196891192"
Facebook,B Braun,2026,5,11/05/2026 12:01:40,Segunda-Feira,https://www.facebook.com/reel/823068887221806/,https://storage.googleapis.com/brv-valhalla-datalake-public/images/112b8418-5cf1-45dd-a558-5b3a99726fd4.jpeg,"Pergunta rápida: seu próximo passo profissional pode começar agora? 👀💬

No Programa de Estágio da B. Braun, estudantes a partir do 4º período da faculdade encontram oportunidades em diferentes áreas, com espaço para aprender, se desenvolver e viver novos desafios profissionais.

As inscrições vão até 18 de maio. Então aproveite essa oportunidade, acesse o link e faça sua inscrição: https://jobs.bbraun.com/?locale=pt_PT  🚀💙",reels,,,2747,22,0,4,33,0,,2950,0,2953,59,"0,02147797597"
Instagram,B Braun,2026,5,08/05/2026 19:36:11,Sexta-Feira,https://www.instagram.com/p/DYFvIV3k0ut,https://storage.googleapis.com/brv-valhalla-datalake-public/images/184b1497-8aec-4875-9101-2b4d1a7cf288.jpeg,"Tudo começou em 1839, com a aquisição de uma farmácia na Alemanha.

Décadas depois, vieram avanços pioneiros, como o desenvolvimento de suturas esterilizadas, soluções de infusão e tecnologias que ajudaram a transformar a medicina moderna.

Com presença global, a B. Braun segue evoluindo ao lado de profissionais de saúde, levando inovação e segurança para milhões de pessoas.

E essa história continua.
Na Hospitalar 2026, você poderá ver de perto como seguimos impulsionando o futuro da saúde.

#BBraun #SharingExpertise #Hospitalar2026 #Saúde #Inovação #TecnologiaMédica",carrossel ,2033,0,2033,127,5,22,0,3,0,4464,0,4464,157,"0,07722577472"
Facebook,B Braun,2026,5,08/05/2026 19:36:07,Sexta-Feira,https://www.facebook.com/1468339928670354/posts/1425482239622790,https://storage.googleapis.com/brv-valhalla-datalake-public/images/855224ef-33fb-4de1-9106-2a2e3823f5ff.jpeg,"Tudo começou em 1839, com a aquisição de uma farmácia na Alemanha.

Décadas depois, vieram avanços pioneiros, como o desenvolvimento de suturas esterilizadas, soluções de infusão e tecnologias que ajudaram a transformar a medicina moderna.

Com presença global, a B. Braun segue evoluindo ao lado de profissionais de saúde, levando inovação e segurança para milhões de pessoas.

E essa história continua.
Na Hospitalar 2026, você poderá ver de perto como seguimos impulsionando o futuro da saúde.

#BBraun #SharingExpertise #Hospitalar2026 #Saúde #Inovação #TecnologiaMédica",galeria,,,330,9,0,1,12,0,,476,0,476,22,"0,06666666667"
Instagram,B Braun,2026,5,08/05/2026 13:07:05,Sexta-Feira,https://www.instagram.com/p/DYFCii4oJuI,https://storage.googleapis.com/brv-valhalla-datalake-public/images/e3d63cbc-51bc-42dc-9375-656dd0d9f80c.mp4,"Hoje é dia de relembrar um cuidado que salva vidas. 🧼✋ Celebramos o Dia Mundial de Higiene das Mãos com uma ação incrível que passou por nossas unidades em Guaxindiba, Arsenal, Flamengo e São Paulo. 

Foi um momento de reforçar nossos protocolos de segurança de um jeito leve e muito interativo!

Os nossos colaboradores puderam testar a eficácia da higienização com o nosso álcool e ainda participaram de um quiz exclusivo com direito a brindes para quem estava com o conhecimento em dia. 

Proteger a saúde começa pelas nossas mãos. E por aqui, esse compromisso é levado a sério! 

#BBraun #Higiene #SegurançaDoPaciente #Prevenção",reels,2115,0,2115,249,5,4,0,2,0,3528,0,3528,260,"0,1229314421"
Facebook,B Braun,2026,5,08/05/2026 13:07:02,Sexta-Feira,https://www.facebook.com/reel/2169540910290208/,https://storage.googleapis.com/brv-valhalla-datalake-public/images/f8a5a001-ce79-4af7-b230-6744b667c946.jpeg,"Hoje é dia de relembrar um cuidado que salva vidas. 🧼✋ Celebramos o Dia Mundial de Higiene das Mãos com uma ação incrível que passou por nossas unidades em Guaxindiba, Arsenal, Flamengo e São Paulo. 

Foi um momento de reforçar nossos protocolos de segurança de um jeito leve e muito interativo!

Os nossos colaboradores puderam testar a eficácia da higienização com o nosso álcool e ainda participaram de um quiz exclusivo com direito a brindes para quem estava com o conhecimento em dia. 

Proteger a saúde começa pelas nossas mãos. E por aqui, esse compromisso é levado a sério! 

#BBraun #Higiene #SegurançaDoPaciente #Prevenção",reels,,,453,19,0,2,16,0,,534,0,534,37,"0,08167770419"
Facebook,B Braun,2026,5,07/05/2026 21:08:32,Quinta-Feira,https://www.facebook.com/reel/1303431421149986/,https://storage.googleapis.com/brv-valhalla-datalake-public/images/99b87a26-7c61-4637-9121-b1a3767a632b.jpeg,"A conversa sobre inovação em cirurgia da coluna já não está mais no campo da expectativa. Ela está acontecendo agora.

Durante o congresso da Sociedade Brasileira de Coluna, em Curitiba, o que se viu foi mais do que presença, foi movimento. Cirurgiões, parceiros, distribuidores e especialistas reunidos em torno de um mesmo objetivo: evoluir o padrão de tratamento.

No estande da B. Braun, esse movimento ganha forma com soluções integradas que conectam tecnologia, prática cirúrgica e resultado clínico. E no centro dessa conversa, um ponto claro: o avanço de sistemas como o Ennovate Cervical, já consolidado internacionalmente, e que agora começa a ganhar espaço também no Brasil.

Mais do que apresentar um produto, o momento é de troca, validação e construção de futuro. Porque, no final, toda inovação só faz sentido quando melhora o que realmente importa: o cuidado com o paciente.",reels,,,397,11,3,1,1,0,,472,0,473,16,"0,040302267"
Instagram,B Braun,2026,5,07/05/2026 21:07:48,Quinta-Feira,https://www.instagram.com/p/DYDUvndD5V_,https://storage.googleapis.com/brv-valhalla-datalake-public/images/28a41489-0ee1-4b6d-bcea-b7b8f5ef329e.mp4,"A conversa sobre inovação em cirurgia da coluna já não está mais no campo da expectativa. Ela está acontecendo agora.

Durante o congresso da Sociedade Brasileira de Coluna, em Curitiba, o que se viu foi mais do que presença, foi movimento. Cirurgiões, parceiros, distribuidores e especialistas reunidos em torno de um mesmo objetivo: evoluir o padrão de tratamento.

No estande da B. Braun, esse movimento ganha forma com soluções integradas que conectam tecnologia, prática cirúrgica e resultado clínico. E no centro dessa conversa, um ponto claro: o avanço de sistemas como o Ennovate Cervical, já consolidado internacionalmente, e que agora começa a ganhar espaço também no Brasil.

Mais do que apresentar um produto, o momento é de troca, validação e construção de futuro. Porque, no final, toda inovação só faz sentido quando melhora o que realmente importa: o cuidado com o paciente.",reels,1341,0,1341,85,5,4,0,0,0,1892,0,1892,94,"0,07009694258"
Instagram,B Braun,2026,5,07/05/2026 18:36:07,Quinta-Feira,https://www.instagram.com/p/DYDDdUVk-SP,https://storage.googleapis.com/brv-valhalla-datalake-public/images/22ffe692-c8b4-4aed-b45c-ca3639c3b41f.jpeg,"O Programa de Estágio B. Braun 2026.2 está com vagas abertas. ✨

São oportunidades em diferentes áreas e localidades, para estudantes que querem desenvolver sua carreira em um ambiente de aprendizado, inovação e cuidado com a vida.

As vagas estão distribuídas entre:
Arsenal (São Gonçalo), Flamengo (RJ) e Guaxindiba (São Gonçalo)

👉 Acesse o link na bio e confira todos os detalhes.",imagem,16902,0,16902,639,34,384,0,109,0,30123,0,30123,1166,"0,06898591883"
Facebook,B Braun,2026,5,07/05/2026 18:36:04,Quinta-Feira,https://www.facebook.com/1468339928670354/posts/1424602833044064,https://storage.googleapis.com/brv-valhalla-datalake-public/images/dff867d4-46cd-45ca-8484-825a483bbe9c.jpeg,"O Programa de Estágio B. Braun 2026.2 está com vagas abertas. ✨

São oportunidades em diferentes áreas e localidades, para estudantes que querem desenvolver sua carreira em um ambiente de aprendizado, inovação e cuidado com a vida.

As vagas estão distribuídas entre:
Arsenal (São Gonçalo), Flamengo (RJ) e Guaxindiba (São Gonçalo)

👉 Acesse o site e confira todos os detalhes, cursos elegíveis e requisitos para inscrição: https://jobs.bbraun.com/?locale=pt_PT",imagem,,,27544,122,5,32,1004,0,,37392,0,37392,1163,"0,04222335173"
Instagram,B Braun,2026,5,05/05/2026 20:22:07,Terça-Feira,https://www.instagram.com/p/DX-F8_0AeL7,https://storage.googleapis.com/brv-valhalla-datalake-public/images/8b6d2fb9-22f7-43fd-b02a-98b30ec654e9.mp4,"Um gesto simples, mas com um impacto enorme na saúde de todos. 💙

No Dia Mundial da Higienização das Mãos, reforçamos a importância dessa prática essencial para prevenir infecções e promover mais segurança no cuidado com pacientes e profissionais de saúde.

Criada em 2009, a data faz parte de um movimento global que incentiva hábitos corretos e contínuos, fortalecendo a prevenção e contribuindo para reduzir a disseminação de microrganismos.

Seguimos juntos na promoção de práticas mais seguras, com responsabilidade, consistência e compromisso com a saúde.",reels,2623,0,2623,85,1,22,0,0,0,3307,0,3307,108,"0,04117422798"
Facebook,B Braun,2026,5,05/05/2026 20:22:03,Terça-Feira,https://www.facebook.com/reel/1672370250570905/,https://storage.googleapis.com/brv-valhalla-datalake-public/images/e109a552-a8d7-4a1b-87cb-fbafd39bd35b.jpeg,"Um gesto simples, mas com um impacto enorme na saúde de todos. 💙

No Dia Mundial da Higienização das Mãos, reforçamos a importância dessa prática essencial para prevenir infecções e promover mais segurança no cuidado com pacientes e profissionais de saúde.

Criada em 2009, a data faz parte de um movimento global que incentiva hábitos corretos e contínuos, fortalecendo a prevenção e contribuindo para reduzir a disseminação de microrganismos.

Seguimos juntos na promoção de práticas mais seguras, com responsabilidade, consistência e compromisso com a saúde.",reels,,,197,8,0,0,0,0,,224,0,224,8,"0,04060913706"
Facebook,B Braun,2026,5,04/05/2026 23:57:08,Segunda-Feira,https://www.facebook.com/1468339928670354/posts/1422318896605791,https://storage.googleapis.com/brv-valhalla-datalake-public/images/9fbc46ba-e4b1-4135-8071-b21800c62c10.jpeg,"A excelência no cuidado vai muito além da rotina, ela se traduz em práticas que salvam vidas todos os dias. 
O Prêmio Excelência em Higiene das Mãos América Latina 2026, promovido pela Aesculap Academy com apoio da OMS, reconhece instituições que colocam a segurança do paciente no centro de tudo.
Participar dessa iniciativa é mais do que concorrer a um prêmio é fortalecer a cultura de qualidade dentro da sua instituição. Confira os benefícios:
✔ Reconhecimento institucional em toda a América Latina
✔ Valorização dos profissionais de saúde envolvidos
✔ Certificação para todos os finalistas
✔ Visita de uma delegação internacional da Aesculap Academy e da OMS
✔ Ampla divulgação da instituição vencedora para a comunidade de saúde
A instituição vencedora se torna referência em excelência, com impacto direto na confiança de pacientes, parceiros e todo o ecossistema da saúde.
📅 Inscreva sua instituição até 05/05/2026 pelo site:
 www.hhea.info",imagem,,,301,11,0,0,6,0,,409,0,409,17,"0,05647840532"
Instagram,B Braun,2026,5,04/05/2026 23:57:01,Segunda-Feira,https://www.instagram.com/p/DX75wC6ImX3,https://storage.googleapis.com/brv-valhalla-datalake-public/images/f5f5dfbd-8249-47b9-9353-14c7007ed58c.jpeg,"A excelência no cuidado vai muito além da rotina, ela se traduz em práticas que salvam vidas todos os dias. 
O Prêmio Excelência em Higiene das Mãos América Latina 2026, promovido pela Aesculap Academy com apoio da OMS, reconhece instituições que colocam a segurança do paciente no centro de tudo.
Participar dessa iniciativa é mais do que concorrer a um prêmio é fortalecer a cultura de qualidade dentro da sua instituição. Confira os benefícios:
✔ Reconhecimento institucional em toda a América Latina
✔ Valorização dos profissionais de saúde envolvidos
✔ Certificação para todos os finalistas
✔ Visita de uma delegação internacional da Aesculap Academy e da OMS
✔ Ampla divulgação da instituição vencedora para a comunidade de saúde
A instituição vencedora se torna referência em excelência, com impacto direto na confiança de pacientes, parceiros e todo o ecossistema da saúde.
📅 Inscreva sua instituição até 05/05/2026 pelo site:
 www.hhea.info",imagem,937,0,937,32,2,3,0,2,0,1542,0,1542,39,"0,04162219851"
Instagram,B Braun,2026,4,30/04/2026 20:48:51,Quinta-Feira,https://www.instagram.com/p/DXxRFiqlJBJ,https://storage.googleapis.com/brv-valhalla-datalake-public/images/93d9c56c-befa-4f11-9f4c-839dcfe1a44b.jpeg,"A excelência da saúde começa nas mãos de quem cuida. ✋
A higienização das mãos é um gesto simples, mas fundamental para salvar vidas e garantir a segurança dos pacientes.

O Prêmio Excelência em Higiene das Mãos América Latina 2026, promovido pela Aesculap Academy com apoio da OMS e do Hospital Universitário de Genebra, reconhece instituições que levam esse compromisso a sério, transformando boas práticas em referência de excelência. 

Além de visibilidade, sua instituição ganha reconhecimento internacional e fortalece a cultura de segurança entre equipes e pacientes.

📅 Inscreva-se até 05/05/2026 no site da premiação, link na bio.",carrossel ,1157,0,1157,60,1,17,0,2,0,2899,0,2899,80,"0,06914433881"
Facebook,B Braun,2026,4,30/04/2026 20:48:48,Quinta-Feira,https://www.facebook.com/1468339928670354/posts/1418918523612495,https://storage.googleapis.com/brv-valhalla-datalake-public/images/3d5235c6-61a2-4eb6-bc30-6365714611a6.jpeg,"A excelência da saúde começa nas mãos de quem cuida. ✋
A higienização das mãos é um gesto simples, mas fundamental para salvar vidas e garantir a segurança dos pacientes.

O Prêmio Excelência em Higiene das Mãos América Latina 2026, promovido pela Aesculap Academy com apoio da OMS e do Hospital Universitário de Genebra, reconhece instituições que levam esse compromisso a sério, transformando boas práticas em referência de excelência. 

Além de visibilidade, sua instituição ganha reconhecimento internacional e fortalece a cultura de segurança entre equipes e pacientes.

📅 Inscreva-se até 05/05/2026 no site da premiação: https://www.hhea.info/en/regions/america-latina/america-latina-pt.html",galeria,,,210,10,0,0,3,0,,299,0,299,13,"0,0619047619"
Instagram,B Braun,2026,4,30/04/2026 12:01:16,Quinta-Feira,https://www.instagram.com/p/DXwUtc2lGCV,https://storage.googleapis.com/brv-valhalla-datalake-public/images/a833d39e-7a90-4a33-abcd-e29b13a833c0.jpeg,"A nossa alimentação é o combustível do corpo, mas para quem convive com a insuficiência renal, ela é também uma ferramenta de tratamento. 🍎🥦

Quer aprofundar seus conhecimentos sobre a dieta renal e conferir dicas exclusivas?
🔗 Acesse o link na bio e saiba mais.

#BBraun #SaudeRenal #Nutricao #InsuficienciaRenal",carrossel ,786,0,786,47,0,5,0,0,0,1584,0,1584,52,"0,06615776081"
Facebook,B Braun,2026,4,30/04/2026 12:00:55,Quinta-Feira,https://www.facebook.com/1468339928670354/posts/1418578166979864,https://storage.googleapis.com/brv-valhalla-datalake-public/images/38e7aee2-13a2-42e9-936e-f82209934948.jpeg,"A nossa alimentação é o combustível do corpo, mas para quem convive com a insuficiência renal, ela é também uma ferramenta de tratamento. 🍎🥦

Quer aprofundar seus conhecimentos sobre a dieta renal e conferir dicas exclusivas?

🔗 Acesse o link e saiba mais: https://www.bbraun.com/en/patient-care/conditions/chronic-kidney-disease/living-with-renal-failure/renal-diet.html#accordion-a1bd786be7-item-25103e28fb 

#BBraun #SaudeRenal #Nutricao #InsuficienciaRenal",galeria,,,215,9,0,0,3,0,,296,0,296,12,"0,05581395349"
Facebook,B Braun,2026,4,22/04/2026 22:23:41,Quarta-Feira,https://www.facebook.com/1468339928670354/posts/1411945640976450,https://storage.googleapis.com/brv-valhalla-datalake-public/images/df64722e-8477-465b-9a9b-296dbb7b7f86.jpeg,"Estaremos presente no COPA 2026, um dos principais encontros da anestesiologia e da medicina perioperatória no Brasil.

De 23 a 26 de abril, em São Paulo, você acompanha uma programação científica de referência e fica por dentro das inovações que estão transformando a prática clínica.

No evento, teremos o lançamento da bandeja pronta para uso, AnestPack®️, além de soluções do nosso portfólio para mais precisão e segurança na administração de anestésicos, como Stimuplex®️ Ultra 360 e Pencan®️. 

Convidamos você a visitar nosso lounge e conhecer essas soluções de perto.",galeria,,,232,6,0,0,2,0,,345,0,345,8,"0,03448275862"
Instagram,B Braun,2026,4,22/04/2026 22:23:36,Quarta-Feira,https://www.instagram.com/p/DXc1kedESiy,https://storage.googleapis.com/brv-valhalla-datalake-public/images/0ba88146-6c88-4b4b-bb3b-b4a54944caa0.jpeg,"Estaremos presente no COPA 2026, um dos principais encontros da anestesiologia e da medicina perioperatória no Brasil.

De 23 a 26 de abril, em São Paulo, você acompanha uma programação científica de referência e fica por dentro das inovações que estão transformando a prática clínica.

No evento, teremos o lançamento da bandeja pronta para uso, AnestPack®️, além de soluções do nosso portfólio para mais precisão e segurança na administração de anestésicos, como Stimuplex®️ Ultra 360 e Pencan®️. 

Convidamos você a visitar nosso lounge e conhecer essas soluções de perto.",carrossel ,2074,0,2074,78,2,13,0,1,0,4141,0,4141,94,"0,04532304725"
Instagram,B Braun,2026,4,22/04/2026 14:13:39,Quarta-Feira,https://www.instagram.com/p/DXb9f8-Cd6a,https://storage.googleapis.com/brv-valhalla-datalake-public/images/00a73f65-d5a4-4f1b-935a-8d7a02dd213e.jpeg,"As inscrições para o Programa de Estágio B. Braun 2026.2 já estão abertas.
Se você quer crescer em um ambiente que valoriza o aprendizado contínuo, a inovação e o desenvolvimento humano, essa é a sua oportunidade.

Confira as próximas etapas do processo:
📌 Inscrições até 18.05
📌 Dinâmicas e entrevistas nas semanas de 25.05 e 01.06
📌 Início previsto em 10.08

Ah, e para participar, é importante ser estudante universitário com previsão de formatura que permita ao menos 2 anos de estágio.

Inscreva-se agora pelo link na bio.",imagem,5390,0,5390,230,9,76,0,40,0,11651,0,11651,355,"0,06586270872"
Facebook,B Braun,2026,4,22/04/2026 14:13:37,Quarta-Feira,https://www.facebook.com/1468339928670354/posts/1411660497671631,https://storage.googleapis.com/brv-valhalla-datalake-public/images/90ebbb23-5f05-4be0-8a3c-d156f2734187.jpeg,"As inscrições para o Programa de Estágio B. Braun 2026.2 já estão abertas.
Se você quer crescer em um ambiente que valoriza o aprendizado contínuo, a inovação e o desenvolvimento humano, essa é a sua oportunidade.

Confira as próximas etapas do processo:
📌 Inscrições até 18.05
📌 Dinâmicas e entrevistas nas semanas de 25.05 e 01.06
📌 Início previsto em 10.08

Ah, e para participar, é importante ser estudante universitário com previsão de formatura que permita ao menos 2 anos de estágio.

Inscreva-se agora pelo link:  https://jobs.bbraun.com/?locale=pt_PT",imagem,,,4974,22,1,8,91,0,,6373,0,6373,122,"0,02452754322"
Instagram,B Braun,2026,4,20/04/2026 13:42:07,Segunda-Feira,https://www.instagram.com/p/DXWwTQVD0LF,https://storage.googleapis.com/brv-valhalla-datalake-public/images/d068e85b-b05e-4e16-a8e7-8ebfbc764664.jpeg,"O futuro da nutrição clínica já começou e você está convidado para essa conversa.

No dia 22/04, às 15h, acontecerá a 1ª Digital Talks Nutrition, uma iniciativa do Global em parceria com a AAK. Um encontro com especialistas renomados para discutir novos padrões, nutrientes essenciais e soluções modernas em nutrição parenteral.

O evento será online, via plataforma Zoom.
Acesse o link na bio e garanta sua participação.",carrossel ,1168,0,1168,45,3,13,0,1,0,2527,0,2527,62,"0,05308219178"
Facebook,B Braun,2026,4,20/04/2026 13:42:03,Segunda-Feira,https://www.facebook.com/1468339928670354/posts/1409995201171494,https://storage.googleapis.com/brv-valhalla-datalake-public/images/fd139d97-c37d-4414-875b-f031caa9b80d.jpeg,"O futuro da nutrição clínica já começou e você está convidado para essa conversa.

No dia 22/04, às 15h, acontecerá a 1ª Digital Talks Nutrition, uma iniciativa do Global em parceria com a AAK. Um encontro com especialistas renomados para discutir novos padrões, nutrientes essenciais e soluções modernas em nutrição parenteral.

O evento será online, via plataforma Zoom.
Acesse o link e garanta sua participação:
https://eu01web.zoom.us/webinar/register/4417744261986/WN_Hf5uXbAqSYiIgESPo7VknQ#/registration",galeria,,,180,5,0,1,1,0,,275,0,275,7,"0,03888888889"
Instagram,B Braun,2026,4,17/04/2026 22:29:49,Sexta-Feira,https://www.instagram.com/p/DXP-TnNDaTF,https://storage.googleapis.com/brv-valhalla-datalake-public/images/b7aad1d5-b3d0-4c22-8153-d002d87b5868.jpeg,"Estaremos no 20º Congresso da Sociedade Brasileira de Coluna (CSBC). Prepare-se para conhecer soluções que vão além da fusão e elevam o padrão de precisão cirúrgica. 🙌🏻

Lá, iremos lançar do Ennovate® Cervical, um sistema desenvolvido para oferecer versatilidade e segurança para a coluna.

Além disso, nosso time ainda apresentará nossas outras soluções:
🔹 Ennovate® Lombar 
🔹 Arcadius® XP L

Visite nosso estande e descubra como estamos moldando o futuro da cirurgia de coluna.

#BBraun #Aesculap #CSBC2024 #Coluna",carrossel ,1307,0,1307,51,1,8,0,0,0,2751,0,2751,60,"0,04590665647"
Facebook,B Braun,2026,4,17/04/2026 22:29:46,Sexta-Feira,https://www.facebook.com/1468339928670354/posts/1407919604712387,https://storage.googleapis.com/brv-valhalla-datalake-public/images/384d9d90-9efa-4431-8f94-091dda7e3098.jpeg,"Estaremos no 20º Congresso da Sociedade Brasileira de Coluna (CSBC). Prepare-se para conhecer soluções que vão além da fusão e elevam o padrão de precisão cirúrgica. 🙌🏻

Lá, iremos lançar do Ennovate® Cervical, um sistema desenvolvido para oferecer versatilidade e segurança para a coluna.

Além disso, nosso time ainda apresentará nossas outras soluções:
🔹 Ennovate® Lombar 
🔹 Arcadius® XP L

Visite nosso estande e descubra como estamos moldando o futuro da cirurgia de coluna.

#BBraun #Aesculap #CSBC2024 #Coluna",galeria,,,196,5,0,0,2,0,,300,0,300,7,"0,03571428571"
Facebook,B Braun,2026,4,15/04/2026 18:01:42,Quarta-Feira,https://www.facebook.com/1468339928670354/posts/1406126524891695,https://storage.googleapis.com/brv-valhalla-datalake-public/images/261319d6-84e1-4386-85b3-6b39d1ffa077.jpeg,"Estão abertas as inscrições para o Programa de Estágio B. Braun 2026.2. Se você busca um ambiente que valoriza o aprendizado, a inovação e o desenvolvimento humano, o seu lugar é aqui. 🚀

Arraste para o lado e confira as vagas e locais disponíveis.👉 Ah, e você precisa ser estudante universitário com previsão de formatura que permita ao menos 2 anos de estágio.

📲 Acesse o link e confira os detalhes: jobs.bbraun.com/?locale=pt_PT 

#BBraun #Estagio #Carreira",galeria,,,987,30,1,10,172,0,,1841,0,1841,213,"0,2158054711"
Instagram,B Braun,2026,4,15/04/2026 18:01:24,Quarta-Feira,https://www.instagram.com/p/DXKV__BjhAc,https://storage.googleapis.com/brv-valhalla-datalake-public/images/bccf8ac2-250f-47d8-8965-a7a591324bca.jpeg,"Estão abertas as inscrições para o Programa de Estágio B. Braun 2026.2. Se você busca um ambiente que valoriza o aprendizado, a inovação e o desenvolvimento humano, o seu lugar é aqui. 🚀

Arraste para o lado e confira as vagas e locais disponíveis.👉 Ah, e você precisa ser estudante universitário com previsão de formatura que permita ao menos 2 anos de estágio.

📲 Acesse o link na bio e confira os detalhes.

#BBraun #Estagio #Carreira",carrossel ,22812,0,22812,1020,45,587,0,174,0,54751,0,54751,1826,"0,08004559004"
Instagram,B Braun,2026,4,14/04/2026 20:44:12,Terça-Feira,https://www.instagram.com/p/DXID1h6lHK8,https://storage.googleapis.com/brv-valhalla-datalake-public/images/4b679020-76d0-41d4-83fb-87abb7626318.jpeg,"Sua instituição pode ser referência em segurança e qualidade no cuidado. 💚

O Prêmio Excelência em Higiene das Mãos (HHEA) é uma iniciativa da Aesculap Academia, com apoio da Organização Mundial da Saúde, que reconhece clínicas e hospitais que se destacam na prevenção de infecções por meio da higienização das mãos.

Se a sua instituição conta com uma estratégia estruturada, resultados comprovados e liderança no processo, essa é a oportunidade de conquistar reconhecimento internacional. 🏆

📅 Inscreva-se até 05/05 e faça parte dessa iniciativa.

Acesse o site e participe.",carrossel ,2659,0,2659,54,2,19,0,3,0,6283,0,6283,78,"0,02933433622"
Facebook,B Braun,2026,4,14/04/2026 20:44:09,Terça-Feira,https://www.facebook.com/1468339928670354/posts/1405405834963764,https://storage.googleapis.com/brv-valhalla-datalake-public/images/c3bbc53c-fae4-49fc-9cde-7dd75debe46e.jpeg,"Sua instituição pode ser referência em segurança e qualidade no cuidado. 💚

O Prêmio Excelência em Higiene das Mãos (HHEA) é uma iniciativa da Aesculap Academia, com apoio da Organização Mundial da Saúde, que reconhece clínicas e hospitais que se destacam na prevenção de infecções por meio da higienização das mãos.

Se a sua instituição conta com uma estratégia estruturada, resultados comprovados e liderança no processo, essa é a oportunidade de conquistar reconhecimento internacional. 🏆

📅 Inscreva-se até 05/05 e faça parte dessa iniciativa.

Acesse o site e participe: hhea.info/en/regions/america-latina/america-latina-pt.html",galeria,,,254,10,0,2,1,0,,370,0,370,13,"0,05118110236"
Instagram,B Braun,2026,4,14/04/2026 15:23:21,Terça-Feira,https://www.instagram.com/p/DXHfHhWk-Sj,https://storage.googleapis.com/brv-valhalla-datalake-public/images/27485281-2477-44e4-a157-17df3cb9346f.jpeg,"Hoje celebramos o Dia Nacional do Médico Neurocirurgião. Mas, mais do que celebrar a data, queremos honrar a jornada.

São pelo menos 11 anos de formação. Milhares de horas de estudo, plantões e abdicação. Tudo para que, no momento decisivo, a mão seja firme e o diagnóstico seja preciso.🙌🏻

Ser neurocirurgião é aceitar o desafio de cuidar da estrutura mais complexa do corpo humano. É transformar o medo em esperança através da técnica impecável e, acima de tudo, de uma humanidade.

Na B. Braun, temos orgulho de caminhar ao lado desses profissionais, oferecendo tecnologias que potencializam a expertise e soluções que auxiliam em cada desafio no centro cirúrgico. Que honra!💚

#BBraun #Neurocirurgia #DiaDoNeurocirurgiao #Aesculap",carrossel ,1460,0,1460,77,7,11,0,2,0,2826,0,2826,97,"0,06643835616"
Facebook,B Braun,2026,4,14/04/2026 15:23:16,Terça-Feira,https://www.facebook.com/1468339928670354/posts/1405213744982973,https://storage.googleapis.com/brv-valhalla-datalake-public/images/a76771ad-599f-4901-9061-a23e81f731a6.jpeg,"Hoje celebramos o Dia Nacional do Médico Neurocirurgião. Mas, mais do que celebrar a data, queremos honrar a jornada.

São pelo menos 11 anos de formação. Milhares de horas de estudo, plantões e abdicação. Tudo para que, no momento decisivo, a mão seja firme e o diagnóstico seja preciso.🙌🏻

Ser neurocirurgião é aceitar o desafio de cuidar da estrutura mais complexa do corpo humano. É transformar o medo em esperança através da técnica impecável e, acima de tudo, de uma humanidade.

Na B. Braun, temos orgulho de caminhar ao lado desses profissionais, oferecendo tecnologias que potencializam a expertise e soluções que auxiliam em cada desafio no centro cirúrgico. Que honra!💚

#BBraun #Neurocirurgia #DiaDoNeurocirurgiao #Aesculap",galeria,,,255,11,0,0,8,0,,342,0,342,19,"0,07450980392"
Facebook,B Braun,2026,4,10/04/2026 12:52:36,Sexta-Feira,https://www.facebook.com/reel/928126530104637/,https://storage.googleapis.com/brv-valhalla-datalake-public/images/9af7a71b-e522-47e7-8a56-72ef0f0c147a.jpeg,"Relembramos hoje os melhores momentos da nossa Convenção de Vendas. ✨

Foram dias de muito aprendizado, alinhamento estratégico e a certeza de que, juntos, protegemos e melhoramos a saúde das pessoas ao redor do mundo. 

Quem aí estava lá e já está ansioso pelo próximo encontro? Comenta aqui embaixo! 👇

#BBraun #ConvençãoDeVendas #Vendas",reels,,,231,9,0,0,4,0,,278,0,278,13,"0,05627705628"
Instagram,B Braun,2026,4,10/04/2026 12:52:05,Sexta-Feira,https://www.instagram.com/p/DW86hX5AoP7,https://storage.googleapis.com/brv-valhalla-datalake-public/images/8891d1c6-0740-4a8a-ba39-90be8b2b39d2.mp4,"Relembramos hoje os melhores momentos da nossa Convenção de Vendas. ✨

Foram dias de muito aprendizado, alinhamento estratégico e a certeza de que, juntos, protegemos e melhoramos a saúde das pessoas ao redor do mundo. 

Quem aí estava lá e já está ansioso pelo próximo encontro? Comenta aqui embaixo! 👇

#BBraun #ConvençãoDeVendas #Vendas",reels,3678,0,3678,158,12,50,0,5,0,5768,0,5768,225,"0,06117455139"
Facebook,B Braun,2026,4,08/04/2026 17:52:49,Quarta-Feira,https://www.facebook.com/1468339928670354/posts/1400597705444577,https://storage.googleapis.com/brv-valhalla-datalake-public/images/e9b1f217-08b3-4188-bada-40223423294b.jpeg,"Estamos confirmados no XX Congresso Brasileiro de Cirurgia do Joelho! Lá, traremos uma novidade que vai transformar o cenário da ortopedia: o lançamento do Pheno4U.

Além de conferir de perto nossas soluções completas para joelho, teremos a honra de receber Sascha Arno, nosso gerente de produto de navegação diretamente da Alemanha, para um intercâmbio de experiências sobre alta tecnologia cirúrgica.

📅 09 a 11 de abril 
📍 Royal Palm Hall – Campinas/SP

Venha visitar nosso estande e descubra como a tecnologia Orthopilot continua liderando o caminho da excelência.

#BBraun #Ortopedia #CirurgiaDeJoelho #Pheno4U",galeria,,,321,12,0,1,12,0,,468,0,468,25,"0,07788161994"
Instagram,B Braun,2026,4,08/04/2026 17:52:42,Quarta-Feira,https://www.instagram.com/p/DW4TcLBES0A,https://storage.googleapis.com/brv-valhalla-datalake-public/images/e18ba1f9-c9dc-4692-a6f3-e1523c9cb3fd.jpeg,"Estamos confirmados no XX Congresso Brasileiro de Cirurgia do Joelho! Lá, traremos uma novidade que vai transformar o cenário da ortopedia: o lançamento do Pheno4U.

Além de conferir de perto nossas soluções completas para joelho, teremos a honra de receber Sascha Arno, nosso gerente de produto de navegação diretamente da Alemanha, para um intercâmbio de experiências sobre alta tecnologia cirúrgica.

📅 09 a 11 de abril 
📍 Royal Palm Hall – Campinas/SP

Venha visitar nosso estande e descubra como a tecnologia Orthopilot continua liderando o caminho da excelência.

#BBraun #Ortopedia #CirurgiaDeJoelho #Pheno4U",carrossel ,1777,0,1777,64,1,9,0,0,0,3521,0,3521,74,"0,04164321891"
Instagram,B Braun,2026,4,06/04/2026 12:53:34,Segunda-Feira,https://www.instagram.com/p/DWynnbSlEVA,https://storage.googleapis.com/brv-valhalla-datalake-public/images/31e02633-4309-4a94-aadd-15bae80fcf5b.jpeg,"Antes que um produto chegue ao hospital, ele já percorreu um caminho pautado por responsabilidade, ciência e precisão. 

Na B. Braun, a segurança do paciente é pensada desde o desenvolvimento das soluções até os processos produtivos e os controles de qualidade que garantem conformidade e desempenho.

Esse cuidado antecipado é o que sustenta a confiança de profissionais de saúde e instituições em todo o mundo. Porque, para nós, proteger vidas não começa no leito, começa na indústria, na engenharia, na técnica e na ética que orientam cada decisão.

É assim que transformamos conhecimento em segurança e tecnologia em cuidado real.",imagem,2057,0,2057,171,1,3,0,3,0,3507,0,3507,178,"0,08653378707"
Facebook,B Braun,2026,4,06/04/2026 12:53:32,Segunda-Feira,https://www.facebook.com/1468339928670354/posts/1398802108957470,https://storage.googleapis.com/brv-valhalla-datalake-public/images/0e4f2db1-c992-4ea4-a93d-82ecf7a8beef.jpeg,"Antes que um produto chegue ao hospital, ele já percorreu um caminho pautado por responsabilidade, ciência e precisão. 

Na B. Braun, a segurança do paciente é pensada desde o desenvolvimento das soluções até os processos produtivos e os controles de qualidade que garantem conformidade e desempenho.

Esse cuidado antecipado é o que sustenta a confiança de profissionais de saúde e instituições em todo o mundo. Porque, para nós, proteger vidas não começa no leito, começa na indústria, na engenharia, na técnica e na ética que orientam cada decisão.

É assim que transformamos conhecimento em segurança e tecnologia em cuidado real.",imagem,,,7180,115,20,7,309,0,,10734,0,10734,451,"0,06281337047"
Facebook,B Braun,2026,4,02/04/2026 18:00:18,Quinta-Feira,https://www.facebook.com/reel/25916165934728344/,https://storage.googleapis.com/brv-valhalla-datalake-public/images/3e163673-6321-453b-9f48-8cd12e6c72e9.jpeg,"No dia 24/03, na nossa Convenção de Vendas, celebramos o talento e a dedicação que movem a B. Braun: a premiação ""The Best""! 🏆✨

Este é o momento de reconhecer nosso time comercial, que se destacaram por sua excelência e compromisso com o nosso propósito. O Gabriel Amorim bateu um papo com alguns dos premiados para sentir a emoção de perto!

Qual foi o momento mais marcante da premiação para você? Conte aqui nos comentários. 👇

#TheBest #BBraun #Reconhecimento #ConvençãoDeVendas",reels,,,246,8,0,0,12,0,,299,0,300,20,"0,08130081301"
Instagram,B Braun,2026,4,02/04/2026 17:59:37,Quinta-Feira,https://www.instagram.com/p/DWo3ZUQDcLk,https://storage.googleapis.com/brv-valhalla-datalake-public/images/fc88d96e-ff31-4c30-bc8b-b7548459e9d8.mp4,"No dia 24/03, na nossa Convenção de Vendas, celebramos o talento e a dedicação que movem a B. Braun: a premiação ""The Best""! 🏆✨

Este é o momento de reconhecer nosso time comercial, que se destacaram por sua excelência e compromisso com o nosso propósito. O Gabriel Amorim bateu um papo com alguns dos premiados para sentir a emoção de perto!

Qual foi o momento mais marcante da premiação para você? Conte aqui nos comentários. 👇

#TheBest #BBraun #Reconhecimento #ConvençãoDeVendas",reels,1666,0,1666,203,8,7,0,1,0,3077,0,3077,219,"0,131452581"
Facebook,B Braun,2026,3,31/03/2026 22:18:02,Terça-Feira,https://www.facebook.com/reel/1470049904568733/,https://storage.googleapis.com/brv-valhalla-datalake-public/images/9e0d1026-d4b6-4102-9b18-99dc88925105.jpeg,"Você sabia que a boa nutrição pode reduzir o tempo de internação e otimizar a resposta a medicamentos? 🏥 

Neste 31 de março, trazemos uma reflexão importante: a saúde é uma construção multidisciplinar. Na B. Braun, acreditamos que nutrir é proteger e dar ao corpo as ferramentas para vencer desafios.

Dê o play e saiba mais.

#DiaDaNutricao #Saúde #BBraun",reels,,,140,2,0,0,3,0,,157,0,157,5,"0,03571428571"
Instagram,B Braun,2026,3,31/03/2026 22:17:24,Terça-Feira,https://www.instagram.com/p/DWkLU6PEjge,https://storage.googleapis.com/brv-valhalla-datalake-public/images/be7619dd-8921-4f59-8daa-82b5a65b9cd2.mp4,"Você sabia que a boa nutrição pode reduzir o tempo de internação e otimizar a resposta a medicamentos? 🏥 

Neste 31 de março, trazemos uma reflexão importante: a saúde é uma construção multidisciplinar. Na B. Braun, acreditamos que nutrir é proteger e dar ao corpo as ferramentas para vencer desafios.

Dê o play e saiba mais.

#DiaDaNutricao #Saúde #BBraun",reels,928,0,928,45,1,3,0,0,0,1249,0,1249,49,"0,05280172414"
Instagram,B Braun,2026,3,31/03/2026 11:03:22,Terça-Feira,https://www.instagram.com/p/DWi-LSJjdRj,https://storage.googleapis.com/brv-valhalla-datalake-public/images/88492e40-aabe-4830-8472-cd25570960c5.mp4,"Se você fosse um produto da B. Braun, qual seria? 🤔 O nosso correspondente Gabriel Amorim foi para o meio da galera na Convenção de Vendas descobrir a identidade secreta do nosso time.

E você, que produto da B. Braun melhor define a sua personalidade hoje? 👇

#BBraun #Convenção #Vendas",reels,4082,0,4082,284,17,53,0,3,0,6623,0,6623,357,"0,08745712886"
Facebook,B Braun,2026,3,31/03/2026 11:03:06,Terça-Feira,https://www.facebook.com/reel/950038250745453/,https://storage.googleapis.com/brv-valhalla-datalake-public/images/7c9d9dcf-c8a2-4806-b53d-8aceb8083a04.jpeg,"Se você fosse um produto da B. Braun, qual seria? 🤔 O nosso correspondente Gabriel Amorim foi para o meio da galera na Convenção de Vendas descobrir a identidade secreta do nosso time.

E você, que produto da B. Braun melhor define a sua personalidade hoje? 👇

#BBraun #Convenção #Vendas",reels,,,243,6,0,1,5,0,,277,0,278,12,"0,04938271605"
Facebook,B Braun,2026,3,25/03/2026 16:03:25,Quarta-Feira,https://www.facebook.com/reel/2147503402715100/,https://storage.googleapis.com/brv-valhalla-datalake-public/images/965645cb-a95d-4653-a5e9-f5459f3a4d22.jpeg,"Diretamente do campo com @amorimpodporco! 🎤⚽

Nossa Convenção de Vendas ganhou um reforço de peso: o jornalista Gabriel Amorim esteve com a gente como nosso correspondente oficial, trazendo toda a energia e os bastidores desse evento incrível.

Entre entrevistas com o time e muita animação, estamos celebrando nossos resultados e projetando o futuro com ainda mais expertise. O clima por aqui é de vitória! 🏆

#BBraun #Convenção #Vendas",reels,,,252,4,0,0,6,0,,356,0,356,10,"0,03968253968"
Instagram,B Braun,2026,3,25/03/2026 16:03:11,Quarta-Feira,https://www.instagram.com/p/DWUDoPHEWBV,https://storage.googleapis.com/brv-valhalla-datalake-public/images/3d491d58-cbf0-4f52-b9e6-c4eb8ff25f06.mp4,"Diretamente do campo com @amorimpodporco! 🎤⚽

Nossa Convenção de Vendas ganhou um reforço de peso: o jornalista Gabriel Amorim esteve com a gente como nosso correspondente oficial, trazendo toda a energia e os bastidores desse evento incrível.

Entre entrevistas com o time e muita animação, estamos celebrando nossos resultados e projetando o futuro com ainda mais expertise. O clima por aqui é de vitória! 🏆

#BBraun #Convenção #Vendas",reels,10248,0,10248,238,8,16,0,7,0,14963,0,14963,269,"0,0262490242"
Instagram,B Braun,2026,3,24/03/2026 21:32:28,Terça-Feira,https://www.instagram.com/p/DWSEllpCtmy,https://storage.googleapis.com/brv-valhalla-datalake-public/images/3633766f-a158-423e-b770-9e1cbf421398.mp4,"O jogo começou por aqui!

No 1º dia da nossa Convenção de Vendas, já teve muita troca, energia boa e espírito de time em campo. 🙌

Dá o play e confere os depoimentos de quem tá vivendo tudo isso de perto, só tem craque nesse time!",reels,2726,0,2726,223,6,41,0,3,0,4947,0,4947,273,"0,1001467351"
Facebook,B Braun,2026,3,24/03/2026 21:32:17,Terça-Feira,https://www.facebook.com/reel/813232997912847/,https://storage.googleapis.com/brv-valhalla-datalake-public/images/33b5170c-ca94-4dc8-9efa-edab6d9b705f.jpeg,"O jogo começou por aqui!

No 1º dia da nossa Convenção de Vendas, já teve muita troca, energia boa e espírito de time em campo. 🙌

Dá o play e confere os depoimentos de quem tá vivendo tudo isso de perto, só tem craque nesse time!",reels,,,379,19,1,0,11,0,,454,0,456,31,"0,08179419525"
Instagram,B Braun,2026,3,24/03/2026 15:25:19,Terça-Feira,https://www.instagram.com/p/DWRaphrlFNY,https://storage.googleapis.com/brv-valhalla-datalake-public/images/ddca6c81-a1eb-4690-ad80-c9e919eb4090.jpeg,"As úlceras de pé diabético representam um dos maiores desafios na cicatrização de feridas. Para discutir o diagnóstico, tratamento e as melhores práticas clínicas, convidamos você para um webinar exclusivo da B Braun com a Aesculap Academy.

Contaremos com a presença ilustre do Prof. Dr. Lázaro, referência mundial e Chefe da Unidade de Pé Diabético da Universidade Complutense de Madrid, além de especialistas globais da B. Braun.

🕐 26 de março, às 13h00 
📍 Gratuito e Online 

Não perca a oportunidade de atualizar seus conhecimentos com quem é autoridade no assunto. 

🔗 Inscreva-se agora. Link na bio. 

hashtag#BBraun hashtag#PéDiabético hashtag#Saúde hashtag#Webinar",carrossel ,1458,0,1458,48,2,17,0,1,0,3135,0,3135,68,"0,04663923182"
Facebook,B Braun,2026,3,24/03/2026 15:25:15,Terça-Feira,https://www.facebook.com/1468339928670354/posts/1387696680068013,https://storage.googleapis.com/brv-valhalla-datalake-public/images/d2754132-9d5c-40a1-9c9b-2ec8d51bbf02.jpeg,"As úlceras de pé diabético representam um dos maiores desafios na cicatrização de feridas. Para discutir o diagnóstico, tratamento e as melhores práticas clínicas, convidamos você para um webinar exclusivo da B Braun com a Aesculap Academy.

Contaremos com a presença ilustre do Prof. Dr. Lázaro, referência mundial e Chefe da Unidade de Pé Diabético da Universidade Complutense de Madrid, além de especialistas globais da B. Braun.

🕐 26 de março, às 13h00 
📍 Gratuito e Online 

Não perca a oportunidade de atualizar seus conhecimentos com quem é autoridade no assunto. 

🔗 Inscreva-se agora: https://eu01web.zoom.us/webinar/register/WN_n8EkG5_5Qm6LPvgJZxkcaw#/registration

hashtag#BBraun hashtag#PéDiabético hashtag#Saúde hashtag#Webinar",galeria,,,178,4,0,0,1,0,,247,0,247,5,"0,02808988764"
Facebook,B Braun,2026,3,22/03/2026 14:15:39,Domingo,https://www.facebook.com/1468339928670354/posts/1385885540249127,https://storage.googleapis.com/brv-valhalla-datalake-public/images/fac6c62c-00f1-4efa-a046-05fe18f14fb0.jpeg,"No Dia Mundial da Água, queremos falar sobre um detalhe invisível que define a durabilidade dos seus dispositivos médicos: a qualidade da água.

Um estudo realizado pela B. Braun analisou CMEs em todo o Brasil e os resultados são um alerta para a gestão hospitalar. Silicatos, cloretos e pH desequilibrado são os maiores inimigos do seu instrumental, causando desde manchas até a corrosão precoce.

Preservar a água é um ato de sustentabilidade. Tratá-la corretamente dentro do hospital é um ato de responsabilidade e economia de recursos.

Arraste para o lado e veja o que descobrimos.

#DiaMundialDaAgua #BBraun #Sustentabilidade #Saude",galeria,,,199,9,1,0,2,0,,290,0,290,12,"0,06030150754"
Instagram,B Braun,2026,3,22/03/2026 14:15:33,Domingo,https://www.instagram.com/p/DWMJExjESNX,https://storage.googleapis.com/brv-valhalla-datalake-public/images/198cc4e3-26a8-4b2b-a30e-ec7b41c669f5.jpeg,"No Dia Mundial da Água, queremos falar sobre um detalhe invisível que define a durabilidade dos seus dispositivos médicos: a qualidade da água.

Um estudo realizado pela B. Braun analisou CMEs em todo o Brasil e os resultados são um alerta para a gestão hospitalar. Silicatos, cloretos e pH desequilibrado são os maiores inimigos do seu instrumental, causando desde manchas até a corrosão precoce.

Preservar a água é um ato de sustentabilidade. Tratá-la corretamente dentro do hospital é um ato de responsabilidade e economia de recursos.

Arraste para o lado e veja o que descobrimos.

#DiaMundialDaAgua #BBraun #Sustentabilidade #Saude",carrossel ,1049,0,1049,63,1,4,0,0,0,2057,0,2057,68,"0,06482364156"
Facebook,B Braun,2026,3,19/03/2026 17:35:22,Quinta-Feira,https://www.facebook.com/reel/2275937446263268/,https://storage.googleapis.com/brv-valhalla-datalake-public/images/e65dfa1d-9957-4853-904b-cea3c92e765d.jpeg,"#TBT de um dia cheio de propósito. 💙

No Dia Mundial do Rim, a B. Braun promoveu ações nas unidades de Arsenal, Guaxindiba e Flamengo, reforçando a importância da prevenção e do cuidado com a saúde renal.

Foram momentos de informação, troca e acolhimento com colaboradores, porque cuidar também é estar presente.

Seguimos juntos, todos os dias, levando mais saúde e conscientização.",reels,,,988,25,1,1,40,0,,1060,0,1061,67,"0,06781376518"
Instagram,B Braun,2026,3,19/03/2026 17:34:59,Quinta-Feira,https://www.instagram.com/p/DWExYTkEUIt,https://storage.googleapis.com/brv-valhalla-datalake-public/images/64bd4e51-f52d-4318-820b-a7be81e24455.mp4,"#TBT de um dia cheio de propósito. 💙

No Dia Mundial do Rim, a B. Braun promoveu ações nas unidades de Arsenal, Guaxindiba e Flamengo, reforçando a importância da prevenção e do cuidado com a saúde renal.

Foram momentos de informação, troca e acolhimento com colaboradores, porque cuidar também é estar presente.

Seguimos juntos, todos os dias, levando mais saúde e conscientização.",reels,3284,0,3284,352,5,16,0,5,0,5415,0,5415,378,"0,1151035323"
Instagram,B Braun,2026,3,16/03/2026 17:04:29,Segunda-Feira,https://www.instagram.com/p/DV8_kAej7BM,https://storage.googleapis.com/brv-valhalla-datalake-public/images/4c95aa7d-5987-4561-902c-95fa6669ba18.mp4,"No Dia Mundial do Rim, celebrado em 12 de março 💙, reforçamos a importância de quem está todos os dias ao lado do paciente: a enfermagem.

Cada orientação, monitoramento e gesto de cuidado fazem parte de uma rotina que protege, acompanha e transforma vidas.

Porque quando o assunto é rim, não dá para adiar: cuidar é acompanhar, prevenir e estar presente.",reels,1432,0,1432,87,2,27,0,2,0,1889,0,1889,118,"0,08240223464"
Facebook,B Braun,2026,3,14/03/2026 12:03:28,Sábado,https://www.facebook.com/reel/1972343896650529/,https://storage.googleapis.com/brv-valhalla-datalake-public/images/eabbc939-22d6-42c7-8595-d080c8a7e104.jpeg,"Estamos na semana especial do Dia Mundial do Rim. 💙

E hoje o destaque vai para quem está todos os dias ao lado do paciente: a enfermagem.

Cada orientação, monitoramento e gesto de cuidado fazem parte de uma rotina que salva, protege e transforma vidas.

Porque, quando o assunto é rim, não dá para adiar. Cuidar é acompanhar, prevenir e estar presente.",reels,,,247,12,1,0,5,0,,283,0,284,18,"0,07287449393"
Facebook,B Braun,2026,3,13/03/2026 21:01:48,Sexta-Feira,https://www.facebook.com/reel/848722281510678/,https://storage.googleapis.com/brv-valhalla-datalake-public/images/531b5e52-78dd-4468-a428-8e83e3cce467.jpeg,"Entre os dias 5 e 7 de março, aconteceu em São Paulo o 3º Congresso da Yaşargil Academy de Microcirurgia, um encontro internacional que reuniu grandes líderes da comunidade científica e cirúrgica para compartilhar conhecimento, experiências e avanços na medicina.

A B. Braun participou do congresso com representantes do time global e do time Brasil, reforçando seu compromisso com a ciência, a educação médica e a evolução da prática cirúrgica.

Durante o evento, também tivemos a oportunidade de apresentar o sistema de exoscopia AEOS Digital Microscope, um microscópio digital com assistência robótica que oferece visualização 3D em alta definição em monitores. A tecnologia amplia a ergonomia para o cirurgião e favorece uma integração mais colaborativa com a equipe do centro cirúrgico.

A exoscopia representa uma evolução na microcirurgia, trazendo uma abordagem mais digital, colaborativa e alinhada com o futuro da neurocirurgia.

Confira no vídeo alguns momentos desse importante encontro.",reels,,,184,7,0,1,0,0,,217,0,217,8,"0,04347826087"
Instagram,B Braun,2026,3,13/03/2026 21:00:38,Sexta-Feira,https://www.instagram.com/p/DV1sM3DCp2L,https://storage.googleapis.com/brv-valhalla-datalake-public/images/aad2187c-b562-469d-b27e-56777f15ce05.mp4,"Entre os dias 5 e 7 de março, aconteceu em São Paulo o 3º Congresso da Yaşargil Academy de Microcirurgia, um encontro internacional que reuniu grandes líderes da comunidade científica e cirúrgica para compartilhar conhecimento, experiências e avanços na medicina.

A B. Braun participou do congresso com representantes do time global e do time Brasil, reforçando seu compromisso com a ciência, a educação médica e a evolução da prática cirúrgica.

Durante o evento, também tivemos a oportunidade de apresentar o sistema de exoscopia AEOS Digital Microscope, um microscópio digital com assistência robótica que oferece visualização 3D em alta definição em monitores. A tecnologia amplia a ergonomia para o cirurgião e favorece uma integração mais colaborativa com a equipe do centro cirúrgico.

A exoscopia representa uma evolução na microcirurgia, trazendo uma abordagem mais digital, colaborativa e alinhada com o futuro da neurocirurgia.

Confira no vídeo alguns momentos desse importante encontro.",reels,2077,0,2077,125,6,17,0,2,0,3080,0,3080,150,"0,07221954742"
Facebook,B Braun,2026,3,13/03/2026 12:00:53,Sexta-Feira,https://www.facebook.com/1468339928670354/posts/1378000914370923,https://storage.googleapis.com/brv-valhalla-datalake-public/images/f426f50b-9636-4c7d-8a8b-6e62be0859de.jpeg,"O Dia Mundial do Rim passou, mas o cuidado com a saúde renal não tem data marcada no calendário.

Seus rins trabalham todos os dias para manter o equilíbrio do seu corpo e o cuidado com eles também precisa ser contínuo. Acompanhamento médico, exames de rotina, hidratação adequada e atenção aos sinais do organismo fazem toda a diferença.
A B. Braun reforça seu compromisso com a saúde renal, promovendo informação, prevenção e cuidado ao longo de todo o ano.

Porque, quando o assunto é rim, não dá para adiar.
Cuidar é rotina. 💚",galeria,,,374,10,1,0,6,0,,491,0,491,17,"0,04545454545"
Instagram,B Braun,2026,3,13/03/2026 12:00:48,Sexta-Feira,https://www.instagram.com/p/DV0ugB3jAKi,https://storage.googleapis.com/brv-valhalla-datalake-public/images/d55f4549-45ed-4a5e-b67d-a4f2e336a881.jpeg,"O Dia Mundial do Rim passou, mas o cuidado com a saúde renal não tem data marcada no calendário.

Seus rins trabalham todos os dias para manter o equilíbrio do seu corpo e o cuidado com eles também precisa ser contínuo. Acompanhamento médico, exames de rotina, hidratação adequada e atenção aos sinais do organismo fazem toda a diferença.
A B. Braun reforça seu compromisso com a saúde renal, promovendo informação, prevenção e cuidado ao longo de todo o ano.

Porque, quando o assunto é rim, não dá para adiar.
Cuidar é rotina. 💚",carrossel ,866,0,866,57,1,2,0,0,0,1758,0,1758,60,"0,06928406467"
Facebook,B Braun,2026,3,12/03/2026 19:02:38,Quinta-Feira,https://www.facebook.com/reel/2151533878922133/,https://storage.googleapis.com/brv-valhalla-datalake-public/images/b9138d70-a3cc-462f-b5c2-0b6be57a811d.jpeg,"Com os rins não podemos adiar o cuidado. Eles cuidam de nós em silêncio e, por isso, a prevenção precisa ser a nossa voz.

Falar de saúde renal é transformar o cuidado em rotina diária. A B. Braun, transforma tecnologia em cuidado, e tem orgulho de ser apoiadora oficial da Sociedade Brasileira de Nefrologia (SBN) neste Dia do Rim.

Assista ao nosso manifesto e entenda por que, quando o assunto é rim, não dá para adiar.💙

#BBraun #DiaMundialDoRim #SBN",reels,,,107,2,0,0,1,0,,122,0,122,3,"0,02803738318"
Instagram,B Braun,2026,3,12/03/2026 19:02:37,Quinta-Feira,https://www.instagram.com/p/DVy56Z8gJhr,https://storage.googleapis.com/brv-valhalla-datalake-public/images/42247cec-4809-4dfa-abfd-edd80e0ec98d.mp4,"Com os rins não podemos adiar o cuidado. Eles cuidam de nós em silêncio e, por isso, a prevenção precisa ser a nossa voz.

Falar de saúde renal é transformar o cuidado em rotina diária. A B. Braun, transforma tecnologia em cuidado, e tem orgulho de ser apoiadora oficial da Sociedade Brasileira de Nefrologia (SBN) neste Dia do Rim.

Assista ao nosso manifesto e entenda por que, quando o assunto é rim, não dá para adiar.💙

#BBraun #DiaMundialDoRim #SBN",reels,2648,0,2648,143,3,24,0,2,0,3947,0,3947,172,"0,06495468278"
Facebook,B Braun,2026,3,11/03/2026 13:48:51,Quarta-Feira,https://www.facebook.com/reel/2600139313702757/,https://storage.googleapis.com/brv-valhalla-datalake-public/images/1a422528-4ae0-44ff-b6f9-f53472e266dd.jpeg,"Os rins trabalham todos os dias por você e o cuidado com eles também precisa ser diário.

A Doença Renal Crônica pode evoluir de forma silenciosa, e a prevenção começa com atitudes simples: controle da pressão e do diabetes, hidratação adequada, acompanhamento médico e exames regulares.

A B. Braun está ao lado de pacientes e profissionais da saúde, apoiando cada etapa da jornada do cuidado.
Porque, quando o assunto é rim, não dá para adiar.",reels,,,149,5,0,0,1,0,,170,0,170,6,"0,04026845638"
Instagram,B Braun,2026,3,11/03/2026 13:48:18,Quarta-Feira,https://www.instagram.com/p/DVvxKIAAEZM,https://storage.googleapis.com/brv-valhalla-datalake-public/images/6c19dacc-265d-40f8-bcbc-2c3948f1e10f.mp4,"Os rins trabalham todos os dias por você e o cuidado com eles também precisa ser diário.

A Doença Renal Crônica pode evoluir de forma silenciosa, e a prevenção começa com atitudes simples: controle da pressão e do diabetes, hidratação adequada, acompanhamento médico e exames regulares.

A B. Braun está ao lado de pacientes e profissionais da saúde, apoiando cada etapa da jornada do cuidado.
Porque, quando o assunto é rim, não dá para adiar.",reels,2450,0,2450,61,2,21,0,0,0,3549,0,3549,84,"0,03428571429"
Instagram,B Braun,2026,3,09/03/2026 12:00:42,Segunda-Feira,https://www.instagram.com/p/DVqbTm2CP51,https://storage.googleapis.com/brv-valhalla-datalake-public/images/dd7a8bcf-b59d-4ea5-b360-30ce3feb1fc8.jpeg,"Os rins desempenham funções vitais para o equilíbrio do nosso organismo, mas, muitas vezes, as doenças renais evoluem de forma silenciosa, sem apresentar sintomas nas fases iniciais. Por isso, a prevenção é o nosso melhor caminho.

Manter os exames em dia, controlar a pressão arterial e o diabetes, beber água regularmente e realizar acompanhamento médico são atitudes que fazem toda a diferença para a saúde dos seus rins.

O Dia Mundial do Rim está chegando (12 de março), e a B. Braun preparou uma semana especial de conscientização para reforçar a importância do cuidado contínuo com a saúde renal.

Acompanhe nossas próximas postagens e participe dessa corrente de conscientização. 
Porque, quando o assunto é rim, não dá para adiar!",imagem,2036,0,2036,73,2,21,0,1,0,3415,0,3415,97,"0,04764243615"
Facebook,B Braun,2026,3,09/03/2026 12:00:03,Segunda-Feira,https://www.facebook.com/1468339928670354/posts/1374870004684014,https://storage.googleapis.com/brv-valhalla-datalake-public/images/9f6c5416-c67d-48a1-bc5c-2232565eb3db.jpeg,"Os rins desempenham funções vitais para o equilíbrio do nosso organismo, mas, muitas vezes, as doenças renais evoluem de forma silenciosa, sem apresentar sintomas nas fases iniciais. Por isso, a prevenção é o nosso melhor caminho.

Manter os exames em dia, controlar a pressão arterial e o diabetes, beber água regularmente e realizar acompanhamento médico são atitudes que fazem toda a diferença para a saúde dos seus rins.

O Dia Mundial do Rim está chegando (12 de março), e a B. Braun preparou uma semana especial de conscientização para reforçar a importância do cuidado contínuo com a saúde renal.

Acompanhe nossas próximas postagens e participe dessa corrente de conscientização. 
Porque, quando o assunto é rim, não dá para adiar!",imagem,,,233,7,0,0,4,0,,327,0,327,11,"0,04721030043"
Instagram,B Braun,2026,3,08/03/2026 12:02:25,Domingo,https://www.instagram.com/p/DVn2poegq2I,https://storage.googleapis.com/brv-valhalla-datalake-public/images/094acae1-e704-4312-81d0-a36bae955cb4.mp4,"Elas organizam, produzem, analisam, lideram. E fazem tudo isso sabendo que, no fim da linha, existe uma vida. 💙

Neste Dia da Mulher, celebramos quem sustenta decisões que mudam histórias todos os dias.",reels,4235,0,4235,438,13,88,0,16,0,7474,0,7474,555,"0,1310507674"
Facebook,B Braun,2026,3,08/03/2026 12:00:56,Domingo,https://www.facebook.com/reel/2159564654785600/,https://storage.googleapis.com/brv-valhalla-datalake-public/images/7544070c-61d2-4d1c-a1c5-d27da4c83147.jpeg,"Elas organizam, produzem, analisam, lideram. E fazem tudo isso sabendo que, no fim da linha, existe uma vida. 💙

Neste Dia da Mulher, celebramos quem sustenta decisões que mudam histórias todos os dias.",reels,,,849,36,0,6,30,0,,1085,0,1087,72,"0,08480565371"
Instagram,B Braun,2026,3,04/03/2026 21:47:34,Quarta-Feira,https://www.instagram.com/p/DVemfu-lNao,https://storage.googleapis.com/brv-valhalla-datalake-public/images/3f2e925a-7a36-4ba7-8359-dbae2659b543.jpeg,"A B. Braun está pronta para apresentar o que há de mais avançado em tecnologia neurocirúrgica. Amanhã, estaremos em São Paulo, no Centro de Convenções Rebouças, para compartilhar expertise e inovação.

E não se esqueça: dia 7/3, às 12h30, teremos o Simpósio B. Braun: ""Exoscopia: o futuro da neurocirurgia moderna?”. Até lá!

#BBraun #Neurocirurgia #Yasargil2026",imagem,1202,0,1202,44,1,5,0,0,0,1875,0,1875,50,"0,04159733777"
Facebook,B Braun,2026,3,04/03/2026 21:47:31,Quarta-Feira,https://www.facebook.com/1468339928670354/posts/1371362201701461,https://storage.googleapis.com/brv-valhalla-datalake-public/images/27eb4423-1a09-437e-b3d3-296748ead208.jpeg,"A B. Braun está pronta para apresentar o que há de mais avançado em tecnologia neurocirúrgica. Amanhã, estaremos em São Paulo, no Centro de Convenções Rebouças, para compartilhar expertise e inovação.

E não se esqueça: dia 7/3, às 12h30, teremos o Simpósio B. Braun: ""Exoscopia: o futuro da neurocirurgia moderna?”. Até lá!

#BBraun #Neurocirurgia #Yasargil2026",imagem,,,850,18,2,1,11,0,,1127,0,1127,32,"0,03764705882"
Instagram,B Braun,2026,3,03/03/2026 12:01:01,Terça-Feira,https://www.instagram.com/p/DVa-kxyiMkv,https://storage.googleapis.com/brv-valhalla-datalake-public/images/811280ba-8473-4489-a696-3958b1eb21d9.jpeg,"Por dentro da B. Braun, tudo começa pelas pessoas.
Entre encontros, conversas, foco e parceria, é assim que diferentes áreas se conectam no dia a dia. Um ambiente onde cada pessoa tem espaço, voz e importância.
Porque quando o coletivo é forte, o trabalho ganha ainda mais significado.💙",carrossel ,2674,0,2674,336,11,28,0,5,0,6665,0,6665,380,"0,1421091997"
Facebook,B Braun,2026,3,03/03/2026 12:00:48,Terça-Feira,https://www.facebook.com/1468339928670354/posts/1370252818479066,https://storage.googleapis.com/brv-valhalla-datalake-public/images/06361c64-78e0-4fb5-97ce-36406e000e6f.jpeg,"Por dentro da B. Braun, tudo começa pelas pessoas.
Entre encontros, conversas, foco e parceria, é assim que diferentes áreas se conectam no dia a dia. Um ambiente onde cada pessoa tem espaço, voz e importância.
Porque quando o coletivo é forte, o trabalho ganha ainda mais significado.💙",galeria,,,1920,60,2,2,275,0,,3206,0,3206,339,"0,1765625"
Instagram,B Braun,2026,3,02/03/2026 17:02:30,Segunda-Feira,https://www.instagram.com/p/DVY8NzAlcPj,https://storage.googleapis.com/brv-valhalla-datalake-public/images/92a8c154-43a9-4cde-8fbb-3b110816bdf0.mp4,"No dia 9 de fevereiro, recebemos os 21 estagiários do primeiro Programa de Estágio B. Braun para um momento muito especial: o início de uma jornada com propósito.

Aqui, o estágio vai além da experiência profissional. É aprendizado na prática, troca com pessoas que inspiram, mentoria dedicada e participação em projetos que contribuem de verdade para a nossa missão na saúde.

Durante o programa, cada estagiário terá a oportunidade de vivenciar a rotina de sua área, desenvolver habilidades técnicas e comportamentais e, ao fim, apresentar os resultados e aprendizados dessa trajetória.

Estamos felizes em acompanhar os próximos passos de cada um. 💙",reels,2892,0,2892,193,12,65,0,6,0,4388,0,4388,276,"0,09543568465"
Facebook,B Braun,2026,3,02/03/2026 17:02:12,Segunda-Feira,https://www.facebook.com/reel/25496525616692860/,https://storage.googleapis.com/brv-valhalla-datalake-public/images/d7e3f509-3db8-4eb4-9ee1-6c2a08c86d1f.jpeg,"No dia 9 de fevereiro, recebemos os 21 estagiários do primeiro Programa de Estágio B. Braun para um momento muito especial: o início de uma jornada com propósito.

Aqui, o estágio vai além da experiência profissional. É aprendizado na prática, troca com pessoas que inspiram, mentoria dedicada e participação em projetos que contribuem de verdade para a nossa missão na saúde.

Durante o programa, cada estagiário terá a oportunidade de vivenciar a rotina de sua área, desenvolver habilidades técnicas e comportamentais e, ao fim, apresentar os resultados e aprendizados dessa trajetória.

Estamos felizes em acompanhar os próximos passos de cada um. 💙",reels,,,453,11,1,0,10,0,,493,0,493,22,"0,04856512141"
Instagram,B Braun,2026,2,25/02/2026 19:48:06,Quarta-Feira,https://www.instagram.com/p/DVMXQinlOCc,https://storage.googleapis.com/brv-valhalla-datalake-public/images/48854124-4f39-41d3-9511-763fe79aef73.jpeg,"Acreditamos que a tecnologia só é verdadeiramente avançada quando é consciente.

Mais do que desenvolver produtos de alta performance, nossa missão é entender o impacto de cada inovação a longo prazo. 

A verdadeira inovação não olha apenas para o próximo lançamento, mas para as próximas gerações. É o equilíbrio entre a inovação tecnológica e o compromisso com a responsabilidade socioambiental.

Isso é o que nos move. Isso é ser B. Braun.💚

#BBraun #Tecnologia #Sustentabilidade #Compliance",carrossel ,679,0,679,38,3,3,0,1,0,1485,0,1485,45,"0,06627393225"
Facebook,B Braun,2026,2,25/02/2026 19:47:33,Quarta-Feira,https://www.facebook.com/1468339928670354/posts/1365425138961834,https://storage.googleapis.com/brv-valhalla-datalake-public/images/5f227e67-3e43-4791-886a-7ceba06a9f76.jpeg,"Acreditamos que a tecnologia só é verdadeiramente avançada quando é consciente.

Mais do que desenvolver produtos de alta performance, nossa missão é entender o impacto de cada inovação a longo prazo. 

A verdadeira inovação não olha apenas para o próximo lançamento, mas para as próximas gerações. É o equilíbrio entre a inovação tecnológica e o compromisso com a responsabilidade socioambiental.

Isso é o que nos move. Isso é ser B. Braun.💚

#BBraun #Tecnologia #Sustentabilidade #Compliance",galeria,,,307,13,0,0,7,0,,429,0,429,20,"0,0651465798"
Facebook,B Braun,2026,2,23/02/2026 17:10:42,Segunda-Feira,https://www.facebook.com/reel/1421664326167945/,https://storage.googleapis.com/brv-valhalla-datalake-public/images/e36835b3-2a1e-4882-a7ea-40b07d0258de.jpeg,"No episódio de hoje de Um dia na B. Braun, acompanhamos a rotina da Juliene De Marco, Coordenadora de Esterilização Industrial, que atua no Arsenal, na unidade Medical, no Rio de Janeiro.

Entre chegadas e saídas, reuniões e pausas que recarregam, vemos de perto o cuidado, a responsabilidade e o propósito que fazem parte do seu dia a dia.

São essas atitudes, presentes nos detalhes e nas decisões diárias, que fortalecem nossa forma de trabalhar e traduzem, na prática, o compromisso da B. Braun com a proteção da vida e saúde.

Porque, por trás de processos essenciais, existem pessoas que fazem a diferença todos os dias. 💚",reels,,,1610,16,0,0,47,0,,1780,0,1785,63,"0,03913043478"
Instagram,B Braun,2026,2,23/02/2026 17:10:38,Segunda-Feira,https://www.instagram.com/p/DVG7kpdj4dw,https://storage.googleapis.com/brv-valhalla-datalake-public/images/7476126f-1f8d-47cb-a39b-d53d535bf757.mp4,"No episódio de hoje de Um dia na B. Braun, acompanhamos a rotina da Juliene De Marco, Coordenadora de Esterilização Industrial, que atua no Arsenal, na unidade Medical, no Rio de Janeiro.

Entre chegadas e saídas, reuniões e pausas que recarregam, vemos de perto o cuidado, a responsabilidade e o propósito que fazem parte do seu dia a dia.

São essas atitudes, presentes nos detalhes e nas decisões diárias, que fortalecem nossa forma de trabalhar e traduzem, na prática, o compromisso da B. Braun com a proteção da vida e saúde.

Porque, por trás de processos essenciais, existem pessoas que fazem a diferença todos os dias. 💚",reels,2298,0,2298,248,23,27,0,6,0,4235,0,4235,304,"0,1322889469"
Instagram,B Braun,2026,2,19/02/2026 12:00:20,Quinta-Feira,https://www.instagram.com/p/DU8E9XelUZP,https://storage.googleapis.com/brv-valhalla-datalake-public/images/4dcdec73-52f5-48c0-8d73-c9e94f9a2560.jpeg,"Um novo ano é sempre uma boa oportunidade para olhar com mais carinho para a própria saúde. 💚

Não precisa mudar tudo de uma vez. Comece com hábitos simples e lembre-se: altos e baixos fazem parte do processo. O mais importante é seguir em frente, respeitando o seu ritmo e fazendo escolhas que contribuam para uma vida mais leve, saudável e plena em 2026. Pequenos hábitos geram grandes transformações.",carrossel ,640,0,640,38,3,5,0,0,0,1367,0,1367,46,"0,071875"
Facebook,B Braun,2026,2,19/02/2026 12:00:13,Quinta-Feira,https://www.facebook.com/1468339928670354/posts/1359916862845995,https://storage.googleapis.com/brv-valhalla-datalake-public/images/29eaa952-eb58-4929-aafd-3694e91a6e98.jpeg,"Um novo ano é sempre uma boa oportunidade para olhar com mais carinho para a própria saúde. 💚

Não precisa mudar tudo de uma vez. Comece com hábitos simples e lembre-se: altos e baixos fazem parte do processo. O mais importante é seguir em frente, respeitando o seu ritmo e fazendo escolhas que contribuam para uma vida mais leve, saudável e plena em 2026. Pequenos hábitos geram grandes transformações.",galeria,,,230,9,1,0,4,0,,338,0,338,14,"0,06086956522"
Instagram,B Braun,2026,2,11/02/2026 12:09:17,Quarta-Feira,https://www.instagram.com/p/DUnfn3clCdu,https://storage.googleapis.com/brv-valhalla-datalake-public/images/94eac082-9a22-4aa8-b264-4a1c06879ab3.jpeg,"Na B. Braun, as medidas ESG orientam decisões estratégicas, investimentos e a forma como atuamos em toda a cadeia de valor.

Com metas claras e iniciativas consistentes, trabalhamos para gerar impacto positivo na saúde, nas pessoas e no meio ambiente, sempre com responsabilidade e visão de longo prazo.

Saiba mais sobre nossas ações em sustentabilidade no link da bio.",carrossel ,1140,0,1140,47,5,13,0,2,0,2538,0,2538,67,"0,05877192982"
Facebook,B Braun,2026,2,11/02/2026 12:09:14,Quarta-Feira,https://www.facebook.com/1468339928670354/posts/1352778360226512,https://storage.googleapis.com/brv-valhalla-datalake-public/images/b9c83a07-b05c-48f0-8902-315f898ceb89.jpeg,"Na B. Braun, as medidas ESG orientam decisões estratégicas, investimentos e a forma como atuamos em toda a cadeia de valor.

Com metas claras e iniciativas consistentes, trabalhamos para gerar impacto positivo na saúde, nas pessoas e no meio ambiente, sempre com responsabilidade e visão de longo prazo.

Saiba mais sobre nossas ações em sustentabilidade no link da bio.",galeria,,,194,7,0,1,2,0,,290,0,290,10,"0,05154639175"
Instagram,B Braun,2026,2,04/02/2026 12:00:13,Quarta-Feira,https://www.instagram.com/p/DUVdBSyie2_,https://storage.googleapis.com/brv-valhalla-datalake-public/images/68001789-476d-4749-9026-4f3a0cfce4b8.jpeg,"O diagnóstico de câncer marca o início de uma nova trajetória. No Dia Mundial do Câncer, queremos falar sobre o que sustenta essa caminhada: o cuidado contínuo.

Acreditamos que a jornada do paciente deve ser cercada de segurança, conforto e humanização.💚 Da preparação à administração do tratamento, nosso compromisso é oferecer soluções que protejam não apenas a saúde física, mas a dignidade e a qualidade de vida em cada etapa.

Hoje, reforçamos nossa homenagem a todos os pacientes, familiares e profissionais de saúde que transformam o desafio em cuidado todos os dias.

#BBraun #DiaMundialDoCancer #Oncologia",imagem,1412,0,1412,57,2,9,0,1,0,2265,0,2265,69,"0,04886685552"
Facebook,B Braun,2026,2,04/02/2026 12:00:07,Quarta-Feira,https://www.facebook.com/1468339928670354/posts/1346439220860426,https://storage.googleapis.com/brv-valhalla-datalake-public/images/8486b430-3f4b-4d1c-b2d6-79e1305e4386.jpeg,"O diagnóstico de câncer marca o início de uma nova trajetória. No Dia Mundial do Câncer, queremos falar sobre o que sustenta essa caminhada: o cuidado contínuo.

Acreditamos que a jornada do paciente deve ser cercada de segurança, conforto e humanização.💚 Da preparação à administração do tratamento, nosso compromisso é oferecer soluções que protejam não apenas a saúde física, mas a dignidade e a qualidade de vida em cada etapa.

Hoje, reforçamos nossa homenagem a todos os pacientes, familiares e profissionais de saúde que transformam o desafio em cuidado todos os dias.

#BBraun #DiaMundialDoCancer #Oncologia",imagem,,,290,10,0,0,3,0,,431,0,431,13,"0,04482758621"
Facebook,B Braun,2026,2,02/02/2026 13:12:58,Segunda-Feira,https://www.facebook.com/reel/926331333238967/,https://storage.googleapis.com/brv-valhalla-datalake-public/images/a514d8ac-67fb-4f3a-851b-ca5eaf5a0726.jpeg,"Participe do Webinar realizado pela Aesculap Academy e a BU de Acessos Vasculares e Anestesia, para discutir os ""Desafios e Resultados no Acesso Periférico Longo"".

Dê o play e confira mais informações no vídeo do nosso Gerente de Projetos.

O link está disponível na nossa bio! Salve este post para não esquecer o ID e senha de acesso:
🔹 ID: 394 397 180 295 50 
🔹 Senha: dZ7JX94u

Esperamos por você! 🤝

#BBraun #AesculapAcademy #AcessoVascular",reels,,,309,7,0,0,3,0,,350,0,350,10,"0,03236245955"
Instagram,B Braun,2026,2,02/02/2026 13:12:15,Segunda-Feira,https://www.instagram.com/p/DUQbmlXjyyc,https://storage.googleapis.com/brv-valhalla-datalake-public/images/3e7edfe4-1f51-4c4a-ab37-e70d8cc5605e.mp4,"Participe do Webinar realizado pela Aesculap Academy e a BU de Acessos Vasculares e Anestesia, para discutir os ""Desafios e Resultados no Acesso Periférico Longo"".

Dê o play e confira mais informações no vídeo do nosso Gerente de Projetos.

O link está disponível na nossa bio! Salve este post para não esquecer o ID e senha de acesso:
🔹 ID: 394 397 180 295 50 
🔹 Senha: dZ7JX94u

Esperamos por você! 🤝

#BBraun #AesculapAcademy #AcessoVascular",reels,3434,0,3434,198,12,43,0,6,0,5398,0,5398,259,"0,07542224811"
Instagram,B Braun,2026,1,23/01/2026 11:46:58,Sexta-Feira,https://www.instagram.com/p/DT2h9ysjNvQ,https://storage.googleapis.com/brv-valhalla-datalake-public/images/c07ec125-d4e0-4019-aeea-6f2433ab7e93.jpeg,"Quando o olhar vai além do custo inicial, os benefícios ficam claros.

Estudos mostram que, ao longo dos ciclos de esterilização, os sistemas de barreira estéril rígidos passam a apresentar melhores resultados ecológicos, maior durabilidade e menor impacto ambiental. Com o uso contínuo.

Com retorno financeiro estimado em aproximadamente dois anos e meio, a solução entrega ganhos operacionais consistentes e fortalece uma gestão mais eficiente e sustentável dos recursos.

Resultados que fazem a diferença hoje, no controle de custos e na construção de um futuro mais eficiente.",imagem,668,0,668,22,0,0,0,0,0,1141,0,1141,22,"0,03293413174"
Facebook,B Braun,2026,1,23/01/2026 11:46:55,Sexta-Feira,https://www.facebook.com/1468339928670354/posts/1335952025242479,https://storage.googleapis.com/brv-valhalla-datalake-public/images/47a692f8-ca54-4847-9355-122261980014.jpeg,"Quando o olhar vai além do custo inicial, os benefícios ficam claros.

Estudos mostram que, ao longo dos ciclos de esterilização, os sistemas de barreira estéril rígidos passam a apresentar melhores resultados ecológicos, maior durabilidade e menor impacto ambiental. Com o uso contínuo.

Com retorno financeiro estimado em aproximadamente dois anos e meio, a solução entrega ganhos operacionais consistentes e fortalece uma gestão mais eficiente e sustentável dos recursos.

Resultados que fazem a diferença hoje, no controle de custos e na construção de um futuro mais eficiente.",imagem,,,210,7,0,1,2,0,,328,0,328,10,"0,04761904762"
Facebook,B Braun,2026,1,21/01/2026 14:55:08,Quarta-Feira,https://www.facebook.com/reel/888130420487427/,https://storage.googleapis.com/brv-valhalla-datalake-public/images/0b0f4b88-fbb8-46c7-87b6-c536e3e94cf3.jpeg,"Já conferiu o novo episódio do Educação Conectada B. Braun? 

Neste episódio, Andreia Ferreira, enfermeira, compartilha como o planejamento prévio das cirurgias e o uso do bate-mapa fortalecem a comunicação entre CME, Centro Cirúrgico e equipes assistenciais.

Um conteúdo essencial para quem busca mais previsibilidade, menos cancelamentos e uma rotina mais eficiente no âmbito hospitalar.

▶️ Assista e conecte conhecimento à prática: https://youtu.be/6LvuoWfvxAc",reels,,,139,1,0,0,0,0,,170,0,170,1,"0,007194244604"
Instagram,B Braun,2026,1,21/01/2026 14:54:12,Quarta-Feira,https://www.instagram.com/p/DTxtupok3QF,https://storage.googleapis.com/brv-valhalla-datalake-public/images/c210e568-15cd-4785-bcb9-ff8e59060c69.mp4,"Já conferiu o novo episódio do Educação Conectada B. Braun? 

Neste episódio, Andreia Ferreira, enfermeira, compartilha como o planejamento prévio das cirurgias e o uso do bate-mapa fortalecem a comunicação entre CME, Centro Cirúrgico e equipes assistenciais.

Um conteúdo essencial para quem busca mais previsibilidade, menos cancelamentos e uma rotina mais eficiente no âmbito hospitalar.

▶️ Assista e conecte conhecimento à prática. Link na bio!",reels,864,0,864,24,4,2,0,1,0,1111,0,1111,31,"0,03587962963"
Instagram,B Braun,2026,1,20/01/2026 21:15:32,Terça-Feira,https://www.instagram.com/p/DTv0pZrkz7h,https://storage.googleapis.com/brv-valhalla-datalake-public/images/e9b6509d-6e0d-4e96-9c50-168b78df8e87.jpeg,"A excelência de um tratamento vai muito além da prescrição: ela passa pelas mãos de quem garante a segurança, a eficácia e a integridade de cada dose. 🔬

Neste Dia do Farmacêutico, homenageamos os profissionais que unem ciência e sensibilidade para transformar a jornada de cuidado de milhares de pacientes. Seja na farmácia hospitalar, na manipulação ou na gestão, sua expertise é o elo para uma assistência à saúde mais segura e eficiente.

Parabéns a todos os farmacêuticos que, com rigor técnico e dedicação, protegem vidas todos os dias! 💚

#BBraun #DiaDoFarmaceutico #Saude #Farmaceutico",imagem,2181,0,2181,93,1,17,0,0,0,3373,0,3373,111,"0,05089408528"
Facebook,B Braun,2026,1,20/01/2026 21:15:29,Terça-Feira,https://www.facebook.com/1468339928670354/posts/1333717505465931,https://storage.googleapis.com/brv-valhalla-datalake-public/images/7604d2de-a64c-4719-afc1-2e8cd75672a9.jpeg,"A excelência de um tratamento vai muito além da prescrição: ela passa pelas mãos de quem garante a segurança, a eficácia e a integridade de cada dose. 🔬

Neste Dia do Farmacêutico, homenageamos os profissionais que unem ciência e sensibilidade para transformar a jornada de cuidado de milhares de pacientes. Seja na farmácia hospitalar, na manipulação ou na gestão, sua expertise é o elo para uma assistência à saúde mais segura e eficiente.

Parabéns a todos os farmacêuticos que, com rigor técnico e dedicação, protegem vidas todos os dias! 💚

#BBraun #DiaDoFarmaceutico #Saude #Farmaceutico",imagem,,,295,9,1,0,5,0,,422,0,422,15,"0,05084745763"
Instagram,B Braun,2026,1,15/01/2026 12:02:34,Quinta-Feira,https://www.instagram.com/p/DTh9Q6Mj_z6,https://storage.googleapis.com/brv-valhalla-datalake-public/images/781ee8e3-d27c-4959-9684-b21d1b6fc62a.mp4,"No novo episódio do Educação Conectada da B. Braun, a enfermeira Andreia Ferreira fala sobre como a escolha do fabricante, a inspeção correta e a manutenção preventiva impactam diretamente a segurança do paciente, a durabilidade dos instrumentais e a eficiência dos processos no CME

Um conteúdo essencial para quem atua na Central de Material e Esterilização e quer transformar boas-práticas em mais segurança assistencial.

Assista ao episódio completo no link da Bio.",reels,915,0,915,26,1,2,0,0,0,1138,0,1138,29,"0,03169398907"
Facebook,B Braun,2026,1,15/01/2026 12:01:48,Quinta-Feira,https://www.facebook.com/reel/1934031160804240/,https://storage.googleapis.com/brv-valhalla-datalake-public/images/20ef8cad-710e-45b6-a9cd-1694c3ac0f8c.jpeg,"No novo episódio do Educação Conectada da B. Braun, a enfermeira Andreia Ferreira fala sobre como a escolha do fabricante, a inspeção correta e a manutenção preventiva impactam diretamente a segurança do paciente, a durabilidade dos instrumentais e a eficiência dos processos no CME

Um conteúdo essencial para quem atua na Central de Material e Esterilização e quer transformar boas-práticas em mais segurança assistencial.

Assista ao episódio completo no link da Bio.",reels,,,216,5,1,0,5,0,,258,0,259,11,"0,05092592593"
Instagram,B Braun,2026,1,12/01/2026 12:48:23,Segunda-Feira,https://www.instagram.com/p/DTaUP9GDR_e,https://storage.googleapis.com/brv-valhalla-datalake-public/images/18ad5abb-38e8-4cd8-ab9f-885ad1ded77b.jpeg,"A excelência da sua CME é reflexo da sua expertise. Arraste para o lado e conheça os benefícios do curso CMExperts.

Idealizado pela Aesculap Academy, o curso é o investimento estratégico que fortalece sua autoridade técnica e capacidade de liderar processos críticos na Central de Material e Esterilização.

Este curso oferece o conhecimento aplicado para: 
✅ Padronizar protocolos, reduzindo erros operacionais e elevando a segurança do paciente. 
✅ Liderar com expertise, baseando suas decisões nas práticas mais atuais do mercado. ✅ Ampliar o networking, conectando-se a uma rede global de especialistas.

Não perca a chance de transformar sua expertise e ganhar reconhecimento no mercado.
Garanta sua vaga no CMExperts 2026! 👉 Acesse o link na bio e faça sua inscrição.

#CMExperts #AesculapAcademy #BBraun #Saúde",carrossel ,560,0,560,19,0,0,0,0,0,1187,0,1187,19,"0,03392857143"
Facebook,B Braun,2026,1,12/01/2026 12:48:20,Segunda-Feira,https://www.facebook.com/1468339928670354/posts/1326996992804649,https://storage.googleapis.com/brv-valhalla-datalake-public/images/a3547bbe-6e00-48be-81cb-fe7f9698c8af.jpeg,"A excelência da sua CME é reflexo da sua expertise. Arraste para o lado e conheça os benefícios do curso CMExperts.

Idealizado pela Aesculap Academy, o curso é o investimento estratégico que fortalece sua autoridade técnica e capacidade de liderar processos críticos na Central de Material e Esterilização.

Este curso oferece o conhecimento aplicado para: 
✅ Padronizar protocolos, reduzindo erros operacionais e elevando a segurança do paciente. 
✅ Liderar com expertise, baseando suas decisões nas práticas mais atuais do mercado. ✅ Ampliar o networking, conectando-se a uma rede global de especialistas.

Não perca a chance de transformar sua expertise e ganhar reconhecimento no mercado.

Garanta sua vaga no CMExperts 2026! 👉 Acesse o link e faça sua inscrição: https://brasil-academiaaesculap.onschool.com.br/turma/3fdceb60-7844-44ed-85d2-67ef40673f81 

#CMExperts #AesculapAcademy #BBraun #Saúde",galeria,,,244,9,1,0,3,0,,381,0,381,13,"0,05327868852"
Facebook,B Braun,2026,1,08/01/2026 12:49:28,Quinta-Feira,https://www.facebook.com/reel/1933074324296700/,https://storage.googleapis.com/brv-valhalla-datalake-public/images/d0b753c3-2b95-4ffc-99b8-4ee05e1d4d53.jpeg,"Quem atua no CME sabe: cada etapa do processamento exige precisão, responsabilidade e conhecimento técnico. 

O CMExperts, curso avançado da Aesculap Academy, foi criado para quem quer ir além da rotina e fortalecer sua atuação no CME com uma formação estruturada, atualizada e alinhada às normas nacionais e internacionais.

São 35 horas de aprendizado, com aulas online, encontros presenciais, simulação realística, laboratório prático e visita técnica, tudo para transformar conhecimento em prática segura.

Se você busca mais confiança, qualidade e crescimento na carreira, esse curso é para você.
 📅 Início em fevereiro | 🎯 Vagas limitadas

Inscreva-se no link: https://brasil-academiaaesculap.onschool.com.br/turma/3fdceb60-7844-44ed-85d2-67ef40673f81",reels,,,154,1,0,0,4,0,,205,0,205,5,"0,03246753247"
Instagram,B Braun,2026,1,08/01/2026 12:49:27,Quinta-Feira,https://www.instagram.com/p/DTQBJV1E0-N,https://storage.googleapis.com/brv-valhalla-datalake-public/images/99f19479-5a68-4eb8-8133-504233a2da5e.mp4,"Quem atua no CME sabe: cada etapa do processamento exige precisão, responsabilidade e conhecimento técnico. 

O CMExperts, curso avançado da Aesculap Academy, foi criado para quem quer ir além da rotina e fortalecer sua atuação no CME com uma formação estruturada, atualizada e alinhada às normas nacionais e internacionais.

São 35 horas de aprendizado, com aulas online, encontros presenciais, simulação realística, laboratório prático e visita técnica, tudo para transformar conhecimento em prática segura.

Se você busca mais confiança, qualidade e crescimento na carreira, esse curso é para você.
 📅 Início em fevereiro | 🎯 Vagas limitadas

Inscreva-se no link da bio.",reels,855,0,855,30,1,3,0,0,0,1144,0,1144,34,"0,03976608187"
Facebook,B Braun,2026,1,07/01/2026 21:38:58,Quarta-Feira,https://www.facebook.com/reel/1456302906499150/,https://storage.googleapis.com/brv-valhalla-datalake-public/images/99097a81-200f-46f5-b77b-9e882e94787f.jpeg,"Vem aí o novo episódio do Educação Conectada.

Nesta edição, especialistas discutem como a gestão de instrumentos cirúrgicos no CME é determinante para a segurança do paciente, além da otimização dos processos operacionais.

Confira em breve o episódio completo no link da bio.",reels,,,260,7,1,0,6,0,,314,0,314,14,"0,05384615385"
Instagram,B Braun,2026,1,07/01/2026 21:38:57,Quarta-Feira,https://www.instagram.com/p/DTOY4kND3_g,https://storage.googleapis.com/brv-valhalla-datalake-public/images/f4ba2140-66ee-4eeb-b081-1eb4834f1770.mp4,"Vem aí o novo episódio do Educação Conectada.

Nesta edição, especialistas discutem como a gestão de instrumentos cirúrgicos no CME é determinante para a segurança do paciente, além da otimização dos processos operacionais.

Confira em breve o episódio completo no link da bio.",reels,826,0,826,39,0,1,0,1,0,1170,0,1170,41,"0,04963680387"
Facebook,B Braun,2026,1,06/01/2026 14:59:31,Terça-Feira,https://www.facebook.com/reel/1746686999346315/,https://storage.googleapis.com/brv-valhalla-datalake-public/images/49d96e68-4bc5-4f69-9529-0b492faf6ca4.jpeg,"Você sabe o peso da sua responsabilidade no Centro de Material e Esterilização (CME). A excelência não é um desejo, é uma exigência.

É por isso que o CMExperts não é apenas um curso, é um programa intensivo que traduz o rigor técnico da B. Braun em conhecimento aplicável.

Com 20 especialistas de alto nível, mestres, doutores e certificações internacionais, nossa formação foi pensada com o foco de preparar você para atuar.

 ✅ Não espere o futuro. Construa-o com a autoridade de quem é referência mundial. Inscreva-se e saiba mais!

#BBraun #CMExperts #AesculapAcademy",reels,,,301,5,0,0,3,0,,359,0,359,8,"0,02657807309"
Instagram,B Braun,2026,1,06/01/2026 14:59:28,Terça-Feira,https://www.instagram.com/p/DTLGb_TjpqH,https://storage.googleapis.com/brv-valhalla-datalake-public/images/aca351d4-9f28-45aa-a523-a3613dede7a3.mp4,"Você sabe o peso da sua responsabilidade no Centro de Material e Esterilização (CME). A excelência não é um desejo, é uma exigência.

É por isso que o CMExperts não é apenas um curso, é um programa intensivo que traduz o rigor técnico da B. Braun em conhecimento aplicável.

Com 20 especialistas de alto nível, mestres, doutores e certificações internacionais, nossa formação foi pensada com o foco de preparar você para atuar.

 ✅ Não espere o futuro. Construa-o com a autoridade de quem é referência mundial. Inscreva-se e saiba mais!

#BBraun #CMExperts #AesculapAcademy",reels,1290,0,1290,56,0,6,0,0,0,1939,0,1939,62,"0,0480620155"
Instagram,B Braun,2026,1,05/01/2026 19:34:59,Segunda-Feira,https://www.instagram.com/p/DTJBJd1iNgf,https://storage.googleapis.com/brv-valhalla-datalake-public/images/81a3dd51-a02c-4ec6-ad1e-89f057415b85.mp4,"A segurança medicamentosa é um compromisso de todos que atuam no cuidado ao paciente.
Por meio do VigiMed, sistema da Anvisa, é possível monitorar eventos adversos relacionados a medicamentos e vacinas, fortalecendo a farmacovigilância e apoiando práticas clínicas mais seguras.

Cada notificação faz a diferença. Ao compartilhar suspeitas de incidentes, profissionais, instituições e cidadãos contribuem para a melhoria contínua da assistência em saúde.

Para nós, atuar com responsabilidade faz parte do nosso compromisso com a segurança do paciente e a excelência assistencial.

Saiba mais acessando o VigiMed no portal da Anvisa.",reels,918,0,918,68,1,1,0,1,0,1341,0,1341,71,"0,07734204793"
Facebook,B Braun,2026,1,05/01/2026 19:34:58,Segunda-Feira,https://www.facebook.com/reel/1742534626417658/,https://storage.googleapis.com/brv-valhalla-datalake-public/images/f0f3ed76-68c3-4ad9-8cc0-503cb9ba8131.jpeg,"A segurança medicamentosa é um compromisso de todos que atuam no cuidado ao paciente.
Por meio do VigiMed, sistema da Anvisa, é possível monitorar eventos adversos relacionados a medicamentos e vacinas, fortalecendo a farmacovigilância e apoiando práticas clínicas mais seguras.

Cada notificação faz a diferença. Ao compartilhar suspeitas de incidentes, profissionais, instituições e cidadãos contribuem para a melhoria contínua da assistência em saúde.

Para nós, atuar com responsabilidade faz parte do nosso compromisso com a segurança do paciente e a excelência assistencial.

Saiba mais acessando o VigiMed no portal da Anvisa.",reels,,,171,7,0,1,5,0,,221,0,221,13,"0,07602339181"
Facebook,B Braun,2025,12,31/12/2025 12:02:03,Quarta-Feira,https://www.facebook.com/reel/26162369136698775/,https://storage.googleapis.com/brv-valhalla-datalake-public/images/f1a729ba-08be-435f-b991-cffd90ad8672.jpeg,"Um ciclo se fecha e outro começa. Levamos de 2025 aprendizados, encontros e muitas histórias construídas juntos.

Para o novo ano, o desejo é seguir avançando com propósito, colaboração e cuidado em tudo o que fazemos. Que seja um ano de evolução, conexão e novos caminhos. 

Feliz 2026!",reels,,,500,27,3,3,23,0,,598,0,598,56,"0,112"
Instagram,B Braun,2025,12,31/12/2025 12:01:51,Quarta-Feira,https://www.instagram.com/p/DS7VU_ggbbE,https://storage.googleapis.com/brv-valhalla-datalake-public/images/3928bc56-7334-46f3-907a-8572d61efec4.mp4,"Um ciclo se fecha e outro começa. Levamos de 2025 aprendizados, encontros e muitas histórias construídas juntos.

Para o novo ano, o desejo é seguir avançando com propósito, colaboração e cuidado em tudo o que fazemos. Que seja um ano de evolução, conexão e novos caminhos. 

Feliz 2026!",reels,1895,0,1895,158,9,32,0,1,0,2993,0,2993,200,"0,1055408971"
Instagram,B Braun,2025,12,31/12/2025 10:00:55,Quarta-Feira,https://www.instagram.com/p/DS7HgKoCduz,https://storage.googleapis.com/brv-valhalla-datalake-public/images/76b4a32a-7f38-4faf-9261-35cc05fd572c.mp4,"2025: O ano em que estivemos ao lado de quem cuida! ✨

Mais do que apenas produtos, o ano de 2025 para a B. Braun foi marcado pela conexão, ciência e, acima de tudo, pelo nosso compromisso inabalável com a excelência clínica.

Agradecemos a todos os nossos colaboradores, parceiros e profissionais que fizeram de 2025 um ano de crescimento e aprendizado contínuo.

Que venha 2026, com mais ciência, mais eventos e mais cuidado para melhorar a saúde das pessoas em todo o mundo!

#BBraun #Retrospectiva #2025 #Saúde",reels,2258,0,2258,185,10,8,0,1,0,3730,0,3730,204,"0,09034543844"
Facebook,B Braun,2025,12,31/12/2025 10:00:50,Quarta-Feira,https://www.facebook.com/reel/794917913573474/,https://storage.googleapis.com/brv-valhalla-datalake-public/images/e3891dd6-3576-486c-ab7c-ad3be38035e8.jpeg,"2025: O ano em que estivemos ao lado de quem cuida! ✨

Mais do que apenas produtos, o ano de 2025 para a B. Braun foi marcado pela conexão, ciência e, acima de tudo, pelo nosso compromisso inabalável com a excelência clínica.

Agradecemos a todos os nossos colaboradores, parceiros e profissionais que fizeram de 2025 um ano de crescimento e aprendizado contínuo.

Que venha 2026, com mais ciência, mais eventos e mais cuidado para melhorar a saúde das pessoas em todo o mundo!

#BBraun #Retrospectiva #2025 #Saúde",reels,,,567,27,0,0,5,0,,655,0,655,32,"0,05643738977"
Facebook,B Braun,2025,12,24/12/2025 12:00:25,Quarta-Feira,https://www.facebook.com/1468339928670354/posts/1312515617586120,https://storage.googleapis.com/brv-valhalla-datalake-public/images/cb6532db-09cf-437e-a138-2e32209d87ca.jpeg,"Neste Natal, o nosso maior desejo é que a luz da esperança e o calor da união preencham o seu lar. 🎄✨

O Natal é a época perfeita para celebrarmos os laços, a generosidade e, acima de tudo, o dom da vida e da saúde.

O cuidado é a nossa missão diária, e é com esse mesmo carinho que desejamos a você e sua família um período de festas leve, feliz e, acima de tudo, saudável.

Que os seus dias sejam de alegria e que a energia de renovação nos inspire em 2026!
Feliz Natal!

#BBraun #FelizNatal #BoasFestas",imagem,,,1446,56,11,3,27,0,,2204,0,2204,97,"0,06708160443"
Instagram,B Braun,2025,12,24/12/2025 12:00:22,Quarta-Feira,https://www.instagram.com/p/DSpTpmXCCz3,https://storage.googleapis.com/brv-valhalla-datalake-public/images/43889577-f73c-4d36-b605-a737434e300c.jpeg,"Neste Natal, o nosso maior desejo é que a luz da esperança e o calor da união preencham o seu lar. 🎄✨

O Natal é a época perfeita para celebrarmos os laços, a generosidade e, acima de tudo, o dom da vida e da saúde.

O cuidado é a nossa missão diária, e é com esse mesmo carinho que desejamos a você e sua família um período de festas leve, feliz e, acima de tudo, saudável.

Que os seus dias sejam de alegria e que a energia de renovação nos inspire em 2026!
Feliz Natal!

#BBraun #FelizNatal #BoasFestas",imagem,5229,0,5229,397,8,37,0,17,0,18974,0,18974,459,"0,08777969019"
Instagram,B Braun,2025,12,20/12/2025 12:01:07,Sábado,https://www.instagram.com/p/DSfAgBFgLmd,https://storage.googleapis.com/brv-valhalla-datalake-public/images/e489b7ec-7f0b-4d30-9403-729fa5c03fba.mp4,"Nossa festa de fim de ano foi incrível! 🕶️

Um dia inesquecível para celebrar o ano de conquistas e aprendizados. Nossa confraternização aconteceu no dia 12/12 e foi a energia de que precisávamos para recarregar as baterias e começar 2026 ainda mais fortes.

Agradecemos a todos que fizeram de 2025 um ano de crescimento. Seguimos juntos. Somos todos B. Braun.✨

#BBraun #Confraternização #SharingExpertise",reels,4251,0,4251,459,14,35,0,25,0,7630,0,7630,533,"0,125382263"
Facebook,B Braun,2025,12,20/12/2025 12:01:05,Sábado,https://www.facebook.com/reel/1544895163322707/,https://storage.googleapis.com/brv-valhalla-datalake-public/images/fec98556-992f-4f31-ad4f-109e1cc17032.jpeg,"Nossa festa de fim de ano foi incrível! 🕶️

Um dia inesquecível para celebrar o ano de conquistas e aprendizados. Nossa confraternização aconteceu no dia 12/12 e foi a energia de que precisávamos para recarregar as baterias e começar 2026 ainda mais fortes.

Agradecemos a todos que fizeram de 2025 um ano de crescimento. Seguimos juntos. Somos todos B. Braun.✨

#BBraun #Confraternização #SharingExpertise",reels,,,1021,34,3,4,64,0,,1395,0,1397,105,"0,1028403526"
Instagram,B Braun,2025,12,19/12/2025 20:38:55,Sexta-Feira,https://www.instagram.com/p/DSdXBSBE3fB,https://storage.googleapis.com/brv-valhalla-datalake-public/images/59f71741-8440-43e5-bcd1-499af8cd8e59.jpeg,"A tecnologia da OMNI da B. Braun foi desenvolvida para oferecer flexibilidade e eficiência máximas no tratamento de terapias dialíticas.

E agora você pode conhecê-la de uma forma totalmente imersiva: através da realidade virtual.

Experimente o equipamento no seu tempo, sem a necessidade de deslocamento. 🙌🏻 

Se você busca excelência e as soluções mais avançadas, esta é a sua oportunidade de testar o futuro. 👉 Clique no link da bio e agende a sua demonstração.

#BBraun #OMNI #Diálise #TerapiaRenal",imagem,2385,0,2385,91,1,5,0,14,0,20901,0,20901,111,"0,0465408805"
Facebook,B Braun,2025,12,19/12/2025 20:38:53,Sexta-Feira,https://www.facebook.com/1468339928670354/posts/1308950471275968,https://storage.googleapis.com/brv-valhalla-datalake-public/images/14422e11-a733-4234-b8de-ba6d91a1ce75.jpeg,"A tecnologia da OMNI da B. Braun foi desenvolvida para oferecer flexibilidade e eficiência máximas no tratamento de terapias dialíticas.

E agora você pode conhecê-la de uma forma totalmente imersiva: através da realidade virtual.

Experimente o equipamento no seu tempo, sem a necessidade de deslocamento. 🙌🏻 

Se você busca excelência e as soluções mais avançadas, esta é a sua oportunidade de testar o futuro. 👉 Clique no link da bio e agende a sua demonstração.

#BBraun #OMNI #Diálise #TerapiaRenal",imagem,,,360,11,0,0,6,0,,579,0,579,17,"0,04722222222"
Instagram,B Braun,2025,12,18/12/2025 20:02:23,Quinta-Feira,https://www.instagram.com/p/DSat7-YDuMt,https://storage.googleapis.com/brv-valhalla-datalake-public/images/d8a36eda-55d9-472d-af42-5c73df368a5d.mp4,"Que energia foi essa, time?! 🥁✨

Nossa festa de fim de ano no Porto do Rio foi simplesmente inesquecível! Entre shows incríveis e o ritmo contagiante da bateria de escola de samba, celebramos cada conquista de 2025 com a alegria que só a gente tem.

Dê o play pra sentir um pouco do que rolou nesse dia cheio de conexão e alto astral. Estamos prontos para começar 2026 com força total e muita energia para transformar o futuro da saúde! 💙

#BBraun #FestaDaFirma #2025",reels,8727,0,8727,554,42,164,0,28,0,13868,0,13868,788,"0,09029448837"
Facebook,B Braun,2025,12,18/12/2025 20:01:43,Quinta-Feira,https://www.facebook.com/reel/1576579930164351/,https://storage.googleapis.com/brv-valhalla-datalake-public/images/d53da8a3-8543-487d-88b5-79491ac93892.jpeg,"Que energia foi essa, time?! 🥁✨

Nossa festa de fim de ano no Porto do Rio foi simplesmente inesquecível! Entre shows incríveis e o ritmo contagiante da bateria de escola de samba, celebramos cada conquista de 2025 com a alegria que só a gente tem.

Dê o play pra sentir um pouco do que rolou nesse dia cheio de conexão e alto astral. Estamos prontos para começar 2026 com força total e muita energia para transformar o futuro da saúde! 💙

#BBraun #FestaDaFirma #2025",reels,,,3261,79,5,20,223,0,,3903,0,3915,327,"0,100275989"
Facebook,B Braun,2025,12,18/12/2025 12:57:05,Quinta-Feira,https://www.facebook.com/reel/956735020538505/,https://storage.googleapis.com/brv-valhalla-datalake-public/images/c6fcf769-6a50-4ec1-af69-a24e548f07b4.jpeg,"Este mês na B. Braun, a unidade Arsenal foi palco de muita emoção e reconhecimento com o evento Eu Faço Parte dessa História, celebrando o tempo de casa. 💙

Celebramos os nossos colaboradores que completaram 5, 10, 15, 20, 25, 30, 35 e até 40 anos de dedicação à empresa. Cada tempo de casa representa não apenas anos de trabalho, mas sim:
• Milhares de momentos de aprendizado
• Parcerias que viraram amizades
• Ideias que viraram inovações
• O compromisso com o cuidado

Parabéns a todos os homenageados! A nossa história é escrita dia após dia pela paixão e expertise de cada um de vocês. Vocês são a nossa essência.",reels,,,1990,76,16,7,197,0,,2480,0,2501,296,"0,1487437186"
Instagram,B Braun,2025,12,18/12/2025 12:56:54,Quinta-Feira,https://www.instagram.com/p/DSZ26GgkQZE,https://storage.googleapis.com/brv-valhalla-datalake-public/images/1c2088ec-c27e-4ed1-84b3-6ea636ba03a2.mp4,"Este mês na B. Braun, a unidade Arsenal foi palco de muita emoção e reconhecimento com o evento Eu Faço Parte dessa História, celebrando o tempo de casa. 💙

Celebramos os nossos colaboradores que completaram 5, 10, 15, 20, 25, 30, 35 e até 40 anos de dedicação à empresa. Cada tempo de casa representa não apenas anos de trabalho, mas sim:
• Milhares de momentos de aprendizado
• Parcerias que viraram amizades
• Ideias que viraram inovações
• O compromisso com o cuidado

Parabéns a todos os homenageados! A nossa história é escrita dia após dia pela paixão e expertise de cada um de vocês. Vocês são a nossa essência.",reels,5197,0,5197,555,15,38,0,19,0,8922,0,8922,627,"0,1206465268"
Facebook,B Braun,2025,12,17/12/2025 17:18:00,Quarta-Feira,https://www.facebook.com/reel/3328913193944408/,https://storage.googleapis.com/brv-valhalla-datalake-public/images/f4d2ffbc-6d81-4779-8ce4-97a057618c06.jpeg,"No segundo episódio de Um dia na B. Braun, acompanhamos a rotina da nossa equipe de Comunicação, com as pessoas que transformam histórias em conexão e dão vida ao nosso propósito todos os dias.

Entre trajetos, encontros espontâneos, momentos de criação e pausas que recarregam, enxergamos um ambiente que acolhe, inspira e apoia cada talento a evoluir.

Porque quando cuidamos de quem cuida, criamos uma jornada mais humana, leve e cheia de significado.",reels,,,454,15,2,0,22,0,,521,0,522,39,"0,0859030837"
Instagram,B Braun,2025,12,17/12/2025 17:17:58,Quarta-Feira,https://www.instagram.com/p/DSX2YLfkToz,https://storage.googleapis.com/brv-valhalla-datalake-public/images/9369e3db-b5fc-48af-b873-57a7fb7c4100.mp4,"No segundo episódio de Um dia na B. Braun, acompanhamos a rotina da nossa equipe de Comunicação, com as pessoas que transformam histórias em conexão e dão vida ao nosso propósito todos os dias.

Entre trajetos, encontros espontâneos, momentos de criação e pausas que recarregam, enxergamos um ambiente que acolhe, inspira e apoia cada talento a evoluir.

Porque quando cuidamos de quem cuida, criamos uma jornada mais humana, leve e cheia de significado.",reels,3789,0,3789,301,23,26,0,23,0,6084,0,6084,373,"0,09844286091"
Instagram,B Braun,2025,12,16/12/2025 21:40:50,Terça-Feira,https://www.instagram.com/p/DSVvuLDk49H,https://storage.googleapis.com/brv-valhalla-datalake-public/images/67f54702-d918-4072-9df0-9b17678f409b.jpeg,"O CMExperts foi criado para quem entende que dominar processos é o que diferencia um bom profissional de um especialista capaz de liderar padrões mais altos no CME.
Na prática, você aprende os detalhes por trás das melhores práticas, desenvolvendo autonomia, preparo técnico e autoridade no dia a dia.

Quer viver essa evolução? Acesse o link na bio e inscreva-se na formação completa da Aesculap Academy.

Utilize o cupom exclusivo: CMEXPERT15. Válido somente de 15 a 25/12.

Aproveite e garanta sua vaga.",carrossel ,1961,0,1961,68,1,0,0,7,0,25889,0,25889,76,"0,03875573687"
Facebook,B Braun,2025,12,16/12/2025 21:40:46,Terça-Feira,https://www.facebook.com/1468339928670354/posts/1306614754842873,https://storage.googleapis.com/brv-valhalla-datalake-public/images/e49c06db-bebe-4251-90a4-df00d3ec2249.jpeg,"O CMExperts foi criado para quem entende que dominar processos é o que diferencia um bom profissional de um especialista capaz de liderar padrões mais altos no CME.
Na prática, você aprende os detalhes por trás das melhores práticas, desenvolvendo autonomia, preparo técnico e autoridade no dia a dia.

Quer viver essa evolução? Acesse o link na bio e inscreva-se na formação completa da Aesculap Academy.

Utilize o cupom exclusivo: CMEXPERT15. Válido somente de 15 a 25/12.

Aproveite e garanta sua vaga.",galeria,,,243,8,1,0,6,0,,413,0,413,15,"0,06172839506"
Instagram,B Braun,2025,12,11/12/2025 19:35:37,Quinta-Feira,https://www.instagram.com/p/DSIpWEfEUXY,https://storage.googleapis.com/brv-valhalla-datalake-public/images/ff110a16-3723-4878-a612-6ddbbc742f19.mp4,"Essa decisão faz toda a diferença! 💡 No tratamento de doenças cardíacas, saber onde colocar o stent e quando optar pelo balão farmacológico é super importante.

O Dr. Eduardo trouxe uma análise aprofundada sobre o tema para nós. Dê o play e confira.

Ah, e assista ao vídeo completo do ""Educação Conectada"" no canal da B. Braun Brasil no YouTube para ficar por dentro do assunto. Link na bio.

#BBraun #EducaçãoConectada #Cardiologia #Saúde",reels,2971,0,2971,73,4,3,0,4,0,3734,0,3734,84,"0,02827330865"
Facebook,B Braun,2025,12,11/12/2025 19:35:36,Quinta-Feira,https://www.facebook.com/reel/1080854350732807/,https://storage.googleapis.com/brv-valhalla-datalake-public/images/f5aa09eb-30b2-402d-8bee-595a44504f36.jpeg,"Essa decisão faz toda a diferença! 💡 No tratamento de doenças cardíacas, saber onde colocar o stent e quando optar pelo balão farmacológico é super importante.

O Dr. Eduardo trouxe uma análise aprofundada sobre o tema para nós. Dê o play e confira.

Ah, e assista ao vídeo completo do ""Educação Conectada"" no canal da B. Braun Brasil no YouTube para ficar por dentro do assunto: https://youtu.be/oupV4w9MBIA 

#BBraun #EducaçãoConectada #Cardiologia #Saúde",reels,,,150,4,2,0,0,0,,222,0,222,6,"0,04"
Facebook,B Braun,2025,12,10/12/2025 12:00:43,Quarta-Feira,https://www.facebook.com/1468339928670354/posts/1301682422002773,https://storage.googleapis.com/brv-valhalla-datalake-public/images/9ba1aa29-a3a2-4be8-8dfe-62b2837c817b.jpeg,"Você sabia que existem diferentes tipos de anestesia?

Cada uma tem uma indicação e uma forma de atuação no corpo, garantindo conforto e segurança durante os procedimentos médicos.

Da anestesia geral à local, passando pela raquidiana, peridural, bloqueios e sedação, cada técnica tem um papel específico — e o anestesiologista é quem avalia a melhor opção para cada paciente.

Ficou com dúvidas? Converse sempre com seu médico.",galeria,,,424,12,1,1,17,0,,681,0,681,31,"0,07311320755"
Instagram,B Braun,2025,12,10/12/2025 12:00:19,Quarta-Feira,https://www.instagram.com/p/DSFQhCrDXOq,https://storage.googleapis.com/brv-valhalla-datalake-public/images/6b0188a0-3c0b-47cd-a0b4-a973d1b25820.jpeg,"Você sabia que existem diferentes tipos de anestesia?

Cada uma tem uma indicação e uma forma de atuação no corpo, garantindo conforto e segurança durante os procedimentos médicos.

Da anestesia geral à local, passando pela raquidiana, peridural, bloqueios e sedação, cada técnica tem um papel específico — e o anestesiologista é quem avalia a melhor opção para cada paciente.

Ficou com dúvidas? Converse sempre com seu médico.",carrossel ,2514,0,2514,75,1,6,0,16,0,29943,0,29943,98,"0,03898170247"
Instagram,B Braun,2025,12,09/12/2025 20:01:46,Terça-Feira,https://www.instagram.com/p/DSDisxhAjM3,https://storage.googleapis.com/brv-valhalla-datalake-public/images/4244c96a-6a45-4147-977d-1c5eccbafb59.mp4,"Vem aí mais um Educação Conectada! 🔥

A Doença Arterial Coronariana (DAC) pede atenção, atualização e aquele conteúdo que faz a diferença no cuidado. E é exatamente isso que estamos preparando para você!

Em breve, vamos liberar um vídeo especial sobre os pontos-chave da DAC pra você ficar ainda mais seguro nas decisões do dia a dia.

👀 Fica de olho por aqui para não perder nada.

#BBraun #EducaçãoConectada #Cardiologia",reels,2414,0,2414,57,2,3,0,2,0,3032,0,3032,64,"0,02651201326"
Facebook,B Braun,2025,12,09/12/2025 20:00:28,Terça-Feira,https://www.facebook.com/reel/1181164526906855/,https://storage.googleapis.com/brv-valhalla-datalake-public/images/3c7fcb71-31f2-4f74-ae5e-7b6faa74a379.jpeg,"Vem aí mais um Educação Conectada! 🔥

A Doença Arterial Coronariana (DAC) pede atenção, atualização e aquele conteúdo que faz a diferença no cuidado. E é exatamente isso que estamos preparando para você!

Em breve, vamos liberar um vídeo especial sobre os pontos-chave da DAC pra você ficar ainda mais seguro nas decisões do dia a dia.

👀 Fica de olho por aqui para não perder nada.

#BBraun #EducaçãoConectada #Cardiologia",reels,,,188,3,0,0,1,0,,236,0,236,4,"0,02127659574"
Facebook,B Braun,2025,12,05/12/2025 15:00:24,Sexta-Feira,https://www.facebook.com/reel/2083750119106491/,https://storage.googleapis.com/brv-valhalla-datalake-public/images/dd1f1a02-7222-4ee5-a176-8b7e24c384ea.jpeg,"A neurocirurgia é uma especialidade que exige máxima precisão. Para apoiar os profissionais em procedimentos de alta complexidade, a B. Braun oferece soluções tecnológicas que fazem a diferença. 🙌🏻

Cada solução é projetada para melhorar desfechos clínicos, reduzir riscos e dar aos profissionais a confiança necessária para cuidar da vida.

#BBraun #Neurocirurgia #Medicina #Tecnologia #Saúde",reels,,,233,8,0,0,1,0,,267,0,268,9,"0,03862660944"
Instagram,B Braun,2025,12,05/12/2025 15:00:00,Sexta-Feira,https://www.instagram.com/p/DR4tHI-CMIq,https://storage.googleapis.com/brv-valhalla-datalake-public/images/c947e24a-6f29-43ab-a546-3cc145f970b7.mp4,"A neurocirurgia é uma especialidade que exige máxima precisão. Para apoiar os profissionais em procedimentos de alta complexidade, a B. Braun oferece soluções tecnológicas que fazem a diferença. 🙌🏻

Cada solução é projetada para melhorar desfechos clínicos, reduzir riscos e dar aos profissionais a confiança necessária para cuidar da vida.

#BBraun #Neurocirurgia #Medicina #Tecnologia #Saúde",reels,2079,0,2079,73,1,6,0,5,0,2640,0,2640,85,"0,04088504089"
Instagram,B Braun,2025,12,03/12/2025 15:00:34,Quarta-Feira,https://www.instagram.com/p/DRzjlGjjPxJ,https://storage.googleapis.com/brv-valhalla-datalake-public/images/4b642154-74e3-41c7-baf7-6d2613ba377a.jpeg,"A prevenção cardiovascular é um dos caminhos mais eficazes para salvar vidas. 💚

Com hábitos saudáveis, acompanhamento médico e acesso a tecnologias seguras, é possível reduzir riscos, melhorar a qualidade de vida e evitar custos futuros com tratamentos. 

Na B. Braun, acreditamos que cuidar do coração é investir em saúde no futuro.

Passe para o lado e descubra os principais benefícios da prevenção cardiovascular.

#BBraun #PrevençãoCardiovascular",carrossel ,1666,0,1666,39,0,1,0,3,0,17401,0,17401,43,"0,02581032413"
Facebook,B Braun,2025,12,03/12/2025 15:00:15,Quarta-Feira,https://www.facebook.com/1468339928670354/posts/1296411699196512,https://storage.googleapis.com/brv-valhalla-datalake-public/images/2751cef4-5631-4872-8c89-6f29c9d0517d.jpeg,"A prevenção cardiovascular é um dos caminhos mais eficazes para salvar vidas. 💚

Com hábitos saudáveis, acompanhamento médico e acesso a tecnologias seguras, é possível reduzir riscos, melhorar a qualidade de vida e evitar custos futuros com tratamentos. 

Na B. Braun, acreditamos que cuidar do coração é investir em saúde no futuro.

Passe para o lado e descubra os principais benefícios da prevenção cardiovascular.

#BBraun #PrevençãoCardiovascular",galeria,,,181,7,1,0,0,0,,276,0,276,8,"0,04419889503"
Instagram,B Braun,2025,12,02/12/2025 13:00:58,Terça-Feira,https://www.instagram.com/p/DRwxGR-DRwx,https://storage.googleapis.com/brv-valhalla-datalake-public/images/1610a81b-3826-46ef-b25d-6064db34dd5f.jpeg,"A água é um recurso vital e, na B. Braun, a consideramos um dos nossos maiores compromissos. Para nós, cuidar da água é cuidar da vida. 💙

Por isso, investimos em processos e tecnologias que reduzem o consumo e evitam o desperdício, com o objetivo de contribuir para um futuro mais saudável e sustentável para todos. Arraste para o lado e saiba mais.

Acreditamos que, com tecnologia e consciência, podemos fazer a diferença.

#BBraun #Sustentabilidade #MeioAmbiente #Água",carrossel ,2077,0,2077,48,2,3,0,5,0,16647,0,16647,58,"0,02792489167"
Facebook,B Braun,2025,12,02/12/2025 13:00:27,Terça-Feira,https://www.facebook.com/1468339928670354/posts/1295579749279707,https://storage.googleapis.com/brv-valhalla-datalake-public/images/24970ca9-0088-401a-8414-b46141de1053.jpeg,"A água é um recurso vital e, na B. Braun, a consideramos um dos nossos maiores compromissos. Para nós, cuidar da água é cuidar da vida. 💙

Por isso, investimos em processos e tecnologias que reduzem o consumo e evitam o desperdício, com o objetivo de contribuir para um futuro mais saudável e sustentável para todos. Arraste para o lado e saiba mais.

Acreditamos que, com tecnologia e consciência, podemos fazer a diferença.

#BBraun #Sustentabilidade #MeioAmbiente #Água",galeria,,,214,6,1,1,0,0,,303,0,303,8,"0,03738317757"
Instagram,B Braun,2025,11,28/11/2025 22:01:19,Sexta-Feira,https://www.instagram.com/p/DRnbwe_k3l7,https://storage.googleapis.com/brv-valhalla-datalake-public/images/7cfe856b-2230-4741-9bc9-f65a7139537a.jpeg,"Homem que se cuida não tem medo de check-up, tem atitude! 💪💙

Novembro Azul é o nosso lembrete anual: a prevenção do Câncer de Próstata é séria, mas o cuidado diário pode ser leve e simples. Arraste e confira nosso checklist de hábitos que fazem a diferença na sua saúde.

A B. Braun apoia essa causa, reforçando que cuidar de si é um ato de cuidado. Marque um amigo que precisa desse lembrete hoje. 👇

#NovembroAzul #Prevenção #BBraun",carrossel ,1454,0,1454,30,2,1,0,3,0,13216,0,13216,36,"0,02475928473"
Facebook,B Braun,2025,11,28/11/2025 22:01:16,Sexta-Feira,https://www.facebook.com/1468339928670354/posts/1292894696214879,https://storage.googleapis.com/brv-valhalla-datalake-public/images/7b553323-c9db-482a-a9fb-7aef3fdd8d37.jpeg,"Homem que se cuida não tem medo de check-up, tem atitude! 💪💙

Novembro Azul é o nosso lembrete anual: a prevenção do Câncer de Próstata é séria, mas o cuidado diário pode ser leve e simples. Arraste e confira nosso checklist de hábitos que fazem a diferença na sua saúde.

A B. Braun apoia essa causa, reforçando que cuidar de si é um ato de cuidado. Marque um amigo que precisa desse lembrete hoje. 👇

#NovembroAzul #Prevenção #BBraun",galeria,,,231,3,0,1,0,0,,344,0,344,4,"0,01731601732"
Facebook,B Braun,2025,11,20/11/2025 18:16:55,Quinta-Feira,https://www.facebook.com/reel/2008298626407038/,https://storage.googleapis.com/brv-valhalla-datalake-public/images/3e73aeec-43c6-4569-9949-e030cc416433.jpeg,"O novo episódio do Educação Conectada está no ar, você já conferiu?

O conteúdo que aprofunda o tema das Emulsões lipídicas em terapia intensiva: otimização terapêutica e suas implicações metabólicas,  já está disponível no YouTube da B. Braun.

Com a presença do nosso convidado especial, Dr. Ricardo Rosenfeld, Diretor Médico da Eterno Terapia Nutricional e Diretor da Equipe de Terapia Nutricional da Casa de Saúde São José (RJ), o episódio traz uma análise sobre composição lipídica, critérios de escolha e aplicações clínicas.

Assista ao episódio completo no YouTube da B. Braun: https://www.youtube.com/watch?v=Am8z_-cmO_Q&feature=youtu.be",reels,,,212,4,0,0,0,0,,259,0,259,4,"0,01886792453"
Instagram,B Braun,2025,11,20/11/2025 18:15:50,Quinta-Feira,https://www.instagram.com/p/DRSbfC0DaBg,https://storage.googleapis.com/brv-valhalla-datalake-public/images/560c95c1-877c-469c-bd10-e0d3663b423c.mp4,"O novo episódio do Educação Conectada está no ar, você já conferiu?

O conteúdo que aprofunda o tema das emulsões lipídicas em terapia intensiva: otimização terapêutica e suas implicações metabólicas, já está disponível no YouTube da B. Braun.

Com a presença do nosso convidado especial, Dr. Ricardo Rosenfeld, Diretor Médico da Eterno Terapia Nutricional e Diretor da Equipe de Terapia Nutricional da Casa de Saúde São José (RJ), o episódio traz uma análise sobre composição lipídica, critérios de escolha e aplicações clínicas.

Assista ao episódio completo no YouTube da B. Braun, link na bio!",reels,1695,0,1695,46,2,2,0,1,0,2038,0,2038,51,"0,03008849558"
Instagram,B Braun,2025,11,19/11/2025 13:32:54,Quarta-Feira,https://www.instagram.com/p/DRPWay-DIbs,https://storage.googleapis.com/brv-valhalla-datalake-public/images/bbb341f0-2fda-4e2d-bc11-7353f689e85b.jpeg,"Muito além da tecnologia, a B. Braun carrega histórias de confiança, impacto e inovação há mais de 180 anos. Descubra curiosidades que conectam você a uma marca que não transforma apenas a saúde, mas a vida das pessoas. 

Deslize e conheça. 👉 

#BBraun #SaúdeComPropósito #OrgulhoBBraun",carrossel ,2616,0,2616,72,2,9,0,0,0,11836,0,11836,83,"0,03172782875"
Facebook,B Braun,2025,11,19/11/2025 13:32:47,Quarta-Feira,https://www.facebook.com/1468339928670354/posts/1285305846973764,https://storage.googleapis.com/brv-valhalla-datalake-public/images/b943cb25-26b0-454f-aec5-68bc87c02fda.jpeg,"Muito além da tecnologia, a B. Braun carrega histórias de confiança, impacto e inovação há mais de 180 anos. Descubra curiosidades que conectam você a uma marca que não transforma apenas a saúde, mas a vida das pessoas. 

Deslize e conheça. 👉 

#BBraun #SaúdeComPropósito #OrgulhoBBraun",galeria,,,327,12,1,0,6,0,,530,0,530,19,"0,05810397554"
Instagram,B Braun,2025,11,16/11/2025 12:00:59,Domingo,https://www.instagram.com/p/DRHdg_kAUO9,https://storage.googleapis.com/brv-valhalla-datalake-public/images/6a565aa1-f40e-4068-9526-264a278c3504.jpeg,"No Dia Nacional dos Estomizados, nossa homenagem é a quem transforma coragem em rotina. 

A ostomia é um novo caminho, e todo paciente merece percorrê-lo com autonomia, acolhimento e cuidado.

Seguimos presentes para oferecer soluções que devolvem bem-estar, confiança e qualidade de vida.",carrossel ,2700,0,2700,57,5,12,0,1,0,11712,0,11712,75,"0,02777777778"
Facebook,B Braun,2025,11,16/11/2025 12:00:35,Domingo,https://www.facebook.com/1468339928670354/posts/1282790623891953,https://storage.googleapis.com/brv-valhalla-datalake-public/images/13a5d4a3-8ea1-4502-9bbc-7796c7495bbf.jpeg,"No Dia Nacional dos Estomizados, nossa homenagem é a quem transforma coragem em rotina. 

A ostomia é um novo caminho, e todo paciente merece percorrê-lo com autonomia, acolhimento e cuidado.

Seguimos presentes para oferecer soluções que devolvem bem-estar, confiança e qualidade de vida.",galeria,,,359,10,1,0,2,0,,501,0,501,13,"0,03621169916"
Instagram,B Braun,2025,11,14/11/2025 21:57:11,Sexta-Feira,https://www.instagram.com/p/DRDYJ5Skx--,https://storage.googleapis.com/brv-valhalla-datalake-public/images/62691b45-c855-4fec-8f70-e961097c0f53.jpeg,"Cuidar da segurança hospitalar é um esforço coletivo e começa com ações simples no dia a dia.

Na B. Braun, acreditamos que promover essas boas-práticas é proteger vidas, garantir qualidade e valorizar os profissionais da saúde.

Compartilhe este post e fortaleça a cultura da segurança no seu ambiente de trabalho. 

#SegurançaHospitalar #BoasPráticasNaSaúde #BBraunBrasil #CuidadoComQualidade #HospitaisSeguros #ProfissionaisDaSaúde",carrossel ,1505,0,1505,38,2,2,0,2,0,9026,0,9026,44,"0,0292358804"
Facebook,B Braun,2025,11,14/11/2025 21:57:06,Sexta-Feira,https://www.facebook.com/1468339928670354/posts/1281525664018449,https://storage.googleapis.com/brv-valhalla-datalake-public/images/ace513b8-a082-426b-97cf-dec9f030320f.jpeg,"Cuidar da segurança hospitalar é um esforço coletivo e começa com ações simples no dia a dia.

Na B. Braun, acreditamos que promover essas boas-práticas é proteger vidas, garantir qualidade e valorizar os profissionais da saúde.

Compartilhe este post e fortaleça a cultura da segurança no seu ambiente de trabalho. 

#SegurançaHospitalar #BoasPráticasNaSaúde #BBraunBrasil #CuidadoComQualidade #HospitaisSeguros #ProfissionaisDaSaúde",galeria,,,233,7,2,0,3,0,,373,0,373,12,"0,05150214592"
Instagram,B Braun,2025,11,14/11/2025 14:23:09,Sexta-Feira,https://www.instagram.com/p/DRCkMauGBCH,https://storage.googleapis.com/brv-valhalla-datalake-public/images/4e16bc5a-e831-4d21-878b-013f43a2a802.jpeg,"Você sabia que a cada ano, 72 mil brasileiros são diagnosticados com câncer de próstata? Por isso, Novembro Azul é o mês de desmistificar e agir. 💙

Deslize para o lado e confira as verdades que todo homem precisa saber sobre o Câncer de Próstata.

Lembre-se: o diagnóstico precoce pode elevar as chances de cura. 👉 Não deixe para depois o cuidado que transforma o seu futuro!

#NovembroAzul #CâncerDePróstata #Saúde",carrossel ,1444,0,1444,23,0,1,0,1,0,8055,0,8055,25,"0,01731301939"
Facebook,B Braun,2025,11,14/11/2025 14:23:04,Sexta-Feira,https://www.facebook.com/1468339928670354/posts/1281265857377763,https://storage.googleapis.com/brv-valhalla-datalake-public/images/dd0eb668-db71-4f92-86d3-9b4b8eb6c803.jpeg,"Você sabia que a cada ano, 72 mil brasileiros são diagnosticados com câncer de próstata? Por isso, Novembro Azul é o mês de desmistificar e agir. 💙

Deslize para o lado e confira as verdades que todo homem precisa saber sobre o Câncer de Próstata.

Lembre-se: o diagnóstico precoce pode elevar as chances de cura. 👉 Não deixe para depois o cuidado que transforma o seu futuro!

#NovembroAzul #CâncerDePróstata #Saúde",galeria,,,326,7,0,0,1,0,,438,0,438,8,"0,0245398773"
Facebook,B Braun,2025,11,13/11/2025 18:51:55,Quinta-Feira,https://www.facebook.com/reel/1652473202747804/,https://storage.googleapis.com/brv-valhalla-datalake-public/images/91b41f9f-1ba0-43ac-9e19-f6e452e9aedb.jpeg,"O novo episódio do Educação Conectada já está no ar.

Nesta edição, convidamos o Dr. Ricardo Rosenfeld, autoridade na área, para falar sobre emulsões lipídicas em Terapia Nutricional, em uma discussão técnica e fundamentada em evidências, pensada para profissionais que buscam aprofundar o entendimento sobre o tema.

O episódio apresenta uma análise completa sobre composição lipídica, critérios de escolha, aplicações em nutrição parenteral e os principais impactos metabólicos e aspectos clínicos envolvidos no uso dessas emulsões.

Assista agora no nosso canal: https://youtu.be/Am8z_-cmO_Q",reels,,,182,3,0,0,0,0,,219,0,219,3,"0,01648351648"
Instagram,B Braun,2025,11,13/11/2025 18:50:58,Quinta-Feira,https://www.instagram.com/p/DRAd8XHkTp_,https://storage.googleapis.com/brv-valhalla-datalake-public/images/888087e6-fa67-4039-b4d3-21fe6c4bee3f.mp4,"O novo episódio do Educação Conectada já está no ar.

Nesta edição, convidamos o Dr. Ricardo Rosenfeld, autoridade na área, para falar sobre emulsões lipídicas em terapia intensiva: otimização terapêutica e suas implicações metabólicas, em uma discussão técnica e fundamentada em evidências, pensada para profissionais que buscam aprofundar o entendimento sobre o tema.

O episódio apresenta uma análise completa sobre composição lipídica, critérios de escolha, aplicações em nutrição parenteral e os principais impactos metabólicos e aspectos clínicos envolvidos no uso dessas emulsões.

Assista ao episódio completo no link da bio.",reels,1588,0,1588,37,4,4,0,3,0,2067,0,2067,48,"0,03022670025"
Facebook,B Braun,2025,11,12/11/2025 23:10:22,Quarta-Feira,https://www.facebook.com/reel/1487090469184924/,https://storage.googleapis.com/brv-valhalla-datalake-public/images/6a072b8e-35cc-477f-a804-4ee221ad279b.jpeg,"🚨 Curso avançado gratuito: ciência e precisão para anestesistas.

A B. Braun oferece o curso de nível avançado Anestesia Baseada em Evidências!

Aprenda o que há de mais atual com o speaker internacional Prof. Dr. Paul Kessler, da Alemanha. O conteúdo é pautado em evidências para garantir decisões mais seguras e embasadas em sua rotina clínica.

O que te espera?
Domínio em bloqueios regionais e anestesia sem opioides
Treinamento em desafios como o bloqueio guiado
Certificado Aesculap Academy: sinônimo de educação especializada e inovadora

A excelência na anestesia é fundamental para o bem-estar do paciente.

Garanta sua vaga agora: https://brasil-academiaaesculap.onschool.com.br/c/2b5ca66e-bf3d-4f75-90a6-b01825895c5a",reels,,,125,6,0,0,0,0,,147,0,147,6,"0,048"
Facebook,B Braun,2025,11,12/11/2025 23:08:17,Quarta-Feira,https://www.facebook.com/reel/1741558416528280/,https://storage.googleapis.com/brv-valhalla-datalake-public/images/67bab8da-93e2-4a89-bc53-27553ae1d9f9.jpeg,"🚨 Curso avançado gratuito: ciência e precisão para anestesistas.

A B. Braun oferece o curso de nível avançado Anestesia Baseada em Evidências!

Aprenda o que há de mais atual com o speaker internacional Prof. Dr. Paul Kessler, da Alemanha. O conteúdo é pautado em evidências para garantir decisões mais seguras e embasadas em sua rotina clínica.

O que te espera?
Domínio em bloqueios regionais e anestesia sem opioides
Treinamento em desafios como o bloqueio guiado
Certificado Aesculap Academy: sinônimo de educação especializada e inovadora

A excelência na anestesia é fundamental para o bem-estar do paciente.

Garanta sua vaga agora: https://brasil-academiaaesculap.onschool.com.br/c/2b5ca66e-bf3d-4f75-90a6-b01825895c5a",reels,,,105,4,0,0,0,0,,120,0,120,4,"0,0380952381"
Instagram,B Braun,2025,11,12/11/2025 23:00:11,Quarta-Feira,https://www.instagram.com/p/DQ-VsJBDH6y,https://storage.googleapis.com/brv-valhalla-datalake-public/images/d7e24bd1-da4e-4207-ab79-9c26e21fcbb2.mp4,"Anestesista, a tranquilidade e a segurança do paciente estão em suas mãos. 

Para apoiar decisões ainda mais embasadas e precisas, trouxemos o curso avançado e GRATUITO ""Anestesia Baseada em Evidências"".

Você aprenderá com o Prof. Dr. Paul Kessler, da Alemanha, sobre:
Técnicas de anestesia sem opioides
Bloqueios regionais pautados em evidências
Desafio do bloqueio guiado

Ao fim do curso, receba o Certificado Aesculap Academy. Um selo de credibilidade que valoriza sua trajetória.

Aprimorar-se é cuidar com ainda mais precisão.

🔗 Inscreva-se hoje! Link na bio. 

#BBraun #AesculapAcademy #AnestesiaBaseadaEmEvidências #Anestesiologia #EducaçãoEmSaúde #AtualizaçãoProfissional #CuidadoQueTransforma",reels,1933,0,1933,48,0,21,0,1,0,2811,0,2811,70,"0,0362131402"
Facebook,B Braun,2025,11,11/11/2025 19:47:42,Terça-Feira,https://www.facebook.com/reel/1395318885290748/,https://storage.googleapis.com/brv-valhalla-datalake-public/images/0f712287-da95-4a75-8836-54a4af031ddc.jpeg,"Vem aí mais um novo episódio do Educação Conectada.

Nesta edição, o Dr. Ricardo Rosenfeld, especialista em Terapia Nutricional, aborda o tema  “Emulsões lipídicas em terapia intensiva: otimização terapêutica e suas implicações metabólicas"", explorando pontos-chave como composição, seleção e nutrição parenteral.

Fique atento às nossas redes sociais para não perder o lançamento do episódio completo.",reels,,,406,4,0,0,0,0,,481,0,481,4,"0,009852216749"
Instagram,B Braun,2025,11,11/11/2025 19:46:41,Terça-Feira,https://www.instagram.com/p/DQ7auPyACIH,https://storage.googleapis.com/brv-valhalla-datalake-public/images/4cae823c-0441-4cd3-94ed-2805caa4bc21.mp4,"Vem aí mais um novo episódio do Educação Conectada.

Nesta edição, o Dr. Ricardo Rosenfeld, especialista em Terapia Nutricional, aborda o tema “Emulsões lipídicas em terapia intensiva: otimização terapêutica e suas implicações metabólicas"", explorando pontos-chave como composição, seleção e nutrição parenteral.

Fique atento às nossas redes sociais para não perder o lançamento do episódio completo.",reels,2074,0,2074,40,2,11,0,0,0,2904,0,2904,53,"0,02555448409"
Facebook,B Braun,2025,11,10/11/2025 19:44:08,Segunda-Feira,https://www.facebook.com/reel/860261126561896/,https://storage.googleapis.com/brv-valhalla-datalake-public/images/6b0a14dd-591f-4bba-b4c7-0054374d419b.jpeg,"No Dia do Médico Intensivista, a B. Braun homenageia quem transforma a ciência em cuidado, precisão e acolhimento todos os dias.

🩺 Celebramos a coragem de quem lida com a pressão máxima das Terapias Intensivas, onde cada detalhe importa e qualquer escolha é decisiva para o paciente.

A B. Braun é uma aliada desses profissionais. Atuamos incansavelmente para que nossa tecnologia torne cada decisão mais segura e cada vida mais protegida.

Feliz Dia do Médico Intensivista! A sua dedicação inspira o nosso compromisso: proteger e melhorar a saúde das pessoas ao redor do mundo.

#DiaDoMédico #BBraun #UmaVidaSignificaMuito #InovaçãoEmSaúde #UTI",reels,,,385,6,0,0,2,0,,417,0,417,8,"0,02077922078"
Instagram,B Braun,2025,11,10/11/2025 19:43:31,Segunda-Feira,https://www.instagram.com/p/DQ41nfUj3nD,https://storage.googleapis.com/brv-valhalla-datalake-public/images/84680aff-bd1f-4cd4-a616-43ecde019ef9.mp4,"No Dia do Médico Intensivista, a B. Braun homenageia quem transforma a ciência em cuidado, precisão e acolhimento todos os dias.

🩺 Celebramos a coragem de quem lida com a pressão máxima das Terapias Intensivas, onde cada detalhe importa e qualquer escolha é decisiva para o paciente.

A B. Braun é uma aliada desses profissionais. Atuamos incansavelmente para que nossa tecnologia torne cada decisão mais segura e cada vida mais protegida.

Feliz Dia do Médico Intensivista! A sua dedicação inspira o nosso compromisso: proteger e melhorar a saúde das pessoas ao redor do mundo.

#DiaDoMédico #BBraun #UmaVidaSignificaMuito #InovaçãoEmSaúde #UTI",reels,1628,0,1628,44,1,4,0,0,0,2245,0,2245,49,"0,0300982801"
Facebook,B Braun,2025,11,06/11/2025 22:39:13,Quinta-Feira,https://www.facebook.com/reel/1347372253505246/,https://storage.googleapis.com/brv-valhalla-datalake-public/images/b8958923-19b9-4e2d-8d0a-ca0580d2ec89.jpeg,"#TBT de um dia especial na B. Braun.

No Dia das Crianças, abrimos nossas portas para que os filhos dos colaboradores conhecessem de perto a rotina de trabalho dos pais.

Oficinas, brincadeiras e conversas sobre cuidado tornaram o dia ainda mais significativo, para eles e para nós.

Um momento para lembrar que o cuidado também se aprende, se vive e se compartilha.",reels,,,285,12,3,0,19,0,,376,0,378,34,"0,1192982456"
Instagram,B Braun,2025,11,06/11/2025 22:38:02,Quinta-Feira,https://www.instagram.com/p/DQu2V7siORC,https://storage.googleapis.com/brv-valhalla-datalake-public/images/2d0fc3f5-b06b-401e-af5e-1913aabefd54.mp4,"#TBT de um dia especial na B. Braun.

No Dia das Crianças, abrimos nossas portas para que os filhos dos colaboradores conhecessem de perto a rotina de trabalho dos pais.

Oficinas, brincadeiras e conversas sobre cuidado tornaram o dia ainda mais significativo, para eles e para nós.

Um momento para lembrar que o cuidado também se aprende, se vive e se compartilha.",reels,2216,0,2216,163,25,22,0,1,0,3764,0,3764,211,"0,0952166065"
Instagram,B Braun,2025,11,03/11/2025 22:04:22,Segunda-Feira,https://www.instagram.com/p/DQnEO5_E5Dg,https://storage.googleapis.com/brv-valhalla-datalake-public/images/e4b23f54-d4b1-4a91-9097-d15c8bfd6605.jpeg,"A B. Braun estará no CBMI 2025 com soluções que conectam tecnologia e prática clínica, promovendo uma gestão mais segura, integrada e conectada ao cuidado.

No nosso estande, você vai conhecer as bombas de infusão com Conectividade, Integração e Interoperabilidade, que transformam dados em decisões mais assertivas, fortalecem a segurança do paciente e ampliam a conectividade entre os sistemas hospitalares.

Essas soluções promovem a integração entre dispositivos e plataformas, contribuindo para um ecossistema de saúde mais eficiente e inteligente.

E não perca o simpósio “Desmistificando a Biblioteca de Fármacos e Integração de Bombas de Infusão”, com a presença de Davidson Correa (B. Braun) e Enf.º Thiago Oliveira, Enfermeiro Especialista em Terapia Intensiva Pediátrica e Neonatal, atuando nas Unidades Críticas Infantis do Hospital Samaritano Higienópolis – SP.

📅 07/11 – Almoço | Formato: bate-papo entre especialistas
🕐 12h40 às 13h50

Esperamos por você no estande n.º 15 para viver de perto o cuidado em evolução com a B. Braun.",carrossel ,2434,0,2434,52,5,13,0,1,0,8675,0,8675,71,"0,02917009039"
Facebook,B Braun,2025,11,03/11/2025 22:04:18,Segunda-Feira,https://www.facebook.com/1468339928670354/posts/1271989654972050,https://storage.googleapis.com/brv-valhalla-datalake-public/images/6c5e573d-3cd3-4ae0-9269-4c21ef8fcc34.jpeg,"A B. Braun estará no CBMI 2025 com soluções que conectam tecnologia e prática clínica, promovendo uma gestão mais segura, integrada e conectada ao cuidado.

No nosso estande, você vai conhecer as bombas de infusão com Conectividade, Integração e Interoperabilidade, que transformam dados em decisões mais assertivas, fortalecem a segurança do paciente e ampliam a conectividade entre os sistemas hospitalares.

Essas soluções promovem a integração entre dispositivos e plataformas, contribuindo para um ecossistema de saúde mais eficiente e inteligente.

E não perca o simpósio “Desmistificando a Biblioteca de Fármacos e Integração de Bombas de Infusão”, com a presença de Davidson Correa (B. Braun) e Enf.º Thiago Oliveira, Enfermeiro Especialista em Terapia Intensiva Pediátrica e Neonatal, atuando nas Unidades Críticas Infantis do Hospital Samaritano Higienópolis – SP.

📅 07/11 – Almoço | Formato: bate-papo entre especialistas
🕐 12h40 às 13h50

Esperamos por você no estande n.º 15 para viver de perto o cuidado em evolução com a B. Braun.",galeria,,,303,10,1,1,9,0,,455,0,455,21,"0,06930693069"
Facebook,B Braun,2025,10,30/10/2025 14:24:25,Quinta-Feira,https://www.facebook.com/reel/1504843337389688/,https://storage.googleapis.com/brv-valhalla-datalake-public/images/39fbe494-eb01-404d-bc48-df9df3f576b0.jpeg,"Cada história contada é um lembrete de que o cuidado vai muito além do tratamento. Relembre a ação que humanizou o processo de hemodiálise.

Na campanha Uma Vida Significa Muito, damos voz a quem vive de perto a hemodiálise. Profissionais, pacientes e familiares que, juntos, mostram a força do amor, da esperança e da tecnologia em transformar vidas.

Porque, quando olhamos para cada pessoa com empatia e compromisso, entendemos que uma vida significa muito.",reels,,,152,8,1,0,3,0,,225,0,229,12,"0,07894736842"
Instagram,B Braun,2025,10,30/10/2025 14:23:47,Quinta-Feira,https://www.instagram.com/p/DQb8RbwCbQE,https://storage.googleapis.com/brv-valhalla-datalake-public/images/4c7e88ec-fbd3-4891-a943-41db0d1f8b39.mp4,"Cada história contada é um lembrete de que o cuidado vai muito além do tratamento. Relembre a ação que humanizou o processo de hemodiálise.

Na campanha Uma Vida Significa Muito, damos voz a quem vive de perto a hemodiálise. Profissionais, pacientes e familiares que, juntos, mostram a força do amor, da esperança e da tecnologia em transformar vidas.

Porque, quando olhamos para cada pessoa com empatia e compromisso, entendemos que uma vida significa muito.",reels,2025,0,2025,84,5,17,0,2,0,3239,0,3239,108,"0,05333333333"
Instagram,B Braun,2025,10,29/10/2025 22:16:18,Quarta-Feira,https://www.instagram.com/p/DQaNn7Vk64I,https://storage.googleapis.com/brv-valhalla-datalake-public/images/b8d3eebd-4538-46ac-bd22-951bd3c67ba4.jpeg,"A sustentabilidade também está no combustível que move nossos compromissos. 🌱

Ao migrar da gasolina para o etanol, reduzimos em 45% as emissões de CO₂ da nossa frota.
Em apenas um mês, passamos de 14% para 92% dos veículos movidos a etanol.

Pequenas mudanças que geram grandes impactos, por um futuro mais limpo e sustentável. 💚

#BBraun #Sustentabilidade #InovaçãoVerde #ESG #MeioAmbiente",carrossel ,1333,0,1333,55,3,4,0,0,0,7947,0,7947,62,"0,04651162791"
Facebook,B Braun,2025,10,29/10/2025 22:16:14,Quarta-Feira,https://www.facebook.com/1468339928670354/posts/1267644765406539,https://storage.googleapis.com/brv-valhalla-datalake-public/images/dc3c81cd-ff09-4e6a-b288-91852de3066b.jpeg,"A sustentabilidade também está no combustível que move nossos compromissos. 🌱

Ao migrar da gasolina para o etanol, reduzimos em 45% as emissões de CO₂ da nossa frota.
Em apenas um mês, passamos de 14% para 92% dos veículos movidos a etanol.

Pequenas mudanças que geram grandes impactos, por um futuro mais limpo e sustentável. 💚

#BBraun #Sustentabilidade #InovaçãoVerde #ESG #MeioAmbiente",galeria,,,209,9,1,0,6,0,,313,0,313,16,"0,07655502392"
Instagram,B Braun,2025,10,28/10/2025 22:19:28,Terça-Feira,https://www.instagram.com/p/DQXpMNlE9bI,https://storage.googleapis.com/brv-valhalla-datalake-public/images/84d24d49-f735-4bb1-a11b-f2211e9089a9.jpeg,"OMNI® é mais que tecnologia, é confiança para quem cuida.
E, para apoiar ainda mais os profissionais de enfermagem, lançamos uma playlist exclusiva no YouTube com vídeos práticos sobre o uso da OMNI®, equipamento que une efetividade no tratamento renal, flexibilidade terapêutica e tecnologia moderna.
Cada vídeo foi pensado para fortalecer a rotina de quem está na linha de frente, oferecendo mais segurança, autonomia e conhecimento.
Porque cuidar exige conhecimento e segurança para salvar vidas.
E uma vida significa muito.

▶️ Assista à playlist no YouTube: [link na bio]",imagem,1679,0,1679,40,1,12,0,1,0,8070,0,8070,54,"0,03216200119"
Facebook,B Braun,2025,10,28/10/2025 22:19:26,Terça-Feira,https://www.facebook.com/1468339928670354/posts/1266874732150209,https://storage.googleapis.com/brv-valhalla-datalake-public/images/471e69cb-92c9-4bce-8abb-eaf8efb2b42f.jpeg,"OMNI® é mais que tecnologia, é confiança para quem cuida.
E, para apoiar ainda mais os profissionais de enfermagem, lançamos uma playlist exclusiva no YouTube com vídeos práticos sobre o uso da OMNI®, equipamento que une efetividade no tratamento renal, flexibilidade terapêutica e tecnologia moderna.

Cada vídeo foi pensado para fortalecer a rotina de quem está na linha de frente, oferecendo mais segurança, autonomia e conhecimento.

Porque cuidar exige conhecimento e segurança para salvar vidas.
E uma vida significa muito.

▶️ Assista à playlist no YouTube:  https://www.youtube.com/watch?v=uV5pwqOXmx8&list=PLu1hhciCWujulYRe_o_PSmOE6wPacETJi",imagem,,,449,11,1,1,4,0,,621,0,621,17,"0,03786191537"
Instagram,B Braun,2025,10,28/10/2025 15:00:29,Terça-Feira,https://www.instagram.com/p/DQW29Emk3xM,https://storage.googleapis.com/brv-valhalla-datalake-public/images/8a81fb98-d425-4198-b4e2-3145578350ea.jpeg,"Quando falamos em câncer de mama, a primeira associação costuma ser com mulheres. Mas é importante lembrar que homens também podem desenvolver a doença, ainda que representem cerca de 1% dos casos, segundo o INCA. Por ser raro e pouco comentado, muitas vezes o diagnóstico em homens acontece em estágios mais avançados, o que reforça a importância da atenção aos sinais.

Cuidar do corpo é um gesto de responsabilidade, empatia e amor por si mesmo e por quem está ao seu lado.

Outubro Rosa | B. Braun
Cuidar é um ato humano e universal.",carrossel ,2528,0,2528,36,1,18,0,0,0,9887,0,9887,55,"0,02175632911"
Facebook,B Braun,2025,10,28/10/2025 15:00:25,Terça-Feira,https://www.facebook.com/1468339928670354/posts/1266619582175724,https://storage.googleapis.com/brv-valhalla-datalake-public/images/08d6928c-6824-4c46-b1d8-a2fa87aeaa48.jpeg,"Quando falamos em câncer de mama, a primeira associação costuma ser com mulheres. Mas é importante lembrar que homens também podem desenvolver a doença, ainda que representem cerca de 1% dos casos, segundo o INCA. Por ser raro e pouco comentado, muitas vezes o diagnóstico em homens acontece em estágios mais avançados, o que reforça a importância da atenção aos sinais.

Cuidar do corpo é um gesto de responsabilidade, empatia e amor por si mesmo e por quem está ao seu lado.

Outubro Rosa | B. Braun
Cuidar é um ato humano e universal.",galeria,,,255,5,1,0,3,0,,345,0,345,9,"0,03529411765"
Facebook,B Braun,2025,10,27/10/2025 14:17:03,Segunda-Feira,https://www.facebook.com/reel/2530009074048227/,https://storage.googleapis.com/brv-valhalla-datalake-public/images/c0c658da-2a7f-4193-9d62-6da9c0c4880a.jpeg,"Há 58 anos, a B. Braun Brasil escreve uma história marcada por inovação, cuidado e pessoas que fazem a diferença. 💚

Cada trajetória, experiência e conquista compartilham um mesmo propósito: transformar a saúde e cuidar da vida.

Assista aos depoimentos de quem faz parte dessa jornada e celebra conosco mais um capítulo dessa história que continua sendo escrita todos os dias.

Não esqueça de acompanhar nossas redes para conferir, ao longo do mês, mais conteúdos especiais com histórias, depoimentos e celebrações dessa trajetória.",reels,,,180,7,0,0,1,0,,243,0,247,8,"0,04444444444"
Instagram,B Braun,2025,10,27/10/2025 14:16:20,Segunda-Feira,https://www.instagram.com/p/DQUNCD3jedn,https://storage.googleapis.com/brv-valhalla-datalake-public/images/7a3bda7d-2147-4a65-9710-3ec4f58c7a68.mp4,"Há 58 anos, a B. Braun Brasil escreve uma história marcada por inovação, cuidado e pessoas que fazem a diferença. 💚

Cada trajetória, experiência e conquista compartilham um mesmo propósito: transformar a saúde e cuidar da vida.

Assista aos depoimentos de quem faz parte dessa jornada e celebra conosco mais um capítulo dessa história que continua sendo escrita todos os dias.

Não esqueça de acompanhar nossas redes para conferir, ao longo do mês, mais conteúdos especiais com histórias, depoimentos e celebrações dessa trajetória.",reels,2068,0,2068,127,7,2,0,5,0,3581,0,3581,141,"0,06818181818"
Instagram,B Braun,2025,10,23/10/2025 12:00:37,Quinta-Feira,https://www.instagram.com/p/DQJqZSXlXF9,https://storage.googleapis.com/brv-valhalla-datalake-public/images/3547d2bc-cde9-4ad9-948c-fb7818b6e73e.jpeg,"Atualizar-se é mais do que aprender algo novo: é garantir segurança, eficiência e qualidade em cada etapa do cuidado. 💚

O CMExperts da Academia Aesculap é um curso pensado para você que busca ir além. 

As aulas começam em fevereiro de 2026 e as vagas são limitadas. Então fique ligado! Arraste para o lado e saiba mais.

Sua carreira merece um novo capítulo. Vamos juntos? Acesse o link na bio e conheça o CMExperts.

#CMExperts #BBraun #Curso #Enfermagem",carrossel ,2504,0,2504,53,5,24,0,7,0,12530,0,12530,89,"0,03554313099"
Facebook,B Braun,2025,10,23/10/2025 12:00:28,Quinta-Feira,https://www.facebook.com/1468339928670354/posts/1261858749318474,https://storage.googleapis.com/brv-valhalla-datalake-public/images/3791367c-c96a-4297-9043-eeda0db62dc1.jpeg,"Atualizar-se é mais do que aprender algo novo: é garantir segurança, eficiência e qualidade em cada etapa do cuidado. 💙 O CMExperts da Academia Aesculap é um curso pensado para você que busca ir além. 

As aulas começam em fevereiro de 2026 e as vagas são limitadas. Então fique ligado! Arraste para o lado e saiba mais.

Sua carreira merece um novo capítulo. Vamos juntos? Acesse o link e conheça o CMExperts: https://brasil-academiaaesculap.onschool.com.br/turma/3fdceb60-7844-44ed-85d2-67ef40673f81 

#CMExperts #BBraun #Curso #Enfermagem",galeria,,,217,5,2,0,5,0,,353,0,353,12,"0,05529953917"
Instagram,B Braun,2025,10,21/10/2025 15:24:58,Terça-Feira,https://www.instagram.com/p/DQE4MMwk7NX,https://storage.googleapis.com/brv-valhalla-datalake-public/images/e6607924-963a-4ff2-b801-e2582f306d63.jpeg,"Na B. Braun, o estágio é o começo de uma jornada com propósito.
Aqui, você aprende, cresce e constrói sua trajetória em uma das maiores empresas de saúde do mundo.

Inscrições até 9/11
Início: fevereiro de 2026

Inscreva-se no link na bio.
#ProgramaDeEstágioBBraun #CarreiraBBraun #Estágio2025 #Saúde #DesenvolvimentoProfissional",carrossel ,18752,0,18752,766,55,483,0,114,0,45796,0,45796,1418,"0,07561860068"
Facebook,B Braun,2025,10,21/10/2025 15:24:53,Terça-Feira,https://www.facebook.com/1468339928670354/posts/1260264772811205,https://storage.googleapis.com/brv-valhalla-datalake-public/images/676ec583-8493-4071-a5eb-5e960cc1dacb.jpeg,"Na B. Braun, o estágio é o começo de uma jornada com propósito.
Aqui, você aprende, cresce e constrói sua trajetória em uma das maiores empresas de saúde do mundo.

Inscrições até 9/11
Início: fevereiro de 2026

Inscreva-se: https://jobs.bbraun.com/search/?q=est%C3%A1gio&locationsearch=&sortBy=date&pageNumber=0&locale=pt_PT 

#ProgramaDeEstágioBBraun #CarreiraBBraun #Estágio2025 #Saúde #DesenvolvimentoProfissional",galeria,,,2514,13,1,4,140,0,,3682,0,3682,158,"0,06284805091"
Instagram,B Braun,2025,10,20/10/2025 12:12:06,Segunda-Feira,https://www.instagram.com/p/DQB9UxYDh_z,https://storage.googleapis.com/brv-valhalla-datalake-public/images/0b48394a-2077-4e1a-8e06-71388f23ca02.jpeg,"🎀 O laço rosa não é acessório. É um alerta.
A cada ano, mais de 73 mil mulheres recebem o diagnóstico de câncer de mama no Brasil.
Mas o cuidado ainda é o melhor jeito de mudar essa história.
💗 Faça seus exames.
💗 Fale sobre prevenção.
💗 Lembre quem você ama.
O laço não pode estar apenas na roupa, precisa virar atitude.

#OutubroRosa #BBraunBrasil #PrevençãoÉCuidado",carrossel ,2648,0,2648,46,1,14,0,0,0,12967,0,12967,61,"0,02303625378"
Facebook,B Braun,2025,10,20/10/2025 12:12:03,Segunda-Feira,https://www.facebook.com/1468339928670354/posts/1259208986250117,https://storage.googleapis.com/brv-valhalla-datalake-public/images/8beafdcc-0308-4489-946c-6dd303d2f724.jpeg,"🎀 O laço rosa não é acessório. É um alerta.
A cada ano, mais de 73 mil mulheres recebem o diagnóstico de câncer de mama no Brasil.
Mas o cuidado ainda é o melhor jeito de mudar essa história.
💗 Faça seus exames.
💗 Fale sobre prevenção.
💗 Lembre quem você ama.
O laço não pode estar apenas na roupa, precisa virar atitude.

#OutubroRosa #BBraunBrasil #PrevençãoÉCuidado",galeria,,,548,5,2,2,3,0,,782,0,782,12,"0,02189781022"
Instagram,B Braun,2025,10,18/10/2025 11:59:09,Sábado,https://www.instagram.com/p/DP8yQL6gSWb,https://storage.googleapis.com/brv-valhalla-datalake-public/images/d5f39f12-0172-4428-84f1-8c3afe498574.jpeg,"No Dia do Médico, a B. Braun homenageia quem transforma ciência em cuidado todos os dias.
Mais de 500 mil médicos atuam no Brasil, garantindo segurança, empatia e eficiência em cada atendimento.
⠀
A B. Braun reconhece e apoia esse papel essencial com soluções que elevam a prática médica. 🩺
⠀
#DiaDoMédico #BBraun #UmaVidaSignificaMuito #InovaçãoEmSaúde",carrossel ,1539,0,1539,40,1,3,0,0,0,10793,0,10793,44,"0,0285899935"
Facebook,B Braun,2025,10,18/10/2025 11:59:03,Sábado,https://www.facebook.com/1468339928670354/posts/1257452199759129,https://storage.googleapis.com/brv-valhalla-datalake-public/images/6381bfb6-f35f-4838-897e-7e468c0d4807.jpeg,"No Dia do Médico, a B. Braun homenageia quem transforma ciência em cuidado todos os dias.
Mais de 500 mil médicos atuam no Brasil, garantindo segurança, empatia e eficiência em cada atendimento.
⠀
A B. Braun reconhece e apoia esse papel essencial com soluções que elevam a prática médica. 🩺
⠀
#DiaDoMédico #BBraun #UmaVidaSignificaMuito #InovaçãoEmSaúde",galeria,,,312,3,1,1,2,0,,441,0,441,7,"0,02243589744"
Instagram,B Braun,2025,10,17/10/2025 12:02:34,Sexta-Feira,https://www.instagram.com/p/DP6Ny-HDCJs,https://storage.googleapis.com/brv-valhalla-datalake-public/images/16843a7b-de04-40e6-bd4d-7d3c3692c2ac.mp4,"São 58 anos de história aqui no Brasil. E, nessas cinco décadas, o nosso legado é construído por pessoas! 💚
Hoje, celebramos mais um ano e, com ele, todas as jornadas, aprendizados e dedicação de quem faz a nossa história acontecer.

Dê o play e confira os depoimentos de quem vive e constrói o nosso propósito todos os dias. São essas e muitas outras vozes que nos movem a inovar e aprimorar a saúde há décadas.

Continue acompanhando nossas redes, teremos vários outros conteúdos e histórias especiais ao longo do mês.🙌🏻",reels,4837,0,4837,276,37,32,0,9,0,8549,0,8549,354,"0,073185859"
Facebook,B Braun,2025,10,17/10/2025 12:02:04,Sexta-Feira,https://www.facebook.com/reel/1318763203309873/,https://storage.googleapis.com/brv-valhalla-datalake-public/images/51b7d483-6f13-4f57-a6e4-7ddaab77efff.jpeg,"São 58 anos de história aqui no Brasil. E, nessas cinco décadas, o nosso legado é construído por pessoas!  💚
Hoje, celebramos mais um ano e, com ele, todas as jornadas, aprendizados e dedicação de quem faz a nossa história acontecer.

Dê o play e confira os depoimentos de quem vive e constrói o nosso propósito todos os dias. São essas e muitas outras vozes que nos movem a inovar e aprimorar a saúde há décadas.

Continue acompanhando nossas redes, teremos vários outros conteúdos e histórias especiais ao longo do mês.🙌🏻",reels,,,516,12,1,1,17,0,,577,0,581,31,"0,06007751938"
Instagram,B Braun,2025,10,16/10/2025 21:35:59,Quinta-Feira,https://www.instagram.com/p/DP4qpcHCddN,https://storage.googleapis.com/brv-valhalla-datalake-public/images/00af14ac-e835-4619-91ef-0383d3b67a04.mp4,"Neste Dia do Anestesista, a Aesculap Academy Brasil celebra os profissionais que tornam possíveis alguns dos momentos mais delicados e decisivos da medicina.

Reconhecendo a importância dessa especialidade para o sucesso cirúrgico e o bem-estar dos pacientes, a Aesculap Academy reafirma seu compromisso com o ensino e a atualização contínua.

O curso “Anestesia Baseada em Evidências”, com 5 módulos ministrados pelo Prof. Dr. Paul Kessler, da Alemanha, oferece conteúdos técnicos e científicos para apoiar o anestesista em decisões ainda mais seguras e embasadas.

Aprimorar-se é cuidar com ainda mais precisão.
Porque por trás de cada procedimento bem-sucedido, existe um anestesista que transforma ciência em tranquilidade, técnica em confiança e conhecimento em cuidado.

Inscreva-se e eleve seu nível.

 🔗 Link na bio

#DiaDoAnestesista #BBraun #AesculapAcademy #AnestesiaBaseadaEmEvidências #Anestesiologia #EducaçãoEmSaúde #AtualizaçãoProfissional #CuidadoQueTransforma",reels,1867,0,1867,37,2,14,0,0,0,2608,0,2608,53,"0,0283877879"
Facebook,B Braun,2025,10,16/10/2025 21:25:17,Quinta-Feira,https://www.facebook.com/reel/1167833204881767/,https://storage.googleapis.com/brv-valhalla-datalake-public/images/0dfa2a40-1923-4ca0-9ed4-6a7bccbb82f0.jpeg,"Neste Dia do Anestesista, a Aesculap Academy Brasil celebra os profissionais que tornam possíveis alguns dos momentos mais delicados e decisivos da medicina.

Reconhecendo a importância dessa especialidade para o sucesso cirúrgico e o bem-estar dos pacientes, a Aesculap Academy reafirma seu compromisso com o ensino e a atualização contínua.
O curso “Anestesia Baseada em Evidências”, com 5 módulos ministrados pelo Prof. Dr. Paul Kessler, da Alemanha, oferece conteúdos técnicos e científicos para apoiar o anestesista em decisões ainda mais seguras e embasadas.

Aprimorar-se é cuidar com ainda mais precisão.
Porque por trás de cada procedimento bem-sucedido, existe um anestesista que transforma ciência em tranquilidade, técnica em confiança e conhecimento em cuidado.

Inscreva-se e eleve seu nível.

🔗 https://brasil-academiaaesculap.onschool.com.br/c/2b5ca66e-bf3d-4f75-90a6-b01825895c5a 

#DiaDoAnestesista #BBraun #AesculapAcademy #AnestesiaBaseadaEmEvidências #Anestesiologia #EducaçãoEmSaúde #AtualizaçãoProfissional #CuidadoQueTransforma",reels,,,175,6,1,0,0,0,,211,0,211,7,"0,04"
Instagram,B Braun,2025,10,16/10/2025 12:42:13,Quinta-Feira,https://www.instagram.com/p/DP3tl0-DfLs,https://storage.googleapis.com/brv-valhalla-datalake-public/images/99b8d37a-31b1-468e-b131-6cd13608b46a.jpeg,"No Dia do Anestesiologista, a B. Braun celebra quem dedica cada gesto, cada monitoramento e cada decisão à segurança do paciente. Mais do que aplicar anestesia, esses profissionais transformam tecnologia em confiança e cuidado. A B. Braun reconhece e apoia esse papel essencial com soluções inovadoras que fortalecem a prática médica e contribuem para a segurança hospitalar. 

#DiaDoAnestesiologista #BBraun #UmaVidaSignificaMuito #InovaçãoEmSaúde #SegurançaDoPaciente",carrossel ,2294,0,2294,58,0,15,0,3,0,11445,0,11445,76,"0,0331299041"
Facebook,B Braun,2025,10,16/10/2025 12:42:10,Quinta-Feira,https://www.facebook.com/1468339928670354/posts/1255668893270793,https://storage.googleapis.com/brv-valhalla-datalake-public/images/ab1d6a57-eeb0-41e1-82dc-f0751c9be42a.jpeg,"No Dia do Anestesiologista, a B. Braun celebra quem dedica cada gesto, cada monitoramento e cada decisão à segurança do paciente. Mais do que aplicar anestesia, esses profissionais transformam tecnologia em confiança e cuidado. A B. Braun reconhece e apoia esse papel essencial com soluções inovadoras que fortalecem a prática médica e contribuem para a segurança hospitalar. 

#DiaDoAnestesiologista #BBraun #UmaVidaSignificaMuito #InovaçãoEmSaúde #SegurançaDoPaciente",galeria,,,223,8,0,1,3,0,,347,0,347,12,"0,05381165919"
Facebook,B Braun,2025,10,14/10/2025 13:10:28,Terça-Feira,https://www.facebook.com/reel/706452095133895/,https://storage.googleapis.com/brv-valhalla-datalake-public/images/3c1c9353-4144-4e26-801f-dfbd268908ab.jpeg,"Ainda não conferiu o novo episódio do Educação Conectada? 🎥

O Dr. Waldir Inácio Jr. (@drwaldirinaciojr) aborda a endometriose profunda, a cirurgia ginecológica de alta performance e o que vem por aí no futuro da fertilidade.

A B. Braun e a Aesculap Academy seguem fortalecendo seus compromissos em compartilhar conhecimento científico de qualidade para profissionais de saúde.

Assista agora no YouTube e fique por dentro das inovações que estão transformando a saúde da mulher.

🔗 https://www.youtube.com/watch?v=7pjX2n3Hz5g 

#EducaçãoConectada #BBraun #Ginecologia #Saúde",reels,,,189,3,0,0,0,0,,219,0,214,3,"0,01587301587"
Instagram,B Braun,2025,10,14/10/2025 13:09:11,Terça-Feira,https://www.instagram.com/p/DPynA4Sgkux,https://storage.googleapis.com/brv-valhalla-datalake-public/images/fa23b917-1934-4bd7-8953-e9aad219ad36.mp4,"Ainda não conferiu o novo episódio do Educação Conectada? 🎥

O Dr. Waldir Inácio Jr. (@drwaldirinaciojr) aborda a endometriose profunda, a cirurgia ginecológica de alta performance e o que vem por aí no futuro da fertilidade.

A B. Braun e a Aesculap Academy seguem fortalecendo seus compromissos em compartilhar conhecimento científico de qualidade para profissionais de saúde.

Assista agora no YouTube e fique por dentro das inovações que estão transformando a saúde da mulher.

🔗 Link na bio!
#EducaçãoConectada #BBraun #Ginecologia #Saúde",reels,3168,0,3168,50,0,6,0,6,0,3915,0,3915,62,"0,01957070707"
Instagram,B Braun,2025,10,13/10/2025 12:08:33,Segunda-Feira,https://www.instagram.com/p/DPv7WlZjtWX,https://storage.googleapis.com/brv-valhalla-datalake-public/images/616a0c67-4c06-47e2-a6f5-121566fb0299.jpeg,"A mamografia é mais do que prevenção, é tecnologia a serviço da vida.

Ela pode identificar microcalcificações e alterações ainda invisíveis no autoexame ou ao toque clínico. Por isso, é o método mais indicado para rastrear o câncer de mama em mulheres a partir dos 40 anos (INCA).

E o dado é impactante: quando detectado precocemente, o câncer de mama tem até 95% de chance de cura.

Não adie. Marque seu check-up.",carrossel ,2130,0,2130,36,3,12,0,1,0,9185,0,9185,52,"0,02441314554"
Facebook,B Braun,2025,10,13/10/2025 12:08:29,Segunda-Feira,https://www.facebook.com/1468339928670354/posts/1252977973539885,https://storage.googleapis.com/brv-valhalla-datalake-public/images/c3a3db5b-b736-477b-840f-bbd0ae43f456.jpeg,"A mamografia é mais do que prevenção, é tecnologia a serviço da vida.

Ela pode identificar microcalcificações e alterações ainda invisíveis no autoexame ou ao toque clínico. Por isso, é o método mais indicado para rastrear o câncer de mama em mulheres a partir dos 40 anos (INCA).

E o dado é impactante: quando detectado precocemente, o câncer de mama tem até 95% de chance de cura.

Não adie. Marque seu check-up.",galeria,,,188,2,0,0,1,0,,282,0,282,3,"0,01595744681"
Instagram,B Braun,2025,10,09/10/2025 20:53:24,Quinta-Feira,https://www.instagram.com/p/DPmkPMNEy86,https://storage.googleapis.com/brv-valhalla-datalake-public/images/41cdf3cc-a2d9-41ad-87a6-076596c6d66a.jpeg,"Atitudes sustentáveis transformam o mundo, e a gente acredita que essa transformação começa dentro de casa. 🌍 Tivemos uma semana inteira dedicada à sustentabilidade, foi um momento de muito aprendizado e inspiração para todos os nossos colaboradores.

Com palestras e oficinas focadas nos princípios ESG, em parceria com as instituições Litro de Luz e Venativ, incentivamos atitudes que fazem a diferença no nosso dia a dia, mostrando que cada um tem um papel fundamental nessa jornada.

Porque para a B. Braun, a sustentabilidade é um valor que vai muito além das nossas portas. É uma cultura que construímos juntos e que, com o tempo, agrega valor para nossos clientes, parceiros e para toda a sociedade.

Acreditamos no poder de cada pequena ação. E você? Transforme junto com a gente. 💚

#BBraun #SemanaDaSustentabilidade #Sustentabilidade",carrossel ,2144,0,2144,192,2,12,0,1,0,10491,0,10491,207,"0,09654850746"
Facebook,B Braun,2025,10,09/10/2025 20:53:20,Quinta-Feira,https://www.facebook.com/1468339928670354/posts/1249598383877844,https://storage.googleapis.com/brv-valhalla-datalake-public/images/fe50ccaf-2ec9-46a3-bd17-bae12cffcd83.jpeg,"Atitudes sustentáveis transformam o mundo, e a gente acredita que essa transformação começa dentro de casa. 🌍 Tivemos uma semana inteira dedicada à sustentabilidade, foi um momento de muito aprendizado e inspiração para todos os nossos colaboradores.

Com palestras e oficinas focadas nos princípios ESG, em parceria com as instituições Litro de Luz e Venativ, incentivamos atitudes que fazem a diferença no nosso dia a dia, mostrando que cada um tem um papel fundamental nessa jornada.

Porque para a B. Braun, a sustentabilidade é um valor que vai muito além das nossas portas. É uma cultura que construímos juntos e que, com o tempo, agrega valor para nossos clientes, parceiros e para toda a sociedade.

Acreditamos no poder de cada pequena ação. E você? Transforme junto com a gente. 💚

#BBraun #SemanaDaSustentabilidade #Sustentabilidade",galeria,,,850,32,0,1,105,0,,1546,0,1546,138,"0,1623529412"
Instagram,B Braun,2025,10,09/10/2025 14:33:47,Quinta-Feira,https://www.instagram.com/p/DPl4y0lD88P,https://storage.googleapis.com/brv-valhalla-datalake-public/images/162be2db-e021-4eb6-955d-1e193d77c59a.jpeg,"Caso editado, complexo e cheio de aprendizados.
Durante o SBHCI PCI+ 2025, o Dr. José Mariani Jr. apresentará um caso editado, destacando como o Balão Farmacológico coronário SeQuent® Please NEO ajudou a evitar cerca de 60 mm de implante de Stent Farmacológico em um paciente de alta complexidade.

🎤 Tema: “Angioplastia complexa: combinando balão farmacológico e stents em anatomias desafiadoras”
📅 09/10, às 17h
📍 Instituto Dante Pazzanese de Cardiologia

Não perca essa oportunidade de acompanhar a prática clínica evidenciando o poder dos Balões Farmacológicos na cardiologia intervencionista.

#SBHCI #PCIPlus2025 #CardiologiaIntervencionista #SeQuentPleaseNEO #BalãoFarmacológico #BBraun",carrossel ,1205,0,1205,27,2,4,0,0,0,7345,0,7345,33,"0,02738589212"
Facebook,B Braun,2025,10,09/10/2025 14:33:43,Quinta-Feira,https://www.facebook.com/1468339928670354/posts/1249341357236880,https://storage.googleapis.com/brv-valhalla-datalake-public/images/09e2b944-817d-40f0-a09b-7fde4ca2891d.jpeg,"Caso editado, complexo e cheio de aprendizados.
Durante o SBHCI PCI+ 2025, o Dr. José Mariani Jr. apresentará um caso editado, destacando como o Balão Farmacológico coronário SeQuent® Please NEO ajudou a evitar cerca de 60 mm de implante de Stent Farmacológico em um paciente de alta complexidade.

🎤 Tema: “Angioplastia complexa: combinando balão farmacológico e stents em anatomias desafiadoras”
📅 09/10, às 17h
📍 Instituto Dante Pazzanese de Cardiologia

Não perca essa oportunidade de acompanhar a prática clínica evidenciando o poder dos Balões Farmacológicos na cardiologia intervencionista.

#SBHCI #PCIPlus2025 #CardiologiaIntervencionista #SeQuentPleaseNEO #BalãoFarmacológico #BBraun",galeria,,,275,4,1,0,3,0,,384,0,384,8,"0,02909090909"
Instagram,B Braun,2025,10,08/10/2025 17:16:58,Quarta-Feira,https://www.instagram.com/p/DPjmrKok6ss,https://storage.googleapis.com/brv-valhalla-datalake-public/images/8a12360e-636c-411d-a546-a354e4b239e1.jpeg,"Todo mundo já ouviu falar do autoexame. Mas poucas entendem que ele não é sobre achar doença é sobre conhecer o próprio corpo. Quanto mais você se conhece, mais cedo se identifica quando algo não está como deveria.

É nesse detalhe que mora a diferença entre o medo e a chance de cura.

Não espere outubro pra se cuidar.✨ 

#PrevençãoÉTodoDia #CâncerDeMama #SeToca",carrossel ,2249,0,2249,35,0,12,0,0,0,8503,0,8503,47,"0,02089817697"
Facebook,B Braun,2025,10,08/10/2025 17:16:50,Quarta-Feira,https://www.facebook.com/1468339928670354/posts/1248544097316606,https://storage.googleapis.com/brv-valhalla-datalake-public/images/ccd81d84-ca53-4cdb-82c3-5ef61e6c3ad3.jpeg,"Todo mundo já ouviu falar do autoexame. Mas poucas entendem que ele não é sobre achar doença é sobre conhecer o próprio corpo. Quanto mais você se conhece, mais cedo se identifica quando algo não está como deveria.

É nesse detalhe que mora a diferença entre o medo e a chance de cura.

Não espere outubro pra se cuidar.✨ 

#PrevençãoÉTodoDia #CâncerDeMama #SeToca",galeria,,,275,3,0,0,1,0,,378,0,378,4,"0,01454545455"
Facebook,B Braun,2025,10,07/10/2025 14:01:35,Terça-Feira,https://www.facebook.com/reel/1113204030882587/,https://storage.googleapis.com/brv-valhalla-datalake-public/images/8c404eb8-fdce-4511-aeab-232f6ad8c7a3.jpeg,"Cuidar ficou ainda mais fácil. Conheça o novo site da B. Braun Brasil: moderno, intuitivo e feito para quem precisa de agilidade na hora certa. 👩‍⚕️🧑‍⚕️

Conheça agora: https://www.bbraun.com.br/pt.html",reels,,,198,5,1,0,1,0,,239,0,239,7,"0,03535353535"
Instagram,B Braun,2025,10,07/10/2025 14:01:08,Terça-Feira,https://www.instagram.com/p/DPgrbQfABh9,https://storage.googleapis.com/brv-valhalla-datalake-public/images/de63b811-c0b3-4e78-bb31-9b2c5ac4e951.mp4,"Cuidar ficou ainda mais fácil. Conheça o novo site da B. Braun Brasil: moderno, intuitivo e feito para quem precisa de agilidade na hora certa. 👩‍⚕️🧑‍⚕️
Acesse o link na Bio!",reels,1299,0,1299,70,2,3,0,2,0,1914,0,1914,77,"0,05927636644"
Instagram,B Braun,2025,10,06/10/2025 17:58:17,Segunda-Feira,https://www.instagram.com/p/DPehbHkj1Wm,https://storage.googleapis.com/brv-valhalla-datalake-public/images/ab3f3bd2-95c7-43c5-876d-1df6160e9515.mp4,"Escutar você faz parte do nosso jeito de cuidar. A cada ano, aprendemos com os feedbacks recebidos e transformamos suas contribuições em melhorias reais. 🔍

É assim que seguimos em evolução constante: ouvindo, aprendendo e melhorando, sempre junto com você. ✨

Participe da nossa pesquisa de satisfação e ajude a B. Braun a continuar essa jornada de transformação.

#BBraun #PesquisaDeSatisfação #EscutaAtiva #MelhoriaContínua",reels,3708,0,3708,251,24,41,0,5,0,6288,0,6288,321,"0,08656957929"
Facebook,B Braun,2025,10,06/10/2025 17:57:08,Segunda-Feira,https://www.facebook.com/reel/826820393214918/,https://storage.googleapis.com/brv-valhalla-datalake-public/images/1518054b-deb8-498c-9a4e-9937e124a063.jpeg,"Escutar você faz parte do nosso jeito de cuidar. A cada ano, aprendemos com os feedbacks recebidos e transformamos suas contribuições em melhorias reais. 🔍

É assim que seguimos em evolução constante: ouvindo, aprendendo e melhorando, sempre junto com você. ✨

Participe da nossa pesquisa de satisfação e ajude a B. Braun a continuar essa jornada de transformação.

#BBraun #PesquisaDeSatisfação #EscutaAtiva #MelhoriaContínua",reels,,,198,9,0,0,1,0,,240,0,241,10,"0,05050505051"
Instagram,B Braun,2025,10,03/10/2025 14:26:20,Sexta-Feira,https://www.instagram.com/p/DPWbLEaEwIj,https://storage.googleapis.com/brv-valhalla-datalake-public/images/81d54ece-a982-4b48-a8c1-9fb9155c03d9.jpeg,"Na B. Braun, acreditamos que cada talento pode transformar o futuro da saúde. 💚
Se você vai se formar até dezembro de 2027 e quer viver experiências que realmente fazem diferença, essa é a sua chance.

Inscrições abertas até 09/11. Início em fevereiro/2026.

🔗 Link na bio!",carrossel ,13085,0,13085,435,16,340,0,56,0,40405,0,40405,847,"0,06473060757"
Facebook,B Braun,2025,10,03/10/2025 14:26:17,Sexta-Feira,https://www.facebook.com/1468339928670354/posts/1243842034453479,https://storage.googleapis.com/brv-valhalla-datalake-public/images/75c152a6-2f26-44ad-bfb0-06bf73ec9e85.jpeg,"Na B. Braun, acreditamos que cada talento pode transformar o futuro da saúde. 💚
Se você vai se formar até dezembro de 2027 e quer viver experiências que realmente fazem diferença, essa é a sua chance.

Inscrições abertas até 09/11. Início em fevereiro/2026.

🔗 Link: https://jobs.bbraun.com/?locale=pt_PT",galeria,,,468,8,1,4,26,0,,797,0,797,39,"0,08333333333"
Instagram,B Braun,2025,10,01/10/2025 19:33:58,Quarta-Feira,https://www.instagram.com/p/DPR0yfGE8Aw,https://storage.googleapis.com/brv-valhalla-datalake-public/images/191ef48a-5450-4586-afd0-011b75f8b5f5.jpeg,"Em outubro, estaremos presentes em grandes eventos da saúde. Deslize para conferir toda a programação deste mês e nos siga para acompanhar de perto a nossa participação. 💙",carrossel ,1969,0,1969,43,2,8,0,3,0,17657,0,17657,56,"0,02844083291"
Facebook,B Braun,2025,10,01/10/2025 19:33:54,Quarta-Feira,https://www.facebook.com/1468339928670354/posts/1242242577946758,https://storage.googleapis.com/brv-valhalla-datalake-public/images/102fdb64-0249-472b-9512-471d931a9b81.jpeg,"Em outubro, estaremos presentes em grandes eventos da saúde. Deslize para conferir toda a programação deste mês e nos siga para acompanhar de perto a nossa participação. 💙",galeria,,,302,5,1,4,8,0,,495,0,495,18,"0,05960264901"
Facebook,B Braun,2025,9,30/09/2025 22:30:52,Terça-Feira,https://www.facebook.com/reel/643450968843609/,https://storage.googleapis.com/brv-valhalla-datalake-public/images/fc2a22d9-f3c0-4f5d-81a1-d7f236379e9a.jpeg,"O novo episódio do Educação Conectada já está disponível no YouTube da B. Braun Brasil! 🎙️

O Dr. Waldir Inácio Jr. e Ericka Mendes, Especialista de Produtos da B. Braun, conversam sobre endometriose profunda, cirurgia ginecológica de alta performance e os avanços que estão moldando o futuro da fertilidade.

Assista agora no nosso canal e fique por dentro das inovações que estão transformando a prática médica.

🔗 Acesse o episódio completo aqui: https://www.youtube.com/watch?v=7pjX2n3Hz5g",reels,,,309,5,1,0,1,0,,377,0,377,7,"0,02265372168"
Instagram,B Braun,2025,9,30/09/2025 22:29:53,Terça-Feira,https://www.instagram.com/p/DPPkDNYirx9,https://storage.googleapis.com/brv-valhalla-datalake-public/images/d909991e-d6ec-4d7b-b7e6-c890bbdc7cff.mp4,"O novo episódio do Educação Conectada já está disponível no YouTube da B. Braun Brasil! 🎙️

O Dr. Waldir Inácio Jr. (@drwaldirinaciojr ) e Ericka Mendes, Especialista de Produtos da B. Braun, conversam sobre endometriose profunda, cirurgia ginecológica de alta performance e os avanços que estão moldando o futuro da fertilidade.

Assista agora no nosso canal e fique por dentro das inovações que estão transformando a prática médica.
🔗 Link na bio!",reels,2847,0,2847,49,1,10,0,1,0,3494,0,3494,61,"0,02142606252"
Instagram,B Braun,2025,9,29/09/2025 15:37:59,Segunda-Feira,https://www.instagram.com/p/DPMQMNhCVA5,https://storage.googleapis.com/brv-valhalla-datalake-public/images/27d8ffd7-2d2f-41e8-8e01-e224bd32d938.jpeg,"A B. Braun convida profissionais de enfermagem, gestores e equipes de CME a visitarem nosso estande e conhecer nossas soluções inovadoras e sustentáveis para o Centro Cirúrgico e CME, incluindo:

✔️Linha SQLine

✔️Linha de Containers Aicon

✔️Consultoria Aesculap

Aproveite e teste os equipamentos Kerrison diretamente no stand e veja como nossas soluções combinam desempenho e segurança.

Não perca a oportunidade de explorar tecnologia de ponta, fortalecer a gestão de processos em CME e Centro Cirúrgico e conhecer soluções que unem sustentabilidade e desempenho.",imagem,2325,0,2325,37,1,11,0,0,0,8970,0,8970,49,"0,02107526882"
Facebook,B Braun,2025,9,29/09/2025 15:37:56,Segunda-Feira,https://www.facebook.com/1468339928670354/posts/1240253308145685,https://storage.googleapis.com/brv-valhalla-datalake-public/images/643af326-5011-48b6-9f9e-0e0282a72e96.jpeg,"A B. Braun convida profissionais de enfermagem, gestores e equipes de CME a visitarem nosso estande e conhecer nossas soluções inovadoras e sustentáveis para o Centro Cirúrgico e CME, incluindo:

✔️Linha SQLine

✔️Linha de Containers Aicon

✔️Consultoria Aesculap

Aproveite e teste os equipamentos Kerrison diretamente no stand e veja como nossas soluções combinam desempenho e segurança.

Não perca a oportunidade de explorar tecnologia de ponta, fortalecer a gestão de processos em CME e Centro Cirúrgico e conhecer soluções que unem sustentabilidade e desempenho.",imagem,,,323,6,0,2,2,0,,463,0,463,10,"0,03095975232"
Instagram,B Braun,2025,9,25/09/2025 17:15:07,Quinta-Feira,https://www.instagram.com/p/DPCIIQMEz3P,https://storage.googleapis.com/brv-valhalla-datalake-public/images/a24bb20f-f1ea-48f6-b6db-d677b8ad99f3.jpeg,"No Dia Mundial do Farmacêutico, celebramos os profissionais que unem ciência, cuidado e dedicação para garantir segurança, eficácia e qualidade nos tratamentos de saúde.

Na B. Braun, reconhecemos a importância desse trabalho que transforma vidas e reforçamos nosso compromisso em apoiar a prática farmacêutica com soluções seguras e inovadoras.

Parabéns a todos os farmacêuticos pelo seu papel essencial na saúde.",carrossel ,1842,0,1842,42,2,14,0,0,0,8689,0,8689,58,"0,03148751357"
Facebook,B Braun,2025,9,25/09/2025 17:15:03,Quinta-Feira,https://www.facebook.com/1468339928670354/posts/1236867235150959,https://storage.googleapis.com/brv-valhalla-datalake-public/images/e0520e0c-f00d-4099-9a05-6be9b9d3729a.jpeg,"No Dia Mundial do Farmacêutico, celebramos os profissionais que unem ciência, cuidado e dedicação para garantir segurança, eficácia e qualidade nos tratamentos de saúde.

Na B. Braun, reconhecemos a importância desse trabalho que transforma vidas e reforçamos nosso compromisso em apoiar a prática farmacêutica com soluções seguras e inovadoras.

Parabéns a todos os farmacêuticos pelo seu papel essencial na saúde.",galeria,,,219,8,1,1,3,0,,333,0,333,13,"0,05936073059"
Instagram,B Braun,2025,9,24/09/2025 22:07:28,Quarta-Feira,https://www.instagram.com/p/DPAEykKk18d,https://storage.googleapis.com/brv-valhalla-datalake-public/images/894df393-a1c5-4d38-a63a-683d13cfe8b6.jpeg,"Setembro é o mês de valorização da vida e da saúde mental.

Na B. Braun, acreditamos que cuidar da mente é tão importante quanto cuidar do corpo. Por isso, apoiamos o Setembro Amarelo e reforçamos nosso compromisso com a vida, com nossos colaboradores e com a comunidade.

Compartilhe esta mensagem e seja parte dessa rede de apoio.",carrossel ,1823,0,1823,172,4,5,0,1,0,9832,0,9832,182,"0,09983543609"
Facebook,B Braun,2025,9,24/09/2025 22:07:23,Quarta-Feira,https://www.facebook.com/1468339928670354/posts/1236192958551720,https://storage.googleapis.com/brv-valhalla-datalake-public/images/20b20cbb-5bff-4a59-826f-9f9f7885671c.jpeg,"Setembro é o mês de valorização da vida e da saúde mental.

Na B. Braun, acreditamos que cuidar da mente é tão importante quanto cuidar do corpo. Por isso, apoiamos o Setembro Amarelo e reforçamos nosso compromisso com a vida, com nossos colaboradores e com a comunidade.

Compartilhe esta mensagem e seja parte dessa rede de apoio.",galeria,,,704,36,0,5,168,0,,1437,0,1437,209,"0,296875"
Facebook,B Braun,2025,9,24/09/2025 20:24:38,Quarta-Feira,https://www.facebook.com/reel/641767435674144/,https://storage.googleapis.com/brv-valhalla-datalake-public/images/d4f593e5-7369-4006-91ee-cbc15679b4bf.jpeg,"Vem aí mais um episódio do Educação Conectada.

Nesta conversa, o Dr. Waldir Inácio Jr. e Ericka Mendes trazem insights preciosos sobre endometriose profunda, cirurgia ginecológica de alta performance e o que esperar do futuro da fertilidade.

Acompanhe nossas redes sociais e não perca.",reels,,,233,5,0,0,0,0,,267,0,267,5,"0,02145922747"
Instagram,B Braun,2025,9,24/09/2025 20:23:52,Quarta-Feira,https://www.instagram.com/p/DO_43NVAXIe,https://storage.googleapis.com/brv-valhalla-datalake-public/images/2a453819-5684-4220-87c4-ecd6c9a7217b.mp4,"Vem aí mais um episódio do Educação Conectada.

Nesta conversa, o Dr. Waldir Inácio Jr. — @drwaldirinaciojr — e Ericka Mendes trazem insights preciosos sobre endometriose profunda, cirurgia ginecológica de alta performance e o que esperar do futuro da fertilidade.

Acompanhe nossas redes sociais e não perca.",reels,2545,0,2545,53,4,10,0,3,0,3142,0,3142,70,"0,02750491159"
Instagram,B Braun,2025,9,22/09/2025 13:03:54,Segunda-Feira,https://www.instagram.com/p/DO58_mCD__l,https://storage.googleapis.com/brv-valhalla-datalake-public/images/69992ba7-bc0f-4ee1-8541-c168240afe11.jpeg,"A anestesiologia moderna vai além do suporte cirúrgico, é aliada estratégica na segurança do paciente e na personalização do cuidado.

Patrícia Rodrigues, Gerente de Unidade de Negócios – Acessos Vasculares e Anestesia Regional na B. Braun, comenta à Medicina S/A sobre como tecnologias de precisão, técnicas multimodais e treinamento especializado estão transformando a prática anestésica.

Da anestesia regional às abordagens sem opioides, essas inovações contribuem para procedimentos mais seguros, confortáveis e eficientes.

Leia a matéria completa no link da bio e descubra como a anestesia de precisão está elevando a segurança e a experiência do paciente.",imagem,706,0,706,38,2,0,0,1,0,5961,0,5961,41,"0,05807365439"
Facebook,B Braun,2025,9,22/09/2025 13:03:52,Segunda-Feira,https://www.facebook.com/1468339928670354/posts/1234146085423074,https://storage.googleapis.com/brv-valhalla-datalake-public/images/bf9ed4d7-37d6-491b-9375-6e1add14a28c.jpeg,"A anestesiologia moderna vai além do suporte cirúrgico, é aliada estratégica na segurança do paciente e na personalização do cuidado.

Patrícia Rodrigues, Gerente de Unidade de Negócios – Acessos Vasculares e Anestesia Regional na B. Braun, comenta à Medicina S/A sobre como tecnologias de precisão, técnicas multimodais e treinamento especializado estão transformando a prática anestésica.

Da anestesia regional às abordagens sem opioides, essas inovações contribuem para procedimentos mais seguros, confortáveis e eficientes.

Leia a matéria completa e descubra como a anestesia de precisão está elevando a segurança e a experiência do paciente. Link: https://medicinasa.com.br/protagonismo-anestesia/",imagem,,,135,8,0,0,0,0,,198,0,198,8,"0,05925925926"
Instagram,B Braun,2025,9,19/09/2025 18:22:46,Sexta-Feira,https://www.instagram.com/p/DOyzGcNk1j5,https://storage.googleapis.com/brv-valhalla-datalake-public/images/7688186a-9bd0-4137-9508-c050e5b3b0f6.jpeg,"Hoje celebramos os profissionais que transformam vidas por meio do movimento. 💙

Eles restauram a mobilidade e devolvem a qualidade de vida a tantas pessoas, por isso temos muito orgulho de sermos parceiros e podermos estar juntos nessa jornada. 

Vocês nos lembram que movimento é vida. Feliz Dia do Ortopedista!

#BBraun #DiaDoOrtopedista #Ortopedia #Saúde",imagem,1214,0,1214,39,2,0,0,0,0,6688,0,6688,41,"0,03377265239"
Facebook,B Braun,2025,9,19/09/2025 18:22:44,Sexta-Feira,https://www.facebook.com/1468339928670354/posts/1231685795669103,https://storage.googleapis.com/brv-valhalla-datalake-public/images/8e3a3d68-fe03-4c03-a57f-a1140243ef3f.jpeg,"Hoje celebramos os profissionais que transformam vidas por meio do movimento. 💙

Eles restauram a mobilidade e devolvem a qualidade de vida a tantas pessoas, por isso temos muito orgulho de sermos parceiros e podermos estar juntos nessa jornada. 

Vocês nos lembram que movimento é vida. Feliz Dia do Ortopedista!

#BBraun #DiaDoOrtopedista #Ortopedia #Saúde",imagem,,,196,5,0,1,0,0,,282,0,282,6,"0,0306122449"
Instagram,B Braun,2025,9,18/09/2025 17:16:08,Quinta-Feira,https://www.instagram.com/p/DOwGrjDk1mw,https://storage.googleapis.com/brv-valhalla-datalake-public/images/a274cf7d-4298-4c6d-814a-9b2eca8e46bd.jpeg,"O Sistema Único de Saúde (SUS) é um dos maiores do mundo, atendendo mais de 190 milhões de brasileiros, e a B. Braun atua como parceira estratégica para modernizar e fortalecer essa rede. 🙌🏻 Acreditamos que a tecnologia é fundamental para superar os desafios e elevar a qualidade da assistência.

Nossa atuação inclui o desenvolvimento de soluções que transformam a saúde pública, como a plataforma UTI Online, que permite o monitoramento de pacientes e intervenções mais rápidas. Trabalhamos também com bombas de infusão de alta precisão para garantir a segurança das terapias e o sistema instacount® Plus para rastreabilidade de instrumentais cirúrgicos.

""Nosso compromisso é desenvolver tecnologias acessíveis que contribuam diretamente com a jornada do paciente no sistema público"", comentou Erik Barbosa, VP da unidade de Hospital Care da B. Braun. 

Somos parceiros da saúde pública, transformando realidades e elevando o cuidado.✅

#BBraun #SUS #Inovação #Tecnologia",imagem,1772,0,1772,37,1,1,0,0,0,6993,0,6993,39,"0,02200902935"
Facebook,B Braun,2025,9,18/09/2025 17:16:06,Quinta-Feira,https://www.facebook.com/1468339928670354/posts/1230798092424540,https://storage.googleapis.com/brv-valhalla-datalake-public/images/0532a8c0-20c1-496a-bb83-257f2374a07c.jpeg,"O Sistema Único de Saúde (SUS) é um dos maiores do mundo, atendendo mais de 190 milhões de brasileiros, e a B. Braun atua como parceira estratégica para modernizar e fortalecer essa rede. 🙌🏻 Acreditamos que a tecnologia é fundamental para superar os desafios e elevar a qualidade da assistência.

Nossa atuação inclui o desenvolvimento de soluções que transformam a saúde pública, como a plataforma UTI Online, que permite o monitoramento de pacientes e intervenções mais rápidas. Trabalhamos também com bombas de infusão de alta precisão para garantir a segurança das terapias e o sistema instacount® Plus para rastreabilidade de instrumentais cirúrgicos.

""Nosso compromisso é desenvolver tecnologias acessíveis que contribuam diretamente com a jornada do paciente no sistema público"", comentou Erik Barbosa, VP da unidade de Hospital Care da B. Braun. 

Somos parceiros da saúde pública, transformando realidades e elevando o cuidado.✅

#BBraun #SUS #Inovação #Tecnologia",imagem,,,593,12,0,4,4,0,,816,0,816,20,"0,03372681282"
Instagram,B Braun,2025,9,17/09/2025 21:44:57,Quarta-Feira,https://www.instagram.com/p/DOuAnyKjlnW,https://storage.googleapis.com/brv-valhalla-datalake-public/images/a813815c-28a2-40e9-a196-67404f9799e5.mp4,"Ainda não assistiu?

O programa Saberes que Nutrem: Por um cuidado que é Direito já está no ar!

Com a participação das especialistas Dra. Liane Nunes de Matos e da Dra. Alessandra Borges Liveira, você encontrará aulas pensadas para apoiar profissionais de saúde na atualização científica e no cuidado com a terapia nutricional parenteral e no combate à desnutrição hospitalar.

Porque nutrir é tratar, acolher e garantir o direito à saúde.

Assista agora, o link está na bio.",reels,1495,0,1495,42,4,6,0,2,0,2004,0,2004,54,"0,03612040134"
Facebook,B Braun,2025,9,17/09/2025 21:40:03,Quarta-Feira,https://www.facebook.com/reel/24496737303319675/,https://storage.googleapis.com/brv-valhalla-datalake-public/images/c97791b5-ff29-456c-be4c-ee4f131d87ee.jpeg,"Ainda não assistiu?

O programa Saberes que Nutrem: Por um cuidado que é Direito já está no ar!

Com a participação das especialistas Dra. Liane Nunes de Matos e da Dra. Alessandra Borges Liveira, você encontrará aulas pensadas para apoiar profissionais de saúde na atualização científica e no cuidado com a terapia nutricional parenteral e no combate à desnutrição hospitalar.

Porque nutrir é tratar, acolher e garantir o direito à saúde.

Assista agora: https://brasil-academiaaesculap.onschool.com.br/curso/4c311089-f053-4218-8f71-b02e81d95d04#",reels,,,161,5,0,0,0,0,,182,0,182,5,"0,03105590062"
Instagram,B Braun,2025,9,16/09/2025 12:02:57,Terça-Feira,https://www.instagram.com/p/DOqZLT7DFgX,https://storage.googleapis.com/brv-valhalla-datalake-public/images/1403379b-a928-4aa1-b0de-2ae0eaf3912c.mp4,"🎥 Ainda não assistiu?

O novo episódio do Educação Conectada já está disponível no YouTube da B. Braun Brasil!
Dessa vez, o Prof. Wilson Follador e a Gerente de Acesso ao Mercado da B. Braun, Cristina Ferreira, compartilham estratégias valiosas para ampliar o acesso à saúde.
👉 Corra pro YouTube e confira a conversa completa. O link está na bio!",reels,1331,0,1331,23,1,3,0,0,0,1763,0,1763,27,"0,02028549962"
Facebook,B Braun,2025,9,16/09/2025 12:01:27,Terça-Feira,https://www.facebook.com/reel/1437049397519632/,https://storage.googleapis.com/brv-valhalla-datalake-public/images/9c9c5a52-dead-4ead-89fe-506c0cacc251.jpeg,"🎥 Ainda não assistiu?

O novo episódio do Educação Conectada já está disponível no YouTube da B. Braun Brasil!
Dessa vez, o Prof. Wilson Follador e a Gerente de Acesso ao Mercado da B. Braun, Cristina Ferreira, compartilham estratégias valiosas para ampliar o acesso à saúde.
👉 Acesse o vídeo: https://www.youtube.com/watch?v=yHXoPtFPG14",reels,,,97,5,0,0,0,0,,113,0,115,5,"0,05154639175"
Facebook,B Braun,2025,9,11/09/2025 20:04:55,Quinta-Feira,https://www.facebook.com/reel/1308511507283969/,https://storage.googleapis.com/brv-valhalla-datalake-public/images/c781655d-ad17-4a26-aa71-b972bd160f3a.jpeg,"O novo episódio do Educação Conectada já está no ar. 🤩 Você já pode assistir no YouTube a conversa com o Prof. Wilson Follador e a Gerente de Acesso ao Mercado da B. Braun, Cristina Ferreira, sobre estratégias para ampliar o acesso à saúde.

Aproveite todo conhecimento que esses dois profissionais super reconhecidos têm a oferecer. 📲 Clique no link para conferir o episódio completo. https://youtu.be/yHXoPtFPG14 

#BBraun #EducaçãoConectada #Saúde #Inovação",reels,,,122,7,0,0,0,0,,153,0,155,7,"0,05737704918"
Instagram,B Braun,2025,9,11/09/2025 20:03:53,Quinta-Feira,https://www.instagram.com/p/DOeYN2diH0y,https://storage.googleapis.com/brv-valhalla-datalake-public/images/9297c6c8-54a2-4726-9285-902a5c623bb2.mp4,"O novo episódio do Educação Conectada já está no ar. 🤩 Você já pode assistir no YouTube a conversa com o Prof. Wilson Follador e a Gerente de Acesso ao Mercado da B. Braun, Cristina Ferreira, sobre estratégias para ampliar o acesso à saúde.

Aproveite todo conhecimento que esses dois profissionais super reconhecidos têm a oferecer. 📲 Clique no link da bio e confira. 

#BBraun #EducaçãoConectada #Saúde #Inovação",reels,1292,0,1292,22,0,3,0,0,0,1707,0,1707,25,"0,0193498452"
Facebook,B Braun,2025,9,10/09/2025 20:31:28,Quarta-Feira,https://www.facebook.com/reel/1431566937933841/,https://storage.googleapis.com/brv-valhalla-datalake-public/images/9006176a-5f71-41c0-9de9-b4e71900cf9b.jpeg,"Hoje começa o Congresso Paulista de Nefrologia, e a B.Braun está mais presente do que nunca, com um espaço dedicado à inovação e ao cuidado. 

No vídeo você confere o impacto que a dedicação de médicos, enfermeiros e todos os profissionais da saúde tem na vida dos pacientes. 

Cada gesto de cuidado é um compromisso com a vida e com o bem-estar daqueles que dependem do tratamento. Afinal, ""Uma vida significa muito"". 

Visite nosso estande de 10 a 13 de setembro no Royal Palm Hall - Campinas - SP

#CongressoPaulistaDeNefrologia #UmaVidaSignificaMuito #BBraun",reels,,,148,8,0,0,1,0,,171,0,171,9,"0,06081081081"
Instagram,B Braun,2025,9,10/09/2025 20:30:59,Quarta-Feira,https://www.instagram.com/p/DOb2kiOACj_,https://storage.googleapis.com/brv-valhalla-datalake-public/images/3089da94-ce87-4309-aa09-b5d67898ebc9.mp4,"Hoje começa o Congresso Paulista de Nefrologia, e a B.Braun está mais presente do que nunca, com um espaço dedicado à inovação e ao cuidado. 

No vídeo você confere o impacto que a dedicação de médicos, enfermeiros e todos os profissionais da saúde tem na vida dos pacientes. 

Cada gesto de cuidado é um compromisso com a vida e com o bem-estar daqueles que dependem do tratamento. Afinal, ""Uma vida significa muito"". 

Visite nosso estande de 10 a 13 de setembro no Royal Palm Hall - Campinas - SP

#CongressoPaulistaDeNefrologia #UmaVidaSignificaMuito #BBraun",reels,3860,0,3860,140,11,34,0,2,0,6394,0,6394,187,"0,04844559585"
Instagram,B Braun,2025,9,10/09/2025 18:40:23,Quarta-Feira,https://www.instagram.com/p/DObp5JjjZPb,https://storage.googleapis.com/brv-valhalla-datalake-public/images/7fd6a401-e41d-4dab-988c-b546cac27477.mp4,"Um novo episódio do Educação Conectada promovido pela Aesculap Academy Brasil está chegando com um papo essencial para quem vive a saúde e a inovação.

O Prof. Wilson Follador se junta à Gerente de Acesso ao Mercado da B. Braun para discutir o futuro, os desafios e as oportunidades que conectam educação e gestão na área da saúde.

Já ativa o lembrete e se prepara, vai ao ar em breve, no canal do Youtube da B. Braun Brasil.

 Fica de olho nos nossos stories para não perder a estreia.

 #EducaçãoConectada #BBraunBrasil #AesculapAcademy #InovaçãoNaSaúde #GestãoHospitalar #PodcastSaúde #ProfissionaisDaSaúde",reels,926,0,926,27,3,3,0,0,0,1272,0,1272,33,"0,03563714903"
Facebook,B Braun,2025,9,10/09/2025 18:04:34,Quarta-Feira,https://www.facebook.com/reel/750209821160576/,https://storage.googleapis.com/brv-valhalla-datalake-public/images/2915991a-70b3-4936-a45e-e7c9602ca125.jpeg,"Um novo episódio do Educação Conectada promovido pela Aesculap Academy Brasil está chegando com um papo essencial para quem vive a saúde e a inovação.

O Prof. Wilson Follador se junta à Gerente de Acesso ao Mercado da B. Braun para discutir o futuro, os desafios e as oportunidades que conectam educação e gestão na área da saúde.

Já ativa o lembrete e se prepara, vai ao ar em breve, no canal do Youtube da B. Braun Brasil.

 Fica de olho nos nossos stories para não perder a estreia.

 #EducaçãoConectada #BBraunBrasil #AesculapAcademy #InovaçãoNaSaúde #GestãoHospitalar #PodcastSaúde #ProfissionaisDaSaúde",reels,,,80,4,0,1,3,0,,98,0,100,8,"0,1"
Instagram,B Braun,2025,9,09/09/2025 23:17:56,Terça-Feira,https://www.instagram.com/p/DOZk7lsE7P0,https://storage.googleapis.com/brv-valhalla-datalake-public/images/a4463de1-a657-4567-826c-9e4dd541bcda.jpeg,"Venha conhecer de perto o portfólio completo da B. Braun Aesculap em Neurocirurgia no Congresso de Atualização em Neurocirurgia. 
Fique ligado na nossa rede. Prepare-se para uma imersão em tecnologia, ciência e propósito. 
#Neurocirurgia #TecnologiaMédica #BBraun #SaveTheDate",carrossel ,2068,0,2068,39,1,8,0,0,0,7239,0,7239,48,"0,02321083172"
Facebook,B Braun,2025,9,09/09/2025 23:17:49,Terça-Feira,https://www.facebook.com/1468339928670354/posts/1223559993148350,https://storage.googleapis.com/brv-valhalla-datalake-public/images/4fc44ce0-7823-4915-8302-7585d4bd3008.jpeg,"Venha conhecer de perto o portfólio completo da B. Braun Aesculap em Neurocirurgia no Congresso de Atualização em Neurocirurgia. 
Fique ligado na nossa rede. Prepare-se para uma imersão em tecnologia, ciência e propósito. 
#Neurocirurgia #TecnologiaMédica #BBraun #SaveTheDate",galeria,,,246,8,1,0,3,0,,329,0,329,12,"0,0487804878"
Instagram,B Braun,2025,9,08/09/2025 18:06:28,Segunda-Feira,https://www.instagram.com/p/DOWcfbYk75A,https://storage.googleapis.com/brv-valhalla-datalake-public/images/6fb9c6cd-893e-4fea-9250-717fcadc1080.jpeg,"Se anestesia é sua especialidade, essa é a oportunidade de se aprofundar com quem realmente entende do assunto.
💡 A Trilha Educacional – Anestesia Baseada em Evidências traz 5 módulos online, com certificado, ministrados pelo respeitado Prof. Dr. Paul Kessler, referência internacional em anestesiologia.
Tudo de forma leve, prática e acessível. Um novo módulo a cada 15 dias.
Acesse agora no link da bio
#Anestesia #AtualizaçãoProfissional #EvidênciaMédica #AesculapAcademy #CursoOnline",carrossel ,2130,0,2130,52,6,20,0,3,0,7652,0,7652,81,"0,03802816901"
Facebook,B Braun,2025,9,08/09/2025 18:06:23,Segunda-Feira,https://www.facebook.com/1468339928670354/posts/1222614796576203,https://storage.googleapis.com/brv-valhalla-datalake-public/images/2deff6d8-e96c-41ac-b48c-a7d3cf178b65.jpeg,"A formação contínua é parte essencial da prática anestésica.
Por isso, apresentamos a Trilha Educacional – Anestesia Baseada em Evidências, com 5 módulos quinzenais ministrados pelo Prof. Dr. Paul Kessler, referência internacional em anestesiologia.
✔ Curso 100% online
✔ Com certificação
✔ Acesso pela plataforma E-learning da Aesculap Academy
Inscreva-se: https://brasil-academiaaesculap.onschool.com.br/c/2b5ca66e-bf3d-4f75-90a6-b01825895c5a
#Anestesia #EducaçãoMédica #Anestesiologistas #EvidênciaCientífica #AesculapAcademy #FormaçãoMédica #PaulKessler",galeria,,,185,4,0,1,2,0,,258,0,258,7,"0,03783783784"
Instagram,B Braun,2025,9,03/09/2025 21:57:11,Quarta-Feira,https://www.instagram.com/p/DOJ-68LE7Og,https://storage.googleapis.com/brv-valhalla-datalake-public/images/4a0c794a-f35b-4dd5-8205-878d6a974a2a.jpeg,"Em ambientes hospitalares, cada cuidado conta e evitar a contaminação é essencial para proteger pacientes e equipes. 

É por isso que, na B. Braun, a segurança do paciente não é só uma etapa: é o ponto de partida. Nossas soluções em infusão, cateteres, cuidados com a pele e higiene das mãos são desenvolvidas para reduzir riscos, prevenir infecções hospitalares e colocar a vida sempre em primeiro lugar.",carrossel ,1414,0,1414,37,1,4,0,0,0,6750,0,6750,42,"0,0297029703"
Facebook,B Braun,2025,9,03/09/2025 21:57:07,Quarta-Feira,https://www.facebook.com/1468339928670354/posts/1218760656961617,https://storage.googleapis.com/brv-valhalla-datalake-public/images/64e173a1-d61c-48b2-bc1e-20aa54fccfdc.jpeg,"Em ambientes hospitalares, cada cuidado conta e evitar a contaminação é essencial para proteger pacientes e equipes. 

É por isso que, na B. Braun, a segurança do paciente não é só uma etapa: é o ponto de partida. Nossas soluções em infusão, cateteres, cuidados com a pele e higiene das mãos são desenvolvidas para reduzir riscos, prevenir infecções hospitalares e colocar a vida sempre em primeiro lugar.",galeria,,,255,12,0,1,2,0,,369,0,369,15,"0,05882352941"
Instagram,B Braun,2025,9,02/09/2025 22:11:57,Terça-Feira,https://www.instagram.com/p/DOHb0LkEwVY,https://storage.googleapis.com/brv-valhalla-datalake-public/images/7e625ba4-af1f-477b-8944-24c790d27ae1.jpeg,"Setembro chegou com uma agenda repleta de encontros importantes para a área da saúde.

Estaremos presentes em congressos que reforçam nosso compromisso com o cuidado e nos conectam com o futuro da medicina.

Deslize para conferir todos os eventos deste mês e nos siga para acompanhar de perto a nossa participação.",carrossel ,1608,0,1608,52,1,19,0,2,0,9703,0,9703,74,"0,0460199005"
Facebook,B Braun,2025,9,02/09/2025 22:11:53,Terça-Feira,https://www.facebook.com/1468339928670354/posts/1217972727040410,https://storage.googleapis.com/brv-valhalla-datalake-public/images/49ca7d92-3781-441d-a51e-f2ad131f9d98.jpeg,"Setembro chegou com uma agenda repleta de encontros importantes para a área da saúde.

Estaremos presentes em congressos que reforçam nosso compromisso com o cuidado e nos conectam com o futuro da medicina.

Deslize para conferir todos os eventos deste mês e nos siga para acompanhar de perto a nossa participação.",galeria,,,192,8,1,0,8,0,,282,0,282,17,"0,08854166667"
Facebook,B Braun,2025,9,01/09/2025 12:43:12,Segunda-Feira,https://www.facebook.com/reel/1695049721204962/,https://storage.googleapis.com/brv-valhalla-datalake-public/images/8e023116-35a3-49a6-a2bd-7acc472989f6.jpeg,"A espera acabou! ✨ 

Apresentamos o “Programa Saberes que nutrem”, por um cuidado que é direito.

Com foco em Terapia Nutricional, o programa oferece uma série de videoaulas exclusivas, pensadas para apoiar profissionais de saúde na atualização científica e no aprimoramento do cuidado nutricional.

👉 Neste primeiro módulo, temos a honra de receber duas grandes especialistas: a Dra. Liane Nunes de Matos e a Dra. Alessandra Borges Liveira. Elas trarão conteúdos que vão nutrir o seu saber e impulsionar a sua prática profissional.

E a melhor parte? Novos módulos serão lançados a cada 15 dias, num total de 5 vídeo aulas, garantindo um aprimoramento contínuo e sempre atualizado.

Não fique de fora dessa! Venha fazer parte do “Saberes que Nutrem” e transforme o cuidado com seus pacientes. Link na bio.

#SaberesQueNutrem #BBraun #TerapiaNutricional #Curso #Lançamento",reels,,,169,3,0,0,0,0,,217,0,217,3,"0,01775147929"
Instagram,B Braun,2025,9,01/09/2025 12:43:07,Segunda-Feira,https://www.instagram.com/p/DOD1tzGEZsB,https://storage.googleapis.com/brv-valhalla-datalake-public/images/d1c872a4-2df4-4e45-8ab0-458d5f12b347.mp4,"A espera acabou! ✨ 

Apresentamos o “Programa Saberes que nutrem”, por um cuidado que é direito.

Com foco em Terapia Nutricional, o programa oferece uma série de videoaulas exclusivas, pensadas para apoiar profissionais de saúde na atualização científica e no aprimoramento do cuidado nutricional.

👉 Neste primeiro módulo, temos a honra de receber duas grandes especialistas: a Dra. Liane Nunes de Matos e a Dra. Alessandra Borges Liveira. Elas trarão conteúdos que vão nutrir o seu saber e impulsionar a sua prática profissional.

E a melhor parte? Novos módulos serão lançados a cada 15 dias, num total de 5 vídeo aulas, garantindo um aprimoramento contínuo e sempre atualizado.

Não fique de fora dessa! Venha fazer parte do “Saberes que Nutrem” e transforme o cuidado com seus pacientes. Link na bio.

#SaberesQueNutrem #BBraun #TerapiaNutricional #Curso #Lançamento",reels,1777,0,1777,79,5,33,0,1,0,2643,0,2643,118,"0,06640405177"
Instagram,B Braun,2025,8,31/08/2025 12:02:59,Domingo,https://www.instagram.com/p/DOBMfPLCPP1,https://storage.googleapis.com/brv-valhalla-datalake-public/images/fb6439e2-36f1-430c-8f33-399d68a8a9f3.mp4,"Vem aí! Saberes que Nutrem: Por um cuidado que é direito – estreia em 01 de setembro.

No Dia do Nutricionista, celebramos os profissionais que transformam conhecimento em cuidado de qualidade com uma oportunidade especial para aprimorar seus conhecimentos.

Participe do nosso programa com 5 vídeo aulas e se inspire na educação técnica continuada, aprimore suas habilidades e amplie o seu impacto nos cuidados nutricionais, aprendendo a aplicar novas práticas que fazem diferença na rotina hospitalar.

Fique de olho e venha aprender com a gente!",reels,1378,0,1378,65,10,15,0,6,0,1995,0,1995,96,"0,06966618287"
Facebook,B Braun,2025,8,31/08/2025 12:01:29,Domingo,https://www.facebook.com/reel/1919360142238594/,https://storage.googleapis.com/brv-valhalla-datalake-public/images/88b88aeb-a5fa-4e9b-8467-282d5761fe6f.jpeg,"Vem aí! Saberes que Nutrem: Por um cuidado que é direito – estreia em 01 de setembro.

No Dia do Nutricionista, celebramos os profissionais que transformam conhecimento em cuidado de qualidade com uma oportunidade especial para aprimorar seus conhecimentos.

Participe do nosso programa com 5 vídeo aulas e se inspire na educação técnica continuada, aprimore suas habilidades e amplie o seu impacto nos cuidados nutricionais, aprendendo a aplicar novas práticas que fazem diferença na rotina hospitalar.

Fique de olho e venha aprender com a gente!",reels,,,191,9,1,1,2,0,,227,0,227,13,"0,06806282723"
Facebook,B Braun,2025,8,29/08/2025 13:42:42,Sexta-Feira,https://www.facebook.com/1468339928670354/posts/1214493764054973,https://storage.googleapis.com/brv-valhalla-datalake-public/images/53473587-704f-469c-bcf7-0cf5101d1e24.jpeg,"A B. Braun se orgulha de sua longa tradição em instrumentais cirúrgicos e do compromisso contínuo com a inovação. A linha SQ.line® foi desenvolvida para entregar precisão, excelência e mais ergonomia.

Com um design ergonômico e um sistema de montagem que facilita a limpeza, a SQ.line foi pensada para otimizar seus processos.

Passe para o lado e descubra como a nossa tecnologia pode fazer a diferença na sua prática!😉

#Bbraun #SQline #Saude #Cirurgia",galeria,,,335,6,1,1,3,0,,495,0,495,11,"0,0328358209"
Instagram,B Braun,2025,8,29/08/2025 13:42:38,Sexta-Feira,https://www.instagram.com/p/DN8OWVoEVfV,https://storage.googleapis.com/brv-valhalla-datalake-public/images/ab79bbcf-2cb4-4295-897a-39930b14874f.jpeg,"A B. Braun se orgulha de sua longa tradição em instrumentais cirúrgicos e do compromisso contínuo com a inovação. A linha SQ.line® foi desenvolvida para entregar precisão, excelência e mais ergonomia.

Com um design ergonômico e um sistema de montagem que facilita a limpeza, a SQ.line foi pensada para otimizar seus processos.

Passe para o lado e descubra como a nossa tecnologia pode fazer a diferença na sua prática!😉

#Bbraun #SQline #Saude #Cirurgia",carrossel ,1597,0,1597,49,1,9,0,3,0,7949,0,7949,62,"0,03882279274"
Facebook,B Braun,2025,8,27/08/2025 22:01:37,Quarta-Feira,https://www.facebook.com/1468339928670354/posts/1213128244191525,https://storage.googleapis.com/brv-valhalla-datalake-public/images/7d15c11c-b03d-4ae7-badc-a0f8e0ea76bf.jpeg,"A B. Braun convida você para um simpósio exclusivo durante o Congresso Anest in Rio.

O encontro contará com a participação internacional da Dra. Susana Peñuelas, médica espanhola
com sólida formação e atuação global:

● Médica General, MsC, MBA
● Medical Advisor Global na B. Braun
● Docente no Mestrado em Pesquisa Biomédica da Universidade de Lleida
● Especialista em analgesia periférica intravenosa

Data: 29 de agosto
Horário: 12h30 às 13h30
Local: Congresso Anest in Rio
Moderador: Dr. Bruno Guido

Evento restrito a profissionais de saúde.

#BBraunBrasil #AnestRio2025 #SimpósioBBraun #Anestesia #InovaçãoClínica
#MedicinaHospitalar #CongressoMédico #HospitalCare",imagem,,,211,6,0,1,2,0,,309,0,309,9,"0,04265402844"
Instagram,B Braun,2025,8,27/08/2025 22:01:32,Quarta-Feira,https://www.instagram.com/p/DN392muEcUp,https://storage.googleapis.com/brv-valhalla-datalake-public/images/7f324062-08a0-4bad-9576-4ca678f9297f.jpeg,"A B. Braun convida você para um simpósio exclusivo durante o Congresso Anest in Rio.

O encontro contará com a participação internacional da Dra. Susana Peñuelas, médica espanhola
com sólida formação e atuação global:

● Médica General, MsC, MBA
● Medical Advisor Global na B. Braun
● Docente no Mestrado em Pesquisa Biomédica da Universidade de Lleida
● Especialista em analgesia periférica intravenosa

Data: 29 de agosto
Horário: 12h30 às 13h30
Local: Congresso Anest in Rio
Moderador: Dr. Bruno Guido

Evento restrito a profissionais de saúde.

#BBraunBrasil #AnestRio2025 #SimpósioBBraun #Anestesia #InovaçãoClínica
#MedicinaHospitalar #CongressoMédico #HospitalCare",imagem,1833,0,1833,21,1,6,0,4,0,8289,0,8289,32,"0,01745771959"
Facebook,B Braun,2025,8,22/08/2025 19:43:06,Sexta-Feira,https://www.facebook.com/1468339928670354/posts/1208913371279679,https://storage.googleapis.com/brv-valhalla-datalake-public/images/ef5894a8-73d6-4a10-8cd5-210e07733842.jpeg,"A B. Braun marcará presença no XXI Congresso Brasileiro de Quadril que ocorrerá nos dias 27 a 30 de agosto em Foz do Iguaçu – PR. No dia 27/08 às 11h45, apresentaremos o Simpósio B. Braun Hip Revision Solutions, com participação de Speakers internacional e nacionais, discutindo sobre práticas clínicas com soluções completas, inovadoras e que proporcionam eficácia na artroplastia de quadril.

Além disso, durante todo o Congresso, você pode visitar nosso estande e conhecer de perto os destaques da linha de ortopedia: Corehip®, Prevision® e a família Plasmafit® (Plasmafit Plus®, Plasmafit Revisão® e Dupla Mobilidade®).

Será uma oportunidade única de ampliar conhecimento e trocar experiências com quem lidera a inovação e a precisão na Ortopedia. 🙌🏻 Esperamos sua visita.

#BBraunBrasil #CBQ #Ortopedia #Prevision #CongressoMédico #Simpósio",galeria,,,168,8,0,0,4,0,,258,0,258,12,"0,07142857143"
Instagram,B Braun,2025,8,22/08/2025 19:43:02,Sexta-Feira,https://www.instagram.com/p/DNq2Bzrx2bk,https://storage.googleapis.com/brv-valhalla-datalake-public/images/7ba32824-1078-4aa9-a0e5-552fcfa9e7a1.jpeg,"A B. Braun marcará presença no XXI Congresso Brasileiro de Quadril que ocorrerá nos dias 27 a 30 de agosto em Foz do Iguaçu – PR. No dia 27/08 às 11h45, apresentaremos o Simpósio B. Braun Hip Revision Solutions, com participação de Speakers internacional e nacionais, discutindo sobre práticas clínicas com soluções completas, inovadoras e que proporcionam eficácia na artroplastia de quadril.

Além disso, durante todo o Congresso, você pode visitar nosso estande e conhecer de perto os destaques da linha de ortopedia: Corehip®, Prevision® e a família Plasmafit® (Plasmafit Plus®, Plasmafit Revisão® e Dupla Mobilidade®).

Será uma oportunidade única de ampliar conhecimento e trocar experiências com quem lidera a inovação e a precisão na Ortopedia. 🙌🏻 Esperamos sua visita.

#BBraunBrasil #CBQ #Ortopedia #Prevision #CongressoMédico #Simpósio",carrossel ,1691,0,1691,88,2,8,0,2,0,9514,0,9514,100,"0,05913660556"
Facebook,B Braun,2025,8,18/08/2025 17:12:07,Segunda-Feira,https://www.facebook.com/reel/1453435042370702/,https://storage.googleapis.com/brv-valhalla-datalake-public/images/2bddf4d0-baa5-4344-ae41-1582608eaeef.jpeg,"Para as equipes de enfermagem que vivem a rotina hospitalar, cada detalhe e cada segundo contam. Sabemos que a precisão e a segurança na infusão de medicamentos são essenciais para o cuidado com o paciente.

Para otimizar o tempo e simplificar processos, a B. Braun lançou a Space Plus: uma tecnologia inovadora que eleva a terapia intravenosa a um novo nível.🙌🏻 Dê o play e confira os diferenciais.

Com a Space Plus, a infusão de medicamentos se torna mais simples, ajudando os profissionais a focar no que realmente importa: o cuidado com os pacientes.💚

#BBraun #SpacePlus #InfusaoDeMedicamentos #Enfermagem #Saude",reels,,,169,3,0,1,1,0,,209,0,209,5,"0,02958579882"
Instagram,B Braun,2025,8,18/08/2025 17:12:03,Segunda-Feira,https://www.instagram.com/p/DNgRZJ4RRLY,https://storage.googleapis.com/brv-valhalla-datalake-public/images/86ce175e-f3a3-4d2d-9ec9-feff363b40ea.mp4,"Para as equipes de enfermagem que vivem a rotina hospitalar, cada detalhe e cada segundo contam. Sabemos que a precisão e a segurança na infusão de medicamentos são essenciais para o cuidado com o paciente.

Para otimizar o tempo e simplificar processos, a B. Braun lançou a Space Plus: uma tecnologia inovadora que eleva a terapia intravenosa a um novo nível.🙌🏻 Dê o play e confira os diferenciais.

Com a Space Plus, a infusão de medicamentos se torna mais simples, ajudando os profissionais a focar no que realmente importa: o cuidado com os pacientes.💚

#BBraun #SpacePlus #InfusaoDeMedicamentos #Enfermagem #Saude",reels,1777,0,1777,120,8,11,0,5,0,2620,0,2620,144,"0,08103545301"
Facebook,B Braun,2025,8,15/08/2025 20:35:26,Sexta-Feira,https://www.facebook.com/1468339928670354/posts/1203159905188359,https://storage.googleapis.com/brv-valhalla-datalake-public/images/b9e27f85-fdbb-4349-91bf-5a00d59480b9.jpeg,"A B. Braun tem o prazer de convidar você, profissional da área médica e de enfermagem, para o OMNI LATAM Roadshow. 🤩 

Será um dia de discussões relevantes sobre a terapia de diálise aguda, com foco em fortalecer o “sharing expertise” no mercado. 

Teremos a participação de um dos nomes mais influentes do setor, o Dr. John Prowle, que irá compartilhar seu conhecimento sobre vários temas da terapia de diálise. 

Não perca a chance de aprimorar suas habilidades e fazer networking com especialistas da área. 🙌🏻 Inscreva-se já! Link na bio.

#BBraun #Evento #LatamRoadshow #Dialise #Saude",galeria,,,156,5,0,1,1,0,,245,0,245,7,"0,04487179487"
Instagram,B Braun,2025,8,15/08/2025 20:35:22,Sexta-Feira,https://www.instagram.com/p/DNY6dBVxb5s,https://storage.googleapis.com/brv-valhalla-datalake-public/images/2d8c8d4c-865e-44c3-8d25-c6e897d5e388.jpeg,"A B. Braun tem o prazer de convidar você, profissional da área médica e de enfermagem, para o OMNI LATAM Roadshow. 🤩 

Será um dia de discussões relevantes sobre a terapia de diálise aguda, com foco em fortalecer o “sharing expertise” no mercado. 

Teremos a participação de um dos nomes mais influentes do setor, o Dr. John Prowle, que irá compartilhar seu conhecimento sobre vários temas da terapia de diálise. 

Não perca a chance de aprimorar suas habilidades e fazer networking com especialistas da área. 🙌🏻 Inscreva-se já! Link na bio.

#BBraun #Evento #LatamRoadshow #Dialise #Saude",carrossel ,1064,0,1064,58,4,12,0,4,0,9114,0,9114,78,"0,07330827068"
Facebook,B Braun,2025,8,15/08/2025 13:29:12,Sexta-Feira,https://www.facebook.com/1468339928670354/posts/1202893458548337,https://storage.googleapis.com/brv-valhalla-datalake-public/images/9bf9b979-3b37-4c91-b7e2-8ea7faf73ac8.jpeg,"Hoje é dia de celebrar os heróis que garantem o fluxo da vida: os cirurgiões vasculares! 💙

Em cada artéria e veia, eles atuam com precisão e dedicação, prevenindo complicações e devolvendo o bem-estar aos pacientes. É uma especialidade que exige expertise e inovação constantes para lidar com a complexidade do sistema circulatório.

Nesta data especial, celebramos nossa parceria que está em constante evolução, para que a excelência do trabalho cirúrgico tenha o apoio de soluções inovadoras e confiáveis.

Parabéns a todos os cirurgiões vasculares! ✨  O seu trabalho salva vidas.

#DiaDoCirurgiaoVascular #BBraun #Saude #Inovacao #Medicina",imagem,,,157,6,0,1,0,0,,230,0,230,7,"0,04458598726"
Instagram,B Braun,2025,8,15/08/2025 13:29:06,Sexta-Feira,https://www.instagram.com/p/DNYJrAxRfyA,https://storage.googleapis.com/brv-valhalla-datalake-public/images/a5d55153-05ac-48d8-ac6f-8e91e47b2a8b.jpeg,"Hoje é dia de celebrar os heróis que garantem o fluxo da vida: os cirurgiões vasculares! 💙

Em cada artéria e veia, eles atuam com precisão e dedicação, prevenindo complicações e devolvendo o bem-estar aos pacientes. É uma especialidade que exige expertise e inovação constantes para lidar com a complexidade do sistema circulatório.

Nesta data especial, celebramos nossa parceria que está em constante evolução, para que a excelência do trabalho cirúrgico tenha o apoio de soluções inovadoras e confiáveis.

Parabéns a todos os cirurgiões vasculares! ✨  O seu trabalho salva vidas.

#DiaDoCirurgiaoVascular #BBraun #Saude #Inovacao #Medicina",imagem,1034,0,1034,23,2,2,0,0,0,8208,0,8208,27,"0,02611218569"
Facebook,B Braun,2025,8,14/08/2025 20:29:09,Quinta-Feira,https://www.facebook.com/reel/1262094198787969/,https://storage.googleapis.com/brv-valhalla-datalake-public/images/8f76840e-7677-4d24-9bef-cba10b04bd69.jpeg,"Recebemos a enfermeira Idalina Brasil no episódio “Gestão de OPME e Sistema de Barreira Estéril Rígida: Desafios e Soluções para um Processamento Seguro e Sustentável” do Educação Conectada, em um papo essencial sobre gestão de OPME e Sistema de Barreira Estéril Rígida.

Falamos sobre a importância da rastreabilidade nos processos, um fator que gera melhorias reais para toda a equipe.

👉 Assista ao episódio completo no canal do YouTube da B. Braun Brasil. O link está na bio!

E fique de olho nos nossos canais para mais conteúdos como esse.

 #EducacaoConectada #AesculapAcademy #BBraun",reels,,,91421,4,0,0,150,0,22614,197,144817,145970,154,"0,001684514499"
Instagram,B Braun,2025,8,14/08/2025 20:29:04,Quinta-Feira,https://www.instagram.com/p/DNWUtr2x6fM,https://storage.googleapis.com/brv-valhalla-datalake-public/images/b134bf9b-cd99-43be-a710-8b636dc4efb9.mp4,"Recebemos a enfermeira Idalina Brasil no episódio “Gestão de OPME e Sistema de Barreira Estéril Rígida: Desafios e Soluções para um Processamento Seguro e Sustentável” do Educação Conectada, em um papo essencial sobre gestão de OPME e Sistema de Barreira Estéril Rígida.

Falamos sobre a importância da rastreabilidade nos processos, um fator que gera melhorias reais para toda a equipe.

👉 Assista ao episódio completo no canal do YouTube da B. Braun Brasil. O link está na bio!

E fique de olho nos nossos canais para mais conteúdos como esse.

 #EducacaoConectada #AesculapAcademy #BBraun",reels,2401,0,2401,76,2,4,0,2,0,3316,0,3316,84,"0,03498542274"
Facebook,B Braun,2025,8,14/08/2025 17:26:52,Quinta-Feira,https://www.facebook.com/reel/800933452266205/,https://storage.googleapis.com/brv-valhalla-datalake-public/images/0bf3cd5d-573b-481b-abab-cd30b5eab050.jpeg,"Hoje, no Dia do Cardiologista, celebramos os guardiões de um dos órgãos mais vitais do nosso corpo: o coração! ❤

São esses profissionais que, com sua expertise, paixão e constante atualização, atuam na prevenção, diagnóstico e tratamento das doenças cardiovasculares.

Temos orgulho de estar ao lado desses especialistas. Nossa admiração vai para todos os cardiologistas, pela dedicação, pelo conhecimento e por cada vida que eles ajudam a
transformar por meio do cuidado.

#BBraun #DiaDoCardiologista #SaudeDoCoracao #Cardiologia #CuidadoQueTransforma",reels,,,109,3,0,0,1,0,,123,0,123,4,"0,03669724771"
Instagram,B Braun,2025,8,14/08/2025 17:26:48,Quinta-Feira,https://www.instagram.com/p/DNV_63SR3iG,https://storage.googleapis.com/brv-valhalla-datalake-public/images/b9c3b419-9f81-4dd1-a022-8892607eff96.mp4,"Hoje, no Dia do Cardiologista, celebramos os guardiões de um dos órgãos mais vitais do nosso corpo: o coração! ❤

São esses profissionais que, com sua expertise, paixão e constante atualização, atuam na prevenção, diagnóstico e tratamento das doenças cardiovasculares.

Temos orgulho de estar ao lado desses especialistas. Nossa admiração vai para todos os cardiologistas, pela dedicação, pelo conhecimento e por cada vida que eles ajudam a
transformar por meio do cuidado.

#BBraun #DiaDoCardiologista #SaudeDoCoracao #Cardiologia #CuidadoQueTransforma",reels,1305,0,1305,45,3,9,0,1,0,1877,0,1877,58,"0,04444444444"
Facebook,B Braun,2025,8,07/08/2025 14:55:13,Quinta-Feira,https://www.facebook.com/reel/1279680303852875/,https://storage.googleapis.com/brv-valhalla-datalake-public/images/af4e1e01-c755-43f7-9f3c-1173c8f9b69e.jpeg,"Recebemos a enfermeira Idalina Brasil para um papo essencial sobre rastreabilidade nos processos — um fator que gera melhorias reais para toda a equipe, sem sobrecarregar ninguém. 

Assista agora e fique de olho nos nossos canais para mais conteúdos como esse! 

#EducacaoConectada #AesculapAcademy #BBraun",reels,,,129,3,0,1,0,0,,152,0,155,4,"0,03100775194"
Instagram,B Braun,2025,8,07/08/2025 14:55:08,Quinta-Feira,https://www.instagram.com/p/DNDsuNXRAXV,https://storage.googleapis.com/brv-valhalla-datalake-public/images/3c1301ff-32a9-4cae-88d1-7235e460438a.mp4,"Recebemos a enfermeira Idalina Brasil em mais um episódio do Educação Conectada, em um papo essencial sobre gestão de OPME e Sistema de Barreira Estéril Rígida.

Falamos sobre a importância da rastreabilidade nos processos, um fator que gera melhorias reais para toda a equipe — sem sobrecarregar ninguém.

👉 Assista ao episódio completo no YouTube da B. Braun Brasil. Link na bio.

E fique de olho nos nossos canais para mais conteúdos como esse!

#EducacaoConectada #AesculapAcademy #BBraun",reels,2332,0,2332,80,5,2,0,4,0,3275,0,3275,91,"0,03902229846"
Instagram,B Braun,2025,8,06/08/2025 17:17:26,Quarta-Feira,https://www.instagram.com/p/DNBYpgiOBGQ,https://storage.googleapis.com/brv-valhalla-datalake-public/images/e8089296-ab83-4ccb-809f-c7d1f3bf70e8.jpeg,"O câncer colorretal é uma das doenças que mais matam no Brasil — mas também é uma das que mais podem ser prevenidas com rastreio e diagnóstico precoce.

Quando o tratamento envolve o uso de estoma, o cuidado especializado se torna ainda mais importante para a qualidade de vida do paciente.

A B. Braun acredita que ninguém deve enfrentar essa jornada sozinho. Por isso, criou o Programa Celebrar — um espaço de acolhimento que oferece orientações e suporte gratuito para pessoas estomizadas ou com disfunções miccionais.

Ligue 0800 022 7286 e saiba como podemos ajudar.",carrossel ,1961,0,1961,55,2,21,0,3,0,7857,0,7857,81,"0,0413054564"
Facebook,B Braun,2025,8,06/08/2025 17:17:23,Quarta-Feira,https://www.facebook.com/1468339928670354/posts/1195791012591915,https://storage.googleapis.com/brv-valhalla-datalake-public/images/c9e042b3-2fe0-4da5-b8bd-3c132448b5ac.jpeg,"O câncer colorretal é uma das doenças que mais matam no Brasil — mas também é uma das que mais podem ser prevenidas com rastreio e diagnóstico precoce.

Quando o tratamento envolve o uso de estoma, o cuidado especializado se torna ainda mais importante para a qualidade de vida do paciente.

A B. Braun acredita que ninguém deve enfrentar essa jornada sozinho. Por isso, criou o Programa Celebrar — um espaço de acolhimento que oferece orientações e suporte gratuito para pessoas estomizadas ou com disfunções miccionais.

Ligue 0800 022 7286 e saiba como podemos ajudar.",galeria,,,182,7,1,2,4,0,,272,0,272,14,"0,07692307692"
Facebook,B Braun,2025,8,05/08/2025 20:21:38,Terça-Feira,https://www.facebook.com/reel/1412027503962836/,https://storage.googleapis.com/brv-valhalla-datalake-public/images/1e43fc74-1a07-4f50-a32a-fb58fd11b3d7.jpeg,"Vem aí mais um episódio de Educação Conectada, a série da Aesculap Academy que conecta ciência, prática e inovação.

Neste episódio, recebemos a enfermeira Idalina Brasil. Em breve, você poderá conferir o vídeo completo no YouTube. Fique de olho e não perca essa troca enriquecedora!",reels,,,104,4,0,0,0,0,,125,0,126,4,"0,03846153846"
Instagram,B Braun,2025,8,05/08/2025 20:21:33,Terça-Feira,https://www.instagram.com/p/DM_I4buxBLi,https://storage.googleapis.com/brv-valhalla-datalake-public/images/343b83cb-2a1a-43a8-860e-f19f2b9d6fa4.mp4,"Vem aí mais um episódio de Educação Conectada, a série da Aesculap Academy que conecta ciência, prática e inovação.

Neste episódio, recebemos a enfermeira Idalina Brasil. Em breve, você poderá conferir o vídeo completo no YouTube. Fique de olho e não perca essa troca enriquecedora!",reels,1187,0,1187,47,6,4,0,1,0,1578,0,1578,58,"0,04886267902"
Facebook,B Braun,2025,8,05/08/2025 15:39:26,Terça-Feira,https://www.facebook.com/1468339928670354/posts/1194905902680426,https://storage.googleapis.com/brv-valhalla-datalake-public/images/fb74c3a8-7863-4df8-ae76-a6360424c4cb.jpeg,"Hoje, no Dia Nacional da Saúde, celebramos o compromisso com o bem-estar e a vida. 💚

Nesta data tão importante, queremos destacar o papel fundamental dos profissionais de saúde, que dedicam suas vidas ao cuidado e à recuperação dos pacientes. É para eles que a B. Braun atua incansavelmente, há décadas.

Nosso propósito é auxiliar esses heróis diários, oferecendo soluções inovadoras e de alta qualidade que tornam o trabalho mais seguro, eficiente e preciso. Acreditamos que, juntos,construímos um sistema de saúde mais forte e humano. 

#BBraun #DiaNacionalDaSaude #Saude",imagem,,,202,9,0,1,1,0,,286,0,286,11,"0,05445544554"
Instagram,B Braun,2025,8,05/08/2025 15:39:23,Terça-Feira,https://www.instagram.com/p/DM-ooZCxKKy,https://storage.googleapis.com/brv-valhalla-datalake-public/images/5e703bc3-da88-4c8b-bd16-a74261f990f9.jpeg,"Hoje, no Dia Nacional da Saúde, celebramos o compromisso com o bem-estar e a vida. 💚

Nesta data tão importante, queremos destacar o papel fundamental dos profissionais de saúde, que dedicam suas vidas ao cuidado e à recuperação dos pacientes. É para eles que a B. Braun atua incansavelmente, há décadas.

Nosso propósito é auxiliar esses heróis diários, oferecendo soluções inovadoras e de alta qualidade que tornam o trabalho mais seguro, eficiente e preciso. Acreditamos que, juntos,construímos um sistema de saúde mais forte e humano. 

#BBraun #DiaNacionalDaSaude #Saude",imagem,1765,0,1765,48,2,9,0,2,0,5668,0,5668,61,"0,03456090652"
Facebook,B Braun,2025,8,04/08/2025 18:55:18,Segunda-Feira,https://www.facebook.com/1468339928670354/videos/1071460501796730,https://storage.googleapis.com/brv-valhalla-datalake-public/images/7ed5782d-5f36-452b-b977-e10853ee5737.jpeg,"Você sabia que já é possível monitorar bombas de infusão à distância, sem precisar ir até o leito?

No vídeo de hoje, nosso especialista Augusto Paiva mostra como as bombas Space Plus estão transformando a terapia de infusão.

Na B. Braun, seguimos avançando com tecnologia, digitalização e melhoria contínua: tudo para tornar o cuidado com o paciente cada vez mais seguro e eficiente.

#BBraunBrasil #InfusãoSegura #Conectividade",vídeo,,,196,12,0,2,2,0,,245,0,245,16,"0,08163265306"
Instagram,B Braun,2025,8,04/08/2025 18:54:39,Segunda-Feira,https://www.instagram.com/p/DM8aHxjOq71,https://storage.googleapis.com/brv-valhalla-datalake-public/images/06d8d33c-2b61-417b-8587-8a2b0013f95a.mp4,"Você sabia que já é possível monitorar bombas de infusão à distância, sem precisar ir até o leito?

No vídeo de hoje, nosso especialista Augusto Paiva mostra como as bombas Space Plus estão transformando a terapia de infusão.

Na B. Braun, seguimos avançando com tecnologia, digitalização e melhoria contínua: tudo para tornar o cuidado com o paciente cada vez mais seguro e eficiente.

#BBraunBrasil #InfusãoSegura #Conectividade",reels,2088,0,2088,93,4,28,0,4,0,3278,0,3278,129,"0,0617816092"
Facebook,B Braun,2025,7,31/07/2025 21:56:04,Quinta-Feira,https://www.facebook.com/1468339928670354/posts/1190942129743470,https://storage.googleapis.com/brv-valhalla-datalake-public/images/8918ff80-8dc6-40e3-9d23-45650c9ad523.jpeg,"Quer conferir todos os eventos que participaremos em agosto? Arraste para o lado e dê uma olhada. 👉🏼

Neste mês, marcaremos presença em vários locais estratégicos e importantes, que moldam
o futuro e nos ensinam ainda mais sobre o cuidado.

Confira a lista completa e venha nos visitar.

#BBraun #Evento #Saude",galeria,,,232,11,0,0,12,0,,346,0,346,23,"0,09913793103"
Instagram,B Braun,2025,7,31/07/2025 21:55:57,Quinta-Feira,https://www.instagram.com/p/DMybwKNxccU,https://storage.googleapis.com/brv-valhalla-datalake-public/images/75e3795c-1b04-485b-9d31-405273164908.jpeg,"Quer conferir todos os eventos que participaremos em agosto? Arraste para o lado e dê uma olhada. 👉🏼

Neste mês, marcaremos presença em vários locais estratégicos e importantes, que moldam
o futuro e nos ensinam ainda mais sobre o cuidado.

Confira a lista completa e venha nos visitar.

#BBraun #Evento #Saude",carrossel ,1216,0,1216,45,2,4,0,1,0,4669,0,4669,52,"0,04276315789"
Facebook,B Braun,2025,7,28/07/2025 18:27:19,Segunda-Feira,https://www.facebook.com/1468339928670354/posts/1188509439986739,https://storage.googleapis.com/brv-valhalla-datalake-public/images/8d06316b-3c32-4ff8-bd24-9197f3538382.jpeg,"Já parou pra pensar em como uma história de dedicação pode transformar um país inteiro? 💡

Há mais de 50 anos, a B. Braun começou sua jornada no Brasil com um propósito claro: cuidar da saúde das pessoas. Desde então, muita coisa mudou, cresceu, evoluiu e se transformou. Mas a essência continua a mesma.

Arraste para o lado ➡️ e descubra como uma fábrica em Arsenal se tornou um dos maiores hubs de inovação em saúde do mundo. 🌎",galeria,,,1390,48,7,10,175,0,,2944,0,2944,240,"0,1726618705"
Instagram,B Braun,2025,7,28/07/2025 18:27:12,Segunda-Feira,https://www.instagram.com/p/DMqVegsR0Ot,https://storage.googleapis.com/brv-valhalla-datalake-public/images/bfec8f06-25cd-4d03-b959-efed4c6336c5.jpeg,"Já parou pra pensar em como uma história de dedicação pode transformar um país inteiro? 💡

Há mais de 50 anos, a B. Braun começou sua jornada no Brasil com um propósito claro: cuidar da saúde das pessoas. Desde então, muita coisa mudou, cresceu, evoluiu e se transformou. Mas a essência continua a mesma.

Arraste para o lado ➡️ e descubra como uma fábrica em Arsenal se tornou um dos maiores hubs de inovação em saúde do mundo. 🌎",carrossel ,3407,0,3407,195,11,19,0,5,0,10069,0,10069,230,"0,06750807162"
Facebook,B Braun,2025,7,24/07/2025 21:25:13,Quinta-Feira,https://www.facebook.com/reel/1436643084266952/,https://storage.googleapis.com/brv-valhalla-datalake-public/images/11a47879-6b12-4646-a93d-69e7b79607a5.jpeg,"#TBT Congresso SBHCI 2025.

Entre os dias 02 e 04 de julho, a B.Braun esteve presente no congresso anual da Sociedade Brasileira de Hemodinâmica e Cardiologia Intervencionista em Porto Alegre.

Durante o evento participamos de painéis ao lado de profissionais renomados, onde apresentamos nossas soluções como os balões farmacológicos, uma realidade cada vez mais consolidada na prática clínica. 

O congresso foi uma oportunidade fundamental para reforçarmos o nosso compromisso com a inovação e o cuidado de excelência na cardiologia intervencionista.",reels,,,120,4,0,0,0,0,,152,0,152,4,"0,03333333333"
Instagram,B Braun,2025,7,24/07/2025 21:25:09,Quinta-Feira,https://www.instagram.com/p/DMgWYsUxhNf,https://storage.googleapis.com/brv-valhalla-datalake-public/images/74d87dbd-07a6-4424-ad10-aba75058594f.mp4,"#TBT Congresso SBHCI 2025.

Entre os dias 02 e 04 de julho, a B.Braun esteve presente no congresso anual da Sociedade Brasileira de Hemodinâmica e Cardiologia Intervencionista em Porto Alegre.

Durante o evento participamos de painéis ao lado de profissionais renomados, onde apresentamos nossas soluções como os balões farmacológicos, uma realidade cada vez mais consolidada na prática clínica. 

O congresso foi uma oportunidade fundamental para reforçarmos o nosso compromisso com a inovação e o cuidado de excelência na cardiologia intervencionista.

#SBHCI #CongressoSBHCI2025 #TBT #BBraun",reels,951,0,951,60,3,8,0,1,0,1392,0,1392,72,"0,07570977918"
Facebook,B Braun,2025,7,18/07/2025 13:45:02,Sexta-Feira,https://www.facebook.com/1468339928670354/posts/1180570297447320,https://storage.googleapis.com/brv-valhalla-datalake-public/images/6f4d0330-7266-4c2b-83cc-35c87c08ceb5.jpeg,"Garantir a continuidade dos processos cirúrgicos e de esterilização é essencial para a segurança do paciente e para a eficiência hospitalar.

Com o serviço de Assistência Técnica Aesculap da B.Braun, você solicita reparos, tira as suas dúvidas e conta com um serviço especializado para manter os seus equipamentos em pleno funcionamento. 🔧

🔗 Acesse o link na bio ou entre em contato com o time comercial da B.Braun.",imagem,,,175,4,0,0,1,0,,243,0,243,5,"0,02857142857"
Instagram,B Braun,2025,7,18/07/2025 13:44:59,Sexta-Feira,https://www.instagram.com/p/DMQFOw_xchO,https://storage.googleapis.com/brv-valhalla-datalake-public/images/27c20bea-1942-42dc-b70b-ce89a21cafc2.jpeg,"Garantir a continuidade dos processos cirúrgicos e de esterilização é essencial para a segurança do paciente e para a eficiência hospitalar.

Com o serviço de Assistência Técnica Aesculap da B.Braun, você solicita reparos, tira as suas dúvidas e conta com um serviço especializado para manter os seus equipamentos em pleno funcionamento. 🔧

🔗 Acesse o link na bio ou entre em contato com o time comercial da B.Braun.",imagem,1220,0,1220,30,4,3,0,0,0,3896,0,3896,37,"0,03032786885"
Facebook,B Braun,2025,7,17/07/2025 21:40:58,Quinta-Feira,https://www.facebook.com/reel/1284541353673816/,https://storage.googleapis.com/brv-valhalla-datalake-public/images/56ec1ced-d790-4337-a2be-d670910fdd0f.jpeg,"#TBT de um dia muito especial para a B. Braun e a Nutrição Parenteral.

No último dia 28/06, recebemos profissionais de destaque em Nutrição Parenteral de Centros de Referência em nosso escritório de São Paulo para o Workshop “Terapia Nutricional na UTI - Bench to Bedside”, em parceria com a @sbnpebraspen 

O evento contou com aulas, simulação realística, showroom e calculadora de farmacoeconomia; tudo com um único foco: reforçar o nosso propósito e compromisso com os pacientes e garantir o acesso à uma nutrição que é direito.",reels,,,152,4,0,0,3,0,,174,0,175,7,"0,04605263158"
Instagram,B Braun,2025,7,17/07/2025 21:40:53,Quinta-Feira,https://www.instagram.com/p/DMOWzh8xbEv,https://storage.googleapis.com/brv-valhalla-datalake-public/images/fd3c7c3b-8612-4dd2-9261-b8c7950a35a7.mp4,"#TBT de um dia muito especial para a B. Braun e a Nutrição Parenteral.

No último dia 28/06, recebemos profissionais de destaque em Nutrição Parenteral de Centros de Referência em nosso escritório de São Paulo para o Workshop “Terapia Nutricional na UTI - Bench to Bedside”, em parceria com a @sbnpebraspen 

O evento contou com aulas, simulação realística, showroom e calculadora de farmacoeconomia; tudo com um único foco: reforçar o nosso propósito e compromisso com os pacientes e garantir o acesso à uma nutrição que é direito.",reels,3269,0,3269,104,4,31,0,3,0,4981,0,4981,142,"0,04343836035"
Facebook,B Braun,2025,7,16/07/2025 20:38:35,Quarta-Feira,https://www.facebook.com/reel/2916643758528620/,https://storage.googleapis.com/brv-valhalla-datalake-public/images/11695488-2aa2-4acd-85f3-b77ed156d2b0.jpeg,"Ainda não assistiu ao episódio do nosso podcast “Educação Conectada”? 🤔

Não perca essa oportunidade de conferir um pouco mais sobre biofilme e a metodologia de ensino para os futuros profissionais da área, com nossa Gerente de Produtos, Tatiana Clerc, e o Enfermeiro Bruno Pappalardo.

Acesse o nosso canal no YouTube e assista ao episódio completo. 👉 Link na bio.

#BBraun #EducaçãoConectada #Podcast #Saúde",reels,,,121,3,0,0,0,0,,140,0,140,3,"0,02479338843"
Instagram,B Braun,2025,7,16/07/2025 20:38:30,Quarta-Feira,https://www.instagram.com/p/DMLqvgLRI9K,https://storage.googleapis.com/brv-valhalla-datalake-public/images/487b17d2-4c5d-4b74-9f6d-4dd19a2703c2.mp4,"Ainda não assistiu ao episódio do nosso podcast “Educação Conectada”? 🤔

Não perca essa oportunidade de conferir um pouco mais sobre biofilme e a metodologia de ensino para os futuros profissionais da área, com nossa Gerente de Produtos, Tatiana Clerc, e o Enfermeiro Bruno Pappalardo.

Acesse o nosso canal no YouTube e assista ao episódio completo. 👉 Link na bio.

#BBraun #EducaçãoConectada #Podcast #Saúde",reels,490,0,490,19,0,2,0,0,0,712,0,712,21,"0,04285714286"
Facebook,B Braun,2025,7,14/07/2025 20:37:30,Segunda-Feira,https://www.facebook.com/1468339928670354/videos/2427437110962208,https://storage.googleapis.com/brv-valhalla-datalake-public/images/580d54a7-930a-45d8-9c2a-94cffcd0843b.jpeg,"A B. Braun, por meio da Aesculap Academy, seu braço acadêmico-científico, realizou nos dias 01 e 02 de julho de 2025 mais uma edição do curso prático de técnicas em sistemas de artroplastia total de quadril e joelho. 

A iniciativa educacional aconteceu no CETEB – Centro de Educação e Treinamento Edson Bueno, no Rio de Janeiro (RJ), e contou com a chancela da Sociedade Brasileira de Ortopedia e Traumatologia – Regional Rio de Janeiro (SBOT-RJ), reforçando sua credibilidade acadêmica e alinhamento com os mais altos padrões da ortopedia nacional.

Voltado a cirurgiões especializados em joelho e quadril, o treinamento é reconhecido por sua abordagem científica robusta, aliando teoria e prática intensiva em peças anatômicas para máxima fidelidade às condições reais de procedimentos cirúrgicos. 

Durante o evento, os participantes tiveram acesso a speakers renomados, que apresentaram casos clínicos relevantes e conduziram discussões técnicas aprofundadas, promovendo uma experiência rica de troca de conhecimento.

Acesse nossa plataforma de E-learning da Aesculapy Academy, em nosso link na bio.

#BBraun #AesculapyAcademy",vídeo,,,156,7,0,1,4,0,,200,0,201,12,"0,07692307692"
Instagram,B Braun,2025,7,14/07/2025 20:36:07,Segunda-Feira,https://www.instagram.com/p/DMGg9b5tPX3,https://storage.googleapis.com/brv-valhalla-datalake-public/images/8670a958-ed7c-4a52-92a8-c4e39501b00f.mp4,"A B. Braun, por meio da Aesculap Academy, seu braço acadêmico-científico, realizou nos dias 01 e 02 de julho de 2025 mais uma edição do curso prático de técnicas em sistemas de artroplastia total de quadril e joelho. 

A iniciativa educacional aconteceu no CETEB – Centro de Educação e Treinamento Edson Bueno, no Rio de Janeiro (RJ), e contou com a chancela da Sociedade Brasileira de Ortopedia e Traumatologia – Regional Rio de Janeiro (SBOT-RJ), reforçando sua credibilidade acadêmica e alinhamento com os mais altos padrões da ortopedia nacional.

Voltado a cirurgiões especializados em joelho e quadril, o treinamento é reconhecido por sua abordagem científica robusta, aliando teoria e prática intensiva em peças anatômicas para máxima fidelidade às condições reais de procedimentos cirúrgicos. 

Durante o evento, os participantes tiveram acesso a speakers renomados, que apresentaram casos clínicos relevantes e conduziram discussões técnicas aprofundadas, promovendo uma experiência rica de troca de conhecimento.

Acesse nossa plataforma de E-learning da Aesculapy Academy, em nosso link na bio.

#BBraun #AesculapyAcademy",reels,3672,0,3672,217,15,72,0,8,0,6047,0,6047,312,"0,08496732026"
Facebook,B Braun,2025,7,10/07/2025 15:08:51,Quinta-Feira,https://www.facebook.com/reel/1218168183388431/,https://storage.googleapis.com/brv-valhalla-datalake-public/images/b50222fb-9a59-4630-ab3b-90ee8381c39e.jpeg,"Nosso episódio está no ar! 🎉

Neste ep do Educação Conectada, contamos com a expertise da nossa gerente de produtos, Tatiana Clerc, e os ensinamentos do enfermeiro, Bruno Pappalardo, falando sobre um tema importante para a prática clínica: o biofilme.

Assista agora mesmo em nosso canal do YouTube da B. Braun Brasil! Link na Bio.

#BBraun #EducaçãoConectada #Podcast #Biofilme #Enfermagem #Saúde #YouTube",reels,,,127,3,0,0,1,0,,150,0,150,4,"0,03149606299"
Instagram,B Braun,2025,7,10/07/2025 15:08:46,Quinta-Feira,https://www.instagram.com/p/DL7oWH6RPKY,https://storage.googleapis.com/brv-valhalla-datalake-public/images/b72dbf38-55c8-49dc-8fa9-a046b3772b54.mp4,"Nosso episódio está no ar! 🎉

Neste ep do Educação Conectada, contamos com a expertise da nossa gerente de produtos, Tatiana Clerc, e os ensinamentos do enfermeiro, Bruno Pappalardo, falando sobre um tema importante para a prática clínica: o biofilme.

Assista agora mesmo em nosso canal do YouTube da B. Braun Brasil! Link na Bio.

#BBraun #EducaçãoConectada #Podcast #Biofilme #Enfermagem #Saúde #YouTube",reels,1518,0,1518,35,0,3,0,3,0,2088,0,2088,41,"0,02700922266"
Facebook,B Braun,2025,7,08/07/2025 17:04:27,Terça-Feira,https://www.facebook.com/reel/24167302549567072/,https://storage.googleapis.com/brv-valhalla-datalake-public/images/8a05e2b8-04c4-4aa3-a188-2673256807fe.jpeg,"Prepare-se para uma fonte de conhecimento e inovação na saúde! 💡 

Vem aí mais um episódio do “Educação Conectada”, realizada pela Aesculap Academy.

Neste episódio, teremos uma conversa com a Gerente de Produtos da B. Braun, Tatiana Clerc e o Enfermeiro Bruno Pappalardo.

Fique ligado em nosso canal do YouTube para conferir. 

📲 É uma oportunidade única para conectar-se com o que há de mais relevante em educação e prática no setor da saúde",reels,,,101,4,2,0,4,0,,124,0,124,10,"0,09900990099"
Instagram,B Braun,2025,7,08/07/2025 17:04:22,Terça-Feira,https://www.instagram.com/p/DL2rEpLx_t1,https://storage.googleapis.com/brv-valhalla-datalake-public/images/82b61716-c84d-4151-8ac5-e263868b8d4d.mp4,"Prepare-se para uma fonte de conhecimento e inovação na saúde! 💡 

Vem aí mais um episódio do “Educação Conectada”, realizada pela Aesculap Academy.

Neste episódio, teremos uma conversa com a Gerente de Produtos da B. Braun, Tatiana Clerc e o Enfermeiro Bruno Pappalardo.

Fique ligado em nosso canal do YouTube para conferir. 

📲 É uma oportunidade única para conectar-se com o que há de mais relevante em educação e prática no setor da saúde",reels,2155,0,2155,51,6,4,0,0,0,2715,0,2715,61,"0,0283062645"
Facebook,B Braun,2025,7,02/07/2025 22:02:03,Quarta-Feira,https://www.facebook.com/1468339928670354/posts/1168284275342589,https://storage.googleapis.com/brv-valhalla-datalake-public/images/8558b038-ca8b-4cef-961d-736fec46c759.jpeg,"Já estamos no Congresso SBHCI e amanhã iniciaremos uma sessão de discussão de casos com o tema “Balões Farmacológicos”, às 11h, na Sala Érico Veríssimo.
Convidamos você para essa sessão que contará com presenças ilustres e discussões revigorantes sobre o tema, instigando cada vez mais esse assunto de relevância tão palpitante no universo da intervenção coronária percutânea.
 
Nos visite no stand nº 75 e confira de perto nosso portólio de Stent e Balão Farmacológicos: Coroflex®️ ISAR NEO e SeQuent®️ Please NEO.
 
Aguardamos você em Porto Alegre para o maior evento científico da Cardiologia Intervencionista do país.
 
Até lá!",galeria,,,186,7,1,1,2,0,,248,0,248,11,"0,05913978495"
Instagram,B Braun,2025,7,02/07/2025 22:02:00,Quarta-Feira,https://www.instagram.com/p/DLnxZBzRuAR,https://storage.googleapis.com/brv-valhalla-datalake-public/images/37790ce9-70c5-4423-9c07-4c42f746cdf5.jpeg,"Já estamos no Congresso SBHCI e amanhã iniciaremos uma sessão de discussão de casos com o tema “Balões Farmacológicos”, às 11h, na Sala Érico Veríssimo.
Convidamos você para essa sessão que contará com presenças ilustres e discussões revigorantes sobre o tema, instigando cada vez mais esse assunto de relevância tão palpitante no universo da intervenção coronária percutânea.
 
Nos visite no stand nº 75 e confira de perto nosso portólio de Stent e Balão Farmacológicos: Coroflex®️ ISAR NEO e SeQuent®️ Please NEO.
 
Aguardamos você em Porto Alegre para o maior evento científico da Cardiologia Intervencionista do país.
 
Até lá!",carrossel ,697,0,697,40,2,3,0,0,0,3162,0,3162,45,"0,06456241033"
Facebook,B Braun,2025,7,02/07/2025 19:05:09,Quarta-Feira,https://www.facebook.com/1468339928670354/posts/1168202128684137,https://storage.googleapis.com/brv-valhalla-datalake-public/images/ab5ee86d-31e5-4692-9ad3-3f3ad40a964e.jpeg,"📌 SIAV 2025 | Simpósio B. Braun
🕐 03/07, das 13h00 às 13h30
🎙️ Palestrante: Ana Valeska Siebra e Silva

O básico bem feito faz toda a diferença!

Um encontro essencial para quem valoriza práticas seguras e baseadas em evidências: da inserção à conexão de cateteres periféricos, com foco na excelência do cuidado.

Participe e fortaleça sua prática clínica com conhecimento atualizado! 💡

#BBraunBrasil #SIAV2025 #SegurançaDoPaciente #EducaçãoEmSaúde #CateteresPeriféricos",imagem,,,195,7,0,2,2,0,,308,0,308,11,"0,05641025641"
Instagram,B Braun,2025,7,02/07/2025 19:05:05,Quarta-Feira,https://www.instagram.com/p/DLndJTURIFI,https://storage.googleapis.com/brv-valhalla-datalake-public/images/d303af87-1f12-4520-a3ab-f9d31b1e6c81.jpeg,"📌 SIAV 2025 | Simpósio B. Braun
🕐 03/07, das 13h00 às 13h30
🎙️ Palestrante: Ana Valeska Siebra e Silva

O básico bem feito faz toda a diferença!

Um encontro essencial para quem valoriza práticas seguras e baseadas em evidências: da inserção à conexão de cateteres periféricos, com foco na excelência do cuidado.

Participe e fortaleça sua prática clínica com conhecimento atualizado! 💡

#BBraunBrasil #SIAV2025 #SegurançaDoPaciente #EducaçãoEmSaúde #CateteresPeriféricos",imagem,1014,0,1014,34,1,3,0,1,0,3174,0,3174,39,"0,03846153846"
Facebook,B Braun,2025,7,02/07/2025 15:01:51,Quarta-Feira,https://www.facebook.com/1468339928670354/posts/1168057542031929,https://storage.googleapis.com/brv-valhalla-datalake-public/images/c7285569-0753-4d5b-a430-1bb7faac60c2.jpeg,"Neste Dia do Hospital vamos celebrar esses espaços de cuidado, esperança e dedicação incansável. Hospitais são centros de humanidade, onde a vida é valorizada e a saúde é priorizada a cada instante. ✨

Temos orgulho de estar presentes nessa rotina. Nossos equipamentos e produtos são desenvolvidos pensando em cada detalhe, para apoiar os heróis e heroínas que atuam diariamente nesses ambientes.

De um cateter a uma solução completa, nosso compromisso é oferecer soluções que permitam aos profissionais da saúde focar no que fazem de melhor: cuidar das pessoas.

Juntos, fazemos a diferença. 💙

#BBraun #DiaDoHospital #Saúde #ProfissionalDaSaúde",imagem,,,128,4,0,0,0,0,,160,0,160,4,"0,03125"
Instagram,B Braun,2025,7,02/07/2025 15:01:45,Quarta-Feira,https://www.instagram.com/p/DLnBTGgRLPb,https://storage.googleapis.com/brv-valhalla-datalake-public/images/6b9777ef-7f18-49c9-a512-2568a1aaa865.jpeg,"Neste Dia do Hospital vamos celebrar esses espaços de cuidado, esperança e dedicação incansável. Hospitais são centros de humanidade, onde a vida é valorizada e a saúde é priorizada a cada instante. ✨

Temos orgulho de estar presentes nessa rotina. Nossos equipamentos e produtos são desenvolvidos pensando em cada detalhe, para apoiar os heróis e heroínas que atuam diariamente nesses ambientes.

De um cateter a uma solução completa, nosso compromisso é oferecer soluções que permitam aos profissionais da saúde focar no que fazem de melhor: cuidar das pessoas.

Juntos, fazemos a diferença. 💙

#BBraun #DiaDoHospital #Saúde #ProfissionalDaSaúde",imagem,1031,0,1031,26,2,4,0,0,0,3031,0,3031,32,"0,03103782735"
Instagram,B Braun,2025,6,27/06/2025 20:26:04,Sexta-Feira,https://www.instagram.com/p/DLaucElv7gE,https://storage.googleapis.com/brv-valhalla-datalake-public/images/45a3d6aa-7c82-413f-bcd3-8e7e842bb457.jpeg,"Julho vem cheio de oportunidades para troca de conhecimento, e a B. Braun marca presença em eventos importantes.

Confira os eventos onde estaremos presentes e venha nos visitar! 

📌SBHCI 2025 - 2 a 4 de julho - PUC, Porto Alegre/RS – Estande nº 75
📌SIAV 2025 - 2 a 4 de julho -Av. Albert Einstein, 627/701 - Morumbi, São Paulo/SP - Estande nº 2
📌LASRA | ISURA 2025 - 24 a 26 de julho - Centro de Convenções Rebouças – SP - Estande nº 23",carrossel ,1059,0,1059,48,1,2,0,0,0,3426,0,3426,51,"0,04815864023"
Facebook,B Braun,2025,6,27/06/2025 20:25:59,Sexta-Feira,https://www.facebook.com/1468339928670354/posts/1164232465747770,https://storage.googleapis.com/brv-valhalla-datalake-public/images/745411e2-fd00-430b-b114-4d03783968ec.jpeg,"Julho vem cheio de oportunidades para troca de conhecimento, e a B. Braun marca presença em eventos importantes.

Confira os eventos onde estaremos presentes e venha nos visitar! 

📌SBHCI 2025 - 2 a 4 de julho - PUC, Porto Alegre/RS – Estande nº 75
📌SIAV 2025 - 2 a 4 de julho -Av. Albert Einstein, 627/701 - Morumbi, São Paulo/SP  - Estande nº 2
📌LASRA | ISURA 2025 - 24 a 26 de julho - Centro de Convenções Rebouças – SP - Estande nº 23",galeria,,,196,9,1,0,6,0,,273,0,273,16,"0,08163265306"
Instagram,B Braun,2025,6,23/06/2025 12:02:01,Segunda-Feira,https://www.instagram.com/p/DLPhho5t1Dd,https://storage.googleapis.com/brv-valhalla-datalake-public/images/ae2a1066-9c02-4fa4-a1c8-717974675946.mp4,"Buon Compleanno - Maligayang Kaarawan - Alles Gute zum Geburtstag - Happy Birthday - Feliz Aniversário, B. Braun! Nossos desejos de aniversário vêm em vários idiomas - assim como nós. 🌍🎉 

Hoje é o 186º aniversário da B. Braun Group. Há 186 anos, estamos protegendo e melhorando a saúde das pessoas em todo o mundo.  Como uma empresa líder em tecnologia médica, estamos impulsionando avanços na área da saúde, fornecendo produtos e soluções de alta qualidade para 194 países. Com mais de 64.000 funcionários, estamos fornecendo aos nossos clientes mais de 5.000 produtos diferentes, desenvolvidos em processos de produção altamente eficientes. 

Veja nossos colegas da B. Braun em todo o mundo enviando seus desejos de aniversário em um coro global. 

Agora é a sua vez: Quais idiomas você consegue reconhecer? Deixe-nos saber nos comentários! 👇 

#bbraun #weareteambb #medtech #healthcare #empoweredbytechnology #smartsolutions #happybirthday #companyanniversary",reels,3624,0,3624,320,16,64,0,5,0,6568,0,6568,405,"0,1117549669"
Facebook,B Braun,2025,6,23/06/2025 12:01:25,Segunda-Feira,https://www.facebook.com/reel/1420244679083506/,https://storage.googleapis.com/brv-valhalla-datalake-public/images/de054d9f-70a6-4a85-89c3-acdbfae58a51.jpeg,"Buon Compleanno - Maligayang Kaarawan - Alles Gute zum Geburtstag - Happy Birthday - Feliz Aniversário, B. Braun! Nossos desejos de aniversário vêm em vários idiomas - assim como nós. 🌍🎉 

Hoje é o 186º aniversário da B. Braun Group. Há 186 anos, estamos protegendo e melhorando a saúde das pessoas em todo o mundo.  Como uma empresa líder em tecnologia médica, estamos impulsionando avanços na área da saúde, fornecendo produtos e soluções de alta qualidade para 194 países. Com mais de 64.000 funcionários, estamos fornecendo aos nossos clientes mais de 5.000 produtos diferentes, desenvolvidos em processos de produção altamente eficientes. 

Veja nossos colegas da B. Braun em todo o mundo enviando seus desejos de aniversário em um coro global. 

Agora é a sua vez: Quais idiomas você consegue reconhecer? Deixe-nos saber nos comentários! 👇 

#bbraun #weareteambb #medtech #healthcare #empoweredbytechnology #smartsolutions #happybirthday #companyanniversary",reels,,,407,31,5,0,41,0,,532,0,535,77,"0,1891891892"
Facebook,B Braun,2025,6,18/06/2025 13:53:58,Quarta-Feira,https://www.facebook.com/reel/706707768960327/,https://scontent-ord5-1.xx.fbcdn.net/v/t51.71878-10/509441700_1441563890310787_3770608460406712431_n.jpg?_nc_cat=111&ccb=1-7&_nc_sid=c44d43&_nc_ohc=DSAc13Au078Q7kNvwGaPznl&_nc_oc=AdprbB4gOjMzE9yA0O7EulC2P2NdzohIEMDK-t1MaH5Cm-j08IDub81bILZO6YLfq2lrzS-BHHU-incanJuR3ymF&_nc_zt=23&_nc_ht=scontent-ord5-1.xx&edm=AKK4YLsEAAAA&_nc_gid=G5ycIHJETDF__q5nb0CjUg&_nc_tpa=Q5bMBQGYj2kUUQfZ5b4KTPZro6_52I5W8JrfDcGE1EUcTlwUpjSkPb-ACZkTq3_S0kQKYDfgB3jHdj-SGw&oh=00_Af-y1oMsXhX5kO45xS7tpZJ6n6JRjVabYvYALrLaH209qg&oe=6A41EA92,"Veja o que rolou no Il International Anesthesia Summit! 👩‍🏫

Nos dias 4 e 5 de junho, a B. Braun e a Aesculap Academy reuniram especialistas na sede da SBA, no Rio de Janeiro, para um encontro imersivo sobre anestesia.

🧑‍⚕️Com destaque para a simulação realística, o evento aliou prática, inovação e troca de conhecimento. 

Foi uma excelente oportunidade para reforçar nosso compromisso com a educação continuada.

 #Anesthesiasummit #BBraun
#AesculapAcademy #SBA",reels,,,138,3,0,0,0,0,,153,0,153,3,"0,02173913043"
Instagram,B Braun,2025,6,18/06/2025 11:47:13,Quarta-Feira,https://www.instagram.com/p/DLCnxFtIj30,https://storage.googleapis.com/brv-valhalla-datalake-public/images/16f46703-c31e-45b6-b81d-f2ef79a72312.mp4,"Veja o que rolou no Il International Anesthesia Summit! 👩‍🏫

Nos dias 4 e 5 de junho, a B. Braun e a Aesculap Academy reuniram especialistas na sede da SBA, no Rio de Janeiro, para um encontro imersivo sobre anestesia.

🧑‍⚕️Com destaque para a simulação realística, o evento aliou prática, inovação e troca de conhecimento. 

Foi uma excelente oportunidade para reforçar nosso compromisso com a educação continuada.

 #Anesthesiasummit #BBraun
#AesculapAcademy #SBA",reels,1117,0,1117,52,3,6,0,3,0,1658,0,1658,64,"0,05729632945"
Facebook,B Braun,2025,6,16/06/2025 19:32:05,Segunda-Feira,https://www.facebook.com/reel/1444001050094594/,https://storage.googleapis.com/brv-valhalla-datalake-public/images/4674f1bc-4d38-4486-889e-bb75747393e6.jpeg,"No Real Hospital Português, cada vida é um presente. Juntos, lutamos pelo cuidado que salva e transforma. 🙌🏻

Sabemos que a jornada da hemodiálise exige confiança, segurança e a mais alta tecnologia. É por isso que os materiais e as máquinas de última geração da B. Braun estão presentes, oferecendo suporte e a certeza de um tratamento seguro e eficaz.

Nosso compromisso é com a qualidade de vida e o bem-estar de cada paciente. 💚 Unimos tecnologia e humanidade para cuidar do que mais importa: a sua vida.

#BBraun #RealHospitalPortuguês #Hemodiálise #Saúde #Tecnologia",reels,,,91,4,0,0,0,0,,113,0,113,4,"0,04395604396"
Instagram,B Braun,2025,6,16/06/2025 19:32:01,Segunda-Feira,https://www.instagram.com/p/DK-TNf-xjNq,https://storage.googleapis.com/brv-valhalla-datalake-public/images/88bf7db4-e44a-4a06-b870-f297d56207cc.mp4,"No Real Hospital Português, cada vida é um presente. Juntos, lutamos pelo cuidado que salva e transforma. 🙌🏻

Sabemos que a jornada da hemodiálise exige confiança, segurança e a mais alta tecnologia. É por isso que os materiais e as máquinas de última geração da B. Braun estão presentes, oferecendo suporte e a certeza de um tratamento seguro e eficaz.

Nosso compromisso é com a qualidade de vida e o bem-estar de cada paciente. 💚 Unimos tecnologia e humanidade para cuidar do que mais importa: a sua vida.

#BBraun #RealHospitalPortuguês #Hemodiálise #Saúde #Tecnologia",reels,8229,0,8229,133,14,60,0,4,0,10682,0,10682,211,"0,02564102564"
Instagram,B Braun,2025,6,13/06/2025 13:40:01,Sexta-Feira,https://www.instagram.com/p/DK181rrOtrO,https://storage.googleapis.com/brv-valhalla-datalake-public/images/f39c319f-8bb6-4704-a912-15aa6a6e2db1.jpeg,"Você é médico, enfermeiro, nutricionista, cirurgião, farmacêutico ou profissional da saúde em busca de atualização?

A Aesculap Academy está com sua plataforma de E-learning no ar!

Acesse cursos, aulas e webinars com especialistas reconhecidos internacionalmente e explore temas relevantes para os desafios da prática clínica moderna.

🎓 Mais de 2.000 cursos realizados ao redor do mundo
👥 Mais de 200.000 profissionais certificados
🌐 Intercâmbio de conhecimento em uma rede global de excelência

Faça parte dessa comunidade que impulsiona o cuidado com qualidade, segurança e inovação.

👉 Acesse agora, link na bio.

#AesculapAcademy #ProfissionaisDaSaúde #BBraun #Elearning",imagem,1119,0,1119,32,1,6,0,0,0,2964,0,2964,39,"0,03485254692"
Facebook,B Braun,2025,6,13/06/2025 13:39:58,Sexta-Feira,https://www.facebook.com/1468339928670354/posts/1152370910267259,https://storage.googleapis.com/brv-valhalla-datalake-public/images/0297e7c3-6eb1-4e5c-b195-9b02bebd682b.jpeg,"Você é médico, enfermeiro, nutricionista, cirurgião, farmacêutico ou profissional da saúde em busca de atualização?

A Aesculap Academy está com sua plataforma de E-learning no ar!

Acesse cursos, aulas e webinars com especialistas reconhecidos internacionalmente e explore temas relevantes para os desafios da prática clínica moderna.

🎓 Mais de 2.000 cursos realizados ao redor do mundo
👥 Mais de 200.000 profissionais certificados
🌐 Intercâmbio de conhecimento em uma rede global de excelência

Faça parte dessa comunidade que impulsiona o cuidado com qualidade, segurança e inovação.

👉 Acesse agora, link na bio.

#AesculapAcademy #ProfissionaisDaSaúde #BBraun #Elearning",imagem,,,133,7,0,0,1,0,,171,0,171,8,"0,06015037594"
Facebook,B Braun,2025,6,11/06/2025 20:04:41,Quarta-Feira,https://www.facebook.com/1468339928670354/posts/1151048050399545,https://storage.googleapis.com/brv-valhalla-datalake-public/images/71c25edf-cd02-4a1f-9115-15b89bf14958.jpeg,"A inovação já é realidade na saúde e a Feira Hospitalar 2025 provou isso.

Nosso Vice-Presidente de Negócios, Michael Dickscheid, compartilhou sua visão sobre os grandes movimentos que estão transformando o setor da saúde em artigo publicado pela Medicina S/A.

No texto, ele aborda temas como gestão hospitalar baseada em dados, aplicações da inteligência artificial, sustentabilidade e o papel estratégico da engenharia clínica.

O futuro da saúde já começou e ele exige propósito, acessibilidade e soluções que coloquem o cuidado com o paciente no centro.

Leia o artigo completo no link da bio!",imagem,,,167,5,0,0,2,0,,205,0,205,7,"0,04191616766"
Instagram,B Braun,2025,6,11/06/2025 20:04:37,Quarta-Feira,https://www.instagram.com/p/DKxfQ9lxB6B,https://storage.googleapis.com/brv-valhalla-datalake-public/images/4bc0cf8d-5cf6-4e2f-a446-48a2bd52f62c.jpeg,"A inovação já é realidade na saúde e a Feira Hospitalar 2025 provou isso.

Nosso Vice-Presidente de Negócios, Michael Dickscheid, compartilhou sua visão sobre os grandes movimentos que estão transformando o setor da saúde em artigo publicado pela Medicina S/A.

No texto, ele aborda temas como gestão hospitalar baseada em dados, aplicações da inteligência artificial, sustentabilidade e o papel estratégico da engenharia clínica.

O futuro da saúde já começou e ele exige propósito, acessibilidade e soluções que coloquem o cuidado com o paciente no centro.

Leia o artigo completo no link da bio!",imagem,1768,0,1768,111,1,12,0,0,0,3815,0,3815,124,"0,07013574661"
Facebook,B Braun,2025,6,10/06/2025 22:10:40,Terça-Feira,https://www.facebook.com/1468339928670354/posts/1150305367140480,https://storage.googleapis.com/brv-valhalla-datalake-public/images/96aa04b2-0ac6-45e4-9b1b-c8b129e963fc.jpeg,"A B.Braun tem orgulho de participar do GANEPÃO MED 2025 como patrocinadora oficial do simpósio “Uso Seguro das Emulsões Lipídicas na Prática Clínica”. 🧑‍⚕️

Com a participação da Dra. Liane Nunes de Matos,  médica intensivista, nutróloga e doutora em Ciências pela FMUSP, reforçamos a importância da segurança e da individualização na terapia nutricional, especialmente em UTI.

Participe do Simpósio e fique por dentro das melhores práticas para o cuidado nutricional seguro e eficiente.",galeria,,,308,11,1,2,7,0,,418,0,418,21,"0,06818181818"
Instagram,B Braun,2025,6,10/06/2025 22:10:36,Terça-Feira,https://www.instagram.com/p/DKvI4woRTdi,https://storage.googleapis.com/brv-valhalla-datalake-public/images/7ae28d4d-973f-49db-949f-b730c4d65394.jpeg,"A B.Braun tem orgulho de participar do GANEPÃO MED 2025 como patrocinadora oficial do simpósio “Uso Seguro das Emulsões Lipídicas na Prática Clínica”. 🧑‍⚕️

Com a participação da Dra. Liane Nunes de Matos,  médica intensivista, nutróloga e doutora em Ciências pela FMUSP, reforçamos a importância da segurança e da individualização na terapia nutricional, especialmente em UTI.

Participe do Simpósio e fique por dentro das melhores práticas para o cuidado nutricional seguro e eficiente.",carrossel ,1071,0,1071,45,2,8,0,1,0,3350,0,3350,56,"0,0522875817"
Facebook,B Braun,2025,6,09/06/2025 21:42:02,Segunda-Feira,https://www.facebook.com/reel/24016456011317967/,https://storage.googleapis.com/brv-valhalla-datalake-public/images/2cd3b64b-5f4c-4885-9ef0-5c3d45f24e98.jpeg,"Ainda não assistiu? 

O episódio completo da Educação Conectada em referência ao Dia Mundial do Meio Ambiente, com a participação especial da Ana Maria Malik já está disponível! 

Acesse o vídeo em nosso link na bio.",reels,,,110,6,1,0,5,0,,130,0,130,12,"0,1090909091"
Instagram,B Braun,2025,6,09/06/2025 21:41:57,Segunda-Feira,https://www.instagram.com/p/DKsgaOlxHQt,https://storage.googleapis.com/brv-valhalla-datalake-public/images/8e722ee5-22d5-42df-841d-50d99a8f5e6c.mp4,"Ainda não assistiu? 

O episódio completo da Educação Conectada em referência ao Dia Mundial do Meio Ambiente, com a participação especial da Ana Maria Malik já está disponível! 

Acesse o vídeo em nosso link na bio.",reels,696,0,696,28,3,0,0,0,0,856,0,856,31,"0,04454022989"
Facebook,B Braun,2025,6,09/06/2025 13:53:07,Segunda-Feira,https://www.facebook.com/1468339928670354/posts/1149262150578135,https://storage.googleapis.com/brv-valhalla-datalake-public/images/825cbc3f-61bc-419d-af4d-83c1e7774a2e.jpeg,"Em junho, a B. Braun marca presença em eventos importantes do Setor de Saúde. 

Sempre assumindo o nosso compromisso com o cuidado e a inovação, levando tecnologia e ainda mais conhecimento para transformar o futuro da Medicina. 

📌 Marque na agenda e participe!

📍CONASEMS – Congresso das Secretarias Municipais de Saúde
🗓 15 a 18 de junho – Expo Minas, BH 

📍Congresso de Cirurgia Videoendoscópica São José do Avaí 
🗓 26 e 27 de junho – Auditório Hospital São José do Avaí - Itaperuna, RJ",galeria,,,166,4,5,0,6,0,,230,0,230,15,"0,09036144578"
Instagram,B Braun,2025,6,09/06/2025 13:53:03,Segunda-Feira,https://www.instagram.com/p/DKrrJs3RZ-V,https://storage.googleapis.com/brv-valhalla-datalake-public/images/e372f656-f616-42ef-88f0-cea9ef771057.jpeg,"Em junho, a B. Braun marca presença em eventos importantes do Setor de Saúde. 

Sempre assumindo o nosso compromisso com o cuidado e a inovação, levando tecnologia e ainda mais conhecimento para transformar o futuro da Medicina. 

📌 Marque na agenda e participe!

📍CONASEMS – Congresso das Secretarias Municipais de Saúde
🗓 15 a 18 de junho – Expo Minas, BH 

📍Congresso de Cirurgia Videoendoscópica São José do Avaí 
🗓 26 e 27 de junho – Auditório Hospital São José do Avaí - Itaperuna, RJ",carrossel ,1286,0,1286,66,1,3,0,1,0,3413,0,3413,71,"0,05520995334"
Facebook,B Braun,2025,6,06/06/2025 14:51:29,Sexta-Feira,https://www.facebook.com/1468339928670354/posts/1146973997473617,https://storage.googleapis.com/brv-valhalla-datalake-public/images/7fd9b224-f16c-43d2-9aa8-17b56e827039.jpeg,"Alguns tratamentos como a Diálise Contínua necessitam de uma assistência especial dos profissionais de saúde. Mas afinal, como administrar tratamentos tão específicos? Esperamos você em nosso Webinar dia 10/06 às 19h, que contará com a presença da enfermeira Fernanda Pirotta. Faça já sua inscrição! Link na bio!

#Webinar #BBraun #Diálise",imagem,,,153,8,0,0,2,0,,205,0,205,10,"0,06535947712"
Instagram,B Braun,2025,6,06/06/2025 14:51:25,Sexta-Feira,https://www.instagram.com/p/DKkDcoURBxd,https://storage.googleapis.com/brv-valhalla-datalake-public/images/9dde07a7-fb68-4032-94a0-d2ea90f7f9d6.jpeg,"Alguns tratamentos como a Diálise Contínua necessitam de uma assistência especial dos profissionais de saúde. Mas afinal, como administrar tratamentos tão específicos? Esperamos você em nosso Webinar dia 10/06 às 19h, que contará com a presença da enfermeira Fernanda Pirotta. Faça já sua inscrição! Link na bio!

#Webinar #BBraun #Diálise",imagem,3001,0,3001,83,7,25,0,7,0,5155,0,5155,122,"0,04065311563"
Instagram,B Braun,2025,6,05/06/2025 22:12:13,Quinta-Feira,https://www.instagram.com/p/DKiRCQ0K8BU,https://storage.googleapis.com/brv-valhalla-datalake-public/images/14ca65a7-a7d4-4eb5-9495-e33616522b48.mp4,"No Dia Mundial do Meio Ambiente, nossa convidada especial, Ana Maria Malik relembra o papel dos serviços de saúde, como os hospitais, no incentivo da sustentabilidade e do desperdício dos recursos naturais.

Confira o episódio completo em nosso canal no Youtube. Link na bio.",reels,912,0,912,30,2,4,0,1,0,1277,0,1277,37,"0,04057017544"
Facebook,B Braun,2025,6,05/06/2025 22:11:32,Quinta-Feira,https://www.facebook.com/reel/1444224570087355/,https://storage.googleapis.com/brv-valhalla-datalake-public/images/212dc4ed-18f1-42d9-9859-f9cfceabeaa6.jpeg,"No Dia Mundial do Meio Ambiente, nossa convidada especial, Ana Maria Malik relembra o papel dos serviços de saúde, como os hospitais, no incentivo da sustentabilidade e do desperdício dos recursos naturais.

Confira o episódio completo em nosso canal no Youtube. Link na bio.",reels,,,70,2,0,0,0,0,,78,0,78,2,"0,02857142857"
Instagram,B Braun,2025,6,04/06/2025 18:58:21,Quarta-Feira,https://www.instagram.com/p/DKfWHcOS4Z-,https://storage.googleapis.com/brv-valhalla-datalake-public/images/bbf2d8e0-838e-4e08-97bd-5fff0b64cef5.jpeg,"A terapia domiciliar com a bomba elastomérica permite que o paciente continue o tratamento com segurança, mesmo fora do ambiente hospitalar.

Mais leveza, autonomia e bem-estar com tecnologia que se adapta à rotina e respeita as individualidades de cada um.💡

Acesse nosso site e saiba mais!

#BBraun #TerapiaDomiciliar #CuidadoQueTransforma #SaúdeComQualidade",carrossel ,1273,0,1273,51,1,8,0,0,0,3241,0,3241,60,"0,04713275727"
Facebook,B Braun,2025,6,04/06/2025 18:58:16,Quarta-Feira,https://www.facebook.com/1468339928670354/posts/1145583674279316,https://storage.googleapis.com/brv-valhalla-datalake-public/images/8c15e251-c6d5-420d-b08d-cb519465625e.jpeg,"A terapia domiciliar com a bomba elastomérica permite que o paciente continue o tratamento com segurança, mesmo fora do ambiente hospitalar.

Mais leveza, autonomia e bem-estar com tecnologia que se adapta à rotina e respeita as individualidades de cada um.💡

Acesse nosso site e saiba mais!

#BBraun #TerapiaDomiciliar #CuidadoQueTransforma #SaúdeComQualidade",galeria,,,162,8,1,0,2,0,,232,0,232,11,"0,06790123457"
Facebook,B Braun,2025,6,03/06/2025 21:28:47,Terça-Feira,https://www.facebook.com/reel/1026473379615497/,https://storage.googleapis.com/brv-valhalla-datalake-public/images/385cee2c-e3b4-4640-830c-917530964ade.jpeg,"Na semana em que comemoramos o Dia Mundial do Meio ambiente, tivemos o prazer de contar com participação de Cristina Ferreira e Ana Maria Malik, em nosso podcast “Educação Conectada”.

Nesse episódio, falamos um pouco sobre nossa responsabilidade quanto ao futuro do planeta e como podemos preparar e incentivar as novas gerações.",reels,,,99,3,0,0,1,0,,113,0,113,4,"0,0404040404"
Instagram,B Braun,2025,6,03/06/2025 21:28:43,Terça-Feira,https://www.instagram.com/p/DKdCdF0RZjd,https://storage.googleapis.com/brv-valhalla-datalake-public/images/7b4ebfd5-c0eb-4ea7-a183-49e55e7400bf.mp4,"Na semana em que comemoramos o Dia Mundial do Meio ambiente, tivemos o prazer de contar com participação de Cristina Ferreira e Ana Maria Malik, em nosso podcast ""Educação Conectada"".

Nesse episódio, falamos um pouco sobre nossa responsabilidade quanto ao futuro do planeta e como podemos preparar e incentivar as novas gerações.

Vem aí, um novo episódio da série no Youtube, dia 05/06! Fiquem ligados!",reels,1196,0,1196,47,5,3,0,1,0,1904,0,1904,56,"0,04682274247"
Facebook,B Braun,2025,5,30/05/2025 16:26:12,Sexta-Feira,https://www.facebook.com/1468339928670354/posts/1141588738012143,https://storage.googleapis.com/brv-valhalla-datalake-public/images/54bbb168-da42-4cd9-9874-07e96ae1d82f.jpeg,"A B. Braun oferece um serviço exclusivo de Assistência Técnica para motores Aesculap, voltado exclusivamente para nossos clientes.

Com os pacotes ATS, é possível garantir maior vida útil ao equipamento, segurança durante a terapia, continuidade na rotina clínica e previsibilidade orçamentária.

Tecnologia e cuidado também se mantêm com manutenção especializada. Fale com nosso time e conheça as opções disponíveis.

Saiba mais no link na bio.",galeria,,,239,4,0,0,3,0,,300,0,300,7,"0,02928870293"
Instagram,B Braun,2025,5,30/05/2025 16:26:07,Sexta-Feira,https://www.instagram.com/p/DKSMuIwxTGE,https://storage.googleapis.com/brv-valhalla-datalake-public/images/50d6d203-fc92-499a-a091-d8f3d3b5bfc5.jpeg,"Se você já tem um motor Aesculap, temos uma novidade pensada especialmente para você: o serviço de Assistência Técnica da B. Braun.

Se você já tem um motor Aesculap, temos uma novidade pensada especialmente para você: o serviço de Assistência Técnica da B. Braun

Saiba mais no link na bio.",carrossel ,1187,0,1187,80,3,6,0,2,0,3306,0,3306,91,"0,07666385847"
Facebook,B Braun,2025,5,29/05/2025 22:22:36,Quinta-Feira,https://www.facebook.com/1468339928670354/posts/1141025081401842,https://storage.googleapis.com/brv-valhalla-datalake-public/images/ed1771fb-8822-4d47-bfbc-11b310097c06.jpeg,"#TBT da Feira Hospitalar 2025!

Foram dias maravilhosos onde a b. Braun pode apresentar ao mercado nossas soluções em saúde, tecnologias inovadoras e o portfólio completo dos nossos produtos, com destaque para as linhas voltadas à diálise, cuidados hospitalares e muito mais.

Foram dias de conexões valiosas, troca de conhecimento e fortalecimento de parcerias que impactam diretamente a qualidade do cuidado.

#BBraun #FeiraHospitalar2025 #TBTBBraun #InovaçãoEmSaúde #TecnologiaEmSaúde",galeria,,,731,23,1,8,109,0,,1159,0,1159,141,"0,1928864569"
Instagram,B Braun,2025,5,29/05/2025 22:22:27,Quinta-Feira,https://www.instagram.com/p/DKQQtHUxGVb,https://storage.googleapis.com/brv-valhalla-datalake-public/images/d3394058-ce1d-4e57-bb8a-a75640e97496.jpeg,"#TBT da Feira Hospitalar 2025!

Foram dias maravilhosos onde a b. Braun pode apresentar ao mercado nossas soluções em saúde, tecnologias inovadoras e o portfólio completo dos nossos produtos, com destaque para as linhas voltadas à diálise, cuidados hospitalares e muito mais.

Foram dias de conexões valiosas, troca de conhecimento e fortalecimento de parcerias que impactam diretamente a qualidade do cuidado.

#BBraun #FeiraHospitalar2025 #TBTBBraun #InovaçãoEmSaúde #TecnologiaEmSaúde",carrossel ,3549,0,3549,244,6,25,0,3,0,7742,0,7742,278,"0,07833192449"
Facebook,B Braun,2025,5,23/05/2025 23:00:19,Sexta-Feira,https://www.facebook.com/reel/1207948431061893/,https://storage.googleapis.com/brv-valhalla-datalake-public/images/a6301363-9122-4679-ab6c-1523d1233485.jpeg,"Encerramos mais uma edição da Feira Hospitalar com o sentimento de gratidão e missão cumprida. 🙌

Obrigado a todos os colaboradores que fizeram tudo acontecer e aos clientes, parceiros e visitantes que passaram pelo nosso estande e compartilharam conosco essa experiência de troca, inovação e cuidado com a saúde.

Nos vemos em 2026! 💚",reels,,,147,5,0,0,1,0,,167,0,167,6,"0,04081632653"
Instagram,B Braun,2025,5,23/05/2025 23:00:15,Sexta-Feira,https://www.instagram.com/p/DKA4NvVyfK2,https://storage.googleapis.com/brv-valhalla-datalake-public/images/66443c8f-35b3-42f1-ab02-df3dfccb4298.mp4,"Encerramos mais uma edição da Feira Hospitalar com o sentimento de gratidão e missão cumprida. 🙌

Obrigado a todos os colaboradores que fizeram tudo acontecer e aos clientes, parceiros e visitantes que passaram pelo nosso estande e compartilharam conosco essa experiência de troca, inovação e cuidado com a saúde.

Nos vemos em 2026! 💚",reels,2656,0,2656,210,4,18,0,2,0,4437,0,4437,234,"0,08810240964"
Facebook,B Braun,2025,5,23/05/2025 15:56:23,Sexta-Feira,https://www.facebook.com/reel/687509437325126/,https://storage.googleapis.com/brv-valhalla-datalake-public/images/0ba00972-deaa-4101-a431-27bd9aed9a65.jpeg,"A B. Braun apresenta as soluções mais avançadas em diálise na Hospitalar 2025.

Dialog®️ iQ®️
Inteligência artificial a serviço da hemodiálise.
- Avaliação em tempo real do risco hipotensivo
- Monitoramento contínuo da eficácia da terapia com Adimea
- Estabilidade hemodinâmica incomparável

Omni®️ – Conectada à UTI online
A revolução na diálise contínua.
- Terapias CRRT, Plasmaférese, remoção de CO2 e Adsorção
- Sistema inteligente de autoregulação dos fluxos: dose precisa e menos alarmes
- Usabilidade intuitiva, setup rápido e somente 10 min de priming automático

Diálise inteligente e terapia eficiente.
Com a B. Braun, o futuro já começou.

#Hospitalar2025 #DialogiQ #OmniBBraun #DiáliseInteligente #UTIConectada #TecnologiaEmSaúde #inovaçãoemdiálise",reels,,,177,10,0,1,4,0,,223,0,223,15,"0,08474576271"
Instagram,B Braun,2025,5,23/05/2025 15:56:18,Sexta-Feira,https://www.instagram.com/p/DKAGVfbRFeD,https://storage.googleapis.com/brv-valhalla-datalake-public/images/ce0a91ef-ea13-4bee-bf65-05ca9043a580.mp4,"A B. Braun apresenta as soluções mais avançadas em diálise na Hospitalar 2025.

Dialog®️ iQ®️
Inteligência artificial a serviço da hemodiálise.
- Avaliação em tempo real do risco hipotensivo
- Monitoramento contínuo da eficácia da terapia com Adimea
- Estabilidade hemodinâmica incomparável

Omni®️ – Conectada à UTI online
A revolução na diálise contínua.
- Terapias CRRT, Plasmaférese, remoção de CO2 e Adsorção
- Sistema inteligente de autoregulação dos fluxos: dose precisa e menos alarmes
- Usabilidade intuitiva, setup rápido e somente 10 min de priming automático

Diálise inteligente e terapia eficiente.
Com a B. Braun, o futuro já começou.

#Hospitalar2025 #DialogiQ #OmniBBraun #DiáliseInteligente #UTIConectada #TecnologiaEmSaúde #inovaçãoemdiálise",reels,2726,0,2726,143,9,30,0,2,0,4230,0,4230,184,"0,06749816581"
Facebook,B Braun,2025,5,22/05/2025 20:33:17,Quinta-Feira,https://www.facebook.com/reel/694394516651036/,https://storage.googleapis.com/brv-valhalla-datalake-public/images/53f28946-739e-4cdd-86fa-42059f5df21a.jpeg,"O futuro da cirurgia começa agora!

Na Hospitalar 2025, a B. Braun redefine o que é possível apresentando o portfólio sempre com tecnologia, parceria e sustentabilidade. 

- Sistema de containers Aicon®️ – esterilização com segurança e inovação.
- Sam Consulting – inteligência aplicada a projetos de qualquer complexidade.
- Einstein Vision®️ – visualização em 3D para precisão cirúrgica.
- Aesculap Aeos®️ – microscópio digital com assistência robótica e fluorescência integrada.

Cirurgia elevada ao próximo nível.
Inovação que transforma.

#BBraun #Hospitalar2025 #TecnologiaComPropósito #Saúde #InovaçãoCirurgica",reels,,,173,3,0,0,1,0,,201,0,201,4,"0,02312138728"
Instagram,B Braun,2025,5,22/05/2025 20:33:12,Quinta-Feira,https://www.instagram.com/p/DJ-ALQvRbNP,https://storage.googleapis.com/brv-valhalla-datalake-public/images/262d7cad-18dc-4e40-ba7f-fcc6956b041c.mp4,"O futuro da cirurgia começa agora!

Na Hospitalar 2025, a B. Braun redefine o que é possível apresentando o portfólio sempre com tecnologia, parceria e sustentabilidade. 

- Sistema de containers Aicon®️ – esterilização com segurança e inovação.
- Sam Consulting – inteligência aplicada a projetos de qualquer complexidade.
- Einstein Vision®️ – visualização em 3D para precisão cirúrgica.
- Aesculap Aeos®️ – microscópio digital com assistência robótica e fluorescência integrada.

Cirurgia elevada ao próximo nível.
Inovação que transforma.

#BBraun #Hospitalar2025 #TecnologiaComPropósito #Saúde #InovaçãoCirurgica",reels,2776,0,2776,149,11,26,0,1,0,4754,0,4754,187,"0,06736311239"
Facebook,B Braun,2025,5,21/05/2025 20:31:07,Quarta-Feira,https://www.facebook.com/reel/669173159294267/,https://storage.googleapis.com/brv-valhalla-datalake-public/images/0743c16c-381d-4811-885b-14faac6552da.jpeg,"Tecnologia, tradição e inovação a serviço do cuidado.

Na Feira Hospitalar 2025, apresentamos a nova geração SpacePLUS e nossos projetos de infusão que transformam o cuidado em todos os sentidos.

📍 Visite nosso estande: D-31 | Setor de Equipamentos
🤝 Conectados pelo cuidado. Unidos pela inovação.

#BBraun #FeiraHospitalar2025 #TecnologiaEmSaúde #Infusão #Inovação #CuidadoQueConecta",reels,,,363,15,1,7,13,0,,472,0,476,36,"0,09917355372"
Instagram,B Braun,2025,5,21/05/2025 20:31:02,Quarta-Feira,https://www.instagram.com/p/DJ7dc5VRcrS,https://storage.googleapis.com/brv-valhalla-datalake-public/images/e2ea2408-a075-46fd-a0d9-f5b147691469.mp4,"Tecnologia, tradição e inovação a serviço do cuidado.

Na Feira Hospitalar 2025, apresentamos a nova geração SpacePLUS e nossos projetos de infusão que transformam o cuidado em todos os sentidos.

📍 Visite nosso estande: D-31 | Setor de Equipamentos
🤝 Conectados pelo cuidado. Unidos pela inovação.

#BBraun #FeiraHospitalar2025 #TecnologiaEmSaúde #Infusão #Inovação #CuidadoQueConecta",reels,4283,0,4283,171,9,48,0,3,0,6707,0,6707,231,"0,0539341583"
Facebook,B Braun,2025,5,20/05/2025 22:18:12,Terça-Feira,https://www.facebook.com/reel/992419646417502/,https://storage.googleapis.com/brv-valhalla-datalake-public/images/b1aba243-78eb-45c8-a43f-4231d6e39f8f.jpeg,"A Hospitalar 2025 já começou e a B. Braun está mais uma vez presente! Com mais de 70 anos de tradição em bombas de infusão, seguimos fortalecendo parcerias e entregando soluções com tecnologia e sustentabilidade. Neste primeiro dia, quem passou pelo nosso estande já pôde conferir tudo isso de perto.

Quer acompanhar cada detalhe da nossa participação? Visite nosso estande D-31 das 11h às 20h. Estamos te esperando! 😊",reels,,,180,9,0,1,3,0,,210,0,210,13,"0,07222222222"
Instagram,B Braun,2025,5,20/05/2025 22:18:09,Terça-Feira,https://www.instagram.com/p/DJ5ErUhx7h3,https://storage.googleapis.com/brv-valhalla-datalake-public/images/5505adcc-de9a-4462-9d3a-81fa14ea340a.mp4,"A Hospitalar 2025 já começou e a B. Braun está mais uma vez presente! Com mais de 70 anos de tradição em bombas de infusão, seguimos fortalecendo parcerias e entregando soluções com tecnologia e sustentabilidade. Neste primeiro dia, quem passou pelo nosso estande já pôde conferir tudo isso de perto.

Quer acompanhar cada detalhe da nossa participação? Visite nosso estande D-31 das 11h às 20h. Estamos te esperando! 😊 #bbraunbr #hospitalar2025",reels,3642,0,3642,188,8,48,0,3,0,5828,0,5828,247,"0,06781987919"
Facebook,B Braun,2025,5,20/05/2025 17:41:59,Terça-Feira,https://www.facebook.com/reel/1431079534727183/,https://storage.googleapis.com/brv-valhalla-datalake-public/images/05e46cf1-db2d-4aa2-a472-190c0da10404.jpeg,"A Feira Hospitalar 2025 começou! Venha visitar o estande  D-31, no setor de equipamentos, e conheça de perto as soluções inovadoras e conectadas da B.Braun! Estamos te esperando! 😁 #BBraun #feirahospitalar2025",reels,,,145,1,0,0,2,0,,183,0,183,3,"0,02068965517"
Instagram,B Braun,2025,5,20/05/2025 17:41:55,Terça-Feira,https://www.instagram.com/p/DJ4k6PhRLDI,https://storage.googleapis.com/brv-valhalla-datalake-public/images/20e79244-61b9-4e95-ab16-0cddb004d214.mp4,"A Feira Hospitalar 2025 começou! Venha visitar o estande  D-31, no setor de equipamentos, e conheça de perto as soluções inovadoras e conectadas da B.Braun! Estamos te esperando! 😁 #BBraun #feirahospitalar2025",reels,5297,0,5297,204,11,48,0,5,0,8582,0,8582,268,"0,05059467623"
Facebook,B Braun,2025,5,19/05/2025 20:57:40,Segunda-Feira,https://www.facebook.com/1468339928670354/posts/1133431525494531,https://storage.googleapis.com/brv-valhalla-datalake-public/images/9d9e1780-a14a-4771-b30d-dc6dd3bd414c.jpeg,"Aguardamos você a partir de amanhã na Feira Hospitalar!

Até o dia 23 de maio você confere novidades  e oportunidades comerciais em nosso espaço.

Esperamos você no estande D-31!

#BBraun #BBraunBrasil #FeiraHospitalar",imagem,,,63,5,0,0,2,0,,77,0,77,7,"0,1111111111"
Instagram,B Braun,2025,5,19/05/2025 20:57:36,Segunda-Feira,https://www.instagram.com/p/DJ2XC7lx2hY,https://storage.googleapis.com/brv-valhalla-datalake-public/images/12a176d0-c9bf-4f10-8c7b-f533615eb2de.jpeg,"Aguardamos você a partir de amanhã na Feira Hospitalar!

Até o dia 23 de maio você confere novidades  e oportunidades comerciais em nosso espaço.

Esperamos você no estande D-31!

#BBraun #BBraunBrasil #FeiraHospitalar",imagem,4775,0,4775,92,1,37,0,1,0,7289,0,7289,131,"0,02743455497"
Facebook,B Braun,2025,5,16/05/2025 20:20:56,Sexta-Feira,https://www.facebook.com/1468339928670354/posts/1131202545717429,https://storage.googleapis.com/brv-valhalla-datalake-public/images/c72318c9-bc38-423f-a96c-d4ff8990dc41.jpeg,"Você sabia que a escolha da antissepsia pode impactar diretamente a segurança do paciente e a sustentabilidade do hospital?

Participe do nosso webinar “Prevenção que gera valor: antissepsia cirúrgica com solução alcoólica e seu impacto na segurança e sustentabilidade” e descubra como a solução alcoólica na antissepsia cirúrgica está transformando práticas com mais eficácia, segurança e consciência ambiental.

Data: 27/05/2025
Speaker: Enf Paula Bacco
Horário: 19h

Inscreva-se já e faça parte dessa mudança!",imagem,,,50,3,0,0,2,0,,75,0,75,5,"0,1"
Instagram,B Braun,2025,5,16/05/2025 20:20:52,Sexta-Feira,https://www.instagram.com/p/DJukdQwxzh7,https://storage.googleapis.com/brv-valhalla-datalake-public/images/cc02940f-3d8d-4e1c-b2dd-07560eba6872.jpeg,"Você sabia que a escolha da antissepsia pode impactar diretamente a segurança do paciente e a sustentabilidade do hospital?

Participe do nosso webinar “Prevenção que gera valor: antissepsia cirúrgica com solução alcoólica e seu impacto na segurança e sustentabilidade” e descubra como a solução alcoólica na antissepsia cirúrgica está transformando práticas com mais eficácia, segurança e consciência ambiental.

Data: 27/05/2025
Speaker: Enf Paula Bacco
Horário: 19h

Inscreva-se já e faça parte dessa mudança!",imagem,1749,0,1749,55,1,13,0,0,0,3244,0,3244,69,"0,03945111492"
Facebook,B Braun,2025,5,16/05/2025 17:01:23,Sexta-Feira,https://www.facebook.com/reel/1113113154183485/,https://storage.googleapis.com/brv-valhalla-datalake-public/images/6f3c2bee-ab01-4230-b2cf-5d85c0fad41c.jpeg,"Está no ar o novo episódio da Educação Conectada!

No segundo episódio da nova série da Aesculap Academy, convidamos a Enf. Paula Bacco para juntos mergulhamos no universo da antissepsia cirúrgica das mãos — um tema essencial para quem busca mais segurança, eficiência e sustentabilidade no centro cirúrgico.

Descubra como é possível garantir máxima eficácia antisséptica, reduzir o tempo das equipes e minimizar impactos ambientais, com soluções que conectam inovação à prática clínica.

🔹Acesse agora o YouTube da B. Braun Brasil ou link disponível na nossa bio e conecte-se com o conhecimento",reels,,,87,3,0,0,1,0,,107,0,108,4,"0,04597701149"
Instagram,B Braun,2025,5,16/05/2025 17:01:18,Sexta-Feira,https://www.instagram.com/p/DJuNhq3RdRT,https://storage.googleapis.com/brv-valhalla-datalake-public/images/d428b181-cdfb-4a8d-b4e8-d6036dc89276.mp4,"Está no ar o novo episódio da Educação Conectada!

No segundo episódio da nova série da Aesculap Academy, convidamos a Enf. Paula Bacco para juntos mergulhamos no universo da antissepsia cirúrgica das mãos — um tema essencial para quem busca mais segurança, eficiência e sustentabilidade no centro cirúrgico.

Descubra como é possível garantir máxima eficácia antisséptica, reduzir o tempo das equipes e minimizar impactos ambientais, com soluções que conectam inovação à prática clínica.

🔹Acesse agora o YouTube da B. Braun Brasil ou link disponível na nossa bio e conecte-se com o conhecimento",reels,1524,0,1524,58,8,9,0,1,0,2232,0,2232,76,"0,0498687664"
Facebook,B Braun,2025,5,15/05/2025 19:09:46,Quinta-Feira,https://www.facebook.com/1468339928670354/posts/1130470129124004,https://storage.googleapis.com/brv-valhalla-datalake-public/images/0c18a406-638b-42ea-a9fd-4d09a838ce84.jpeg,"Entre os dias 20 e 23 de maio, a B. Braun marca presença na Feira Hospitalar 2025 com soluções que conectam inovação e cuidado para moldar o futuro da Saúde.

Confira de perto o Aesculap Aeos® e a torre de vídeo Aesculap® EinsteinVision® 3.0 FL — e outras tecnologias das nossas unidades de negócio com condições comerciais exclusivas.

📍 Visite nosso estande: D-31 | Setor de Equipamentos.",galeria,,,141,13,0,0,7,0,,174,0,174,20,"0,1418439716"
Instagram,B Braun,2025,5,15/05/2025 19:09:40,Quinta-Feira,https://www.instagram.com/p/DJr3g4mxyJW,https://storage.googleapis.com/brv-valhalla-datalake-public/images/ede4feba-bd26-4569-be56-c6f5ed6dd099.jpeg,"Entre os dias 20 e 23 de maio, a B. Braun marca presença na Feira Hospitalar 2025 com soluções que conectam inovação e cuidado para moldar o futuro da Saúde.

Confira de perto o Aesculap Aeos® e a torre de vídeo Aesculap® EinsteinVision® 3.0 FL — e outras tecnologias das nossas unidades de negócio com condições comerciais exclusivas.

📍 Visite nosso estande: D-31 | Setor de Equipamentos.",carrossel ,4785,0,4785,260,3,66,0,3,0,8908,0,8908,332,"0,06938349007"
Facebook,B Braun,2025,5,14/05/2025 21:24:46,Quarta-Feira,https://www.facebook.com/reel/713212154575221/,https://storage.googleapis.com/brv-valhalla-datalake-public/images/87388237-cf84-4652-96e5-a5c50442ae9f.jpeg,"Vem aí o novo modelo de aula da Aesculap Academy!
A Educação Conectada é uma série de episódios sobre saúde e bem-estar, que contará com a presença de profissionais renomados e muito informação.

Não fique de fora, acompanhe nossas redes sociais!

#EducacaoConectada #AesculapAcademy #BBraun",reels,,,85,1,0,0,0,0,,100,0,100,1,"0,01176470588"
Instagram,B Braun,2025,5,14/05/2025 21:24:42,Quarta-Feira,https://www.instagram.com/p/DJph8UuxZ2d,https://storage.googleapis.com/brv-valhalla-datalake-public/images/307c81af-7985-4a0a-9b86-2b81a568d96f.mp4,"Vem aí um novo episódio do Educação Conectada, a série de episódios sobre temas acadêmicos-científicos da Aesculap Academy!
 
Com a temática ""Inovação na antissepsia cirúrgica das mãos: Segurança, qualidade e redução de tempo"", Camilla Souza recebe Tatiana Clerc - Gerente de Produtos na B. Braun e a Enf. Paula Bacco.
 
Não fique de fora, o novo episódio estreia dia 16 de maio.
 
Acompanhe nossas redes sociais!
 
#EducacaoConectada #AesculapAcademy #BBraun",reels,1440,0,1440,70,7,14,0,3,0,2091,0,2091,94,"0,06527777778"
Facebook,B Braun,2025,5,14/05/2025 21:02:34,Quarta-Feira,https://www.facebook.com/reel/1298350128385097/,https://storage.googleapis.com/brv-valhalla-datalake-public/images/b0442e92-6527-4052-b9ec-d686e66b03af.jpeg,"Vem aí o novo modelo de aula da Aesculap Academy!

A Educação Conectada é uma série de episódios sobre saúde e bem-estar, que contará com a presença de profissionais renomados e muito informação.

Não fique de fora, acompanhe nossas redes sociais!

#EducacaoConectada #AesculapAcademy #BBraun",reels,,,136,4,1,0,1,0,,150,0,150,6,"0,04411764706"
Instagram,B Braun,2025,5,12/05/2025 23:01:40,Segunda-Feira,https://www.instagram.com/p/DJkjn52Nm0F,https://storage.googleapis.com/brv-valhalla-datalake-public/images/74988483-2981-401e-83ad-13d00c60468d.mp4,"Entre os dias 20 e 23 de maio, estaremos na Feira Hospitalar 2025 com soluções voltadas à excelência clínica, gestão eficiente e cuidado centrado no paciente.

Vamos apresentar inovações pensadas para o presente, mas que já moldam o futuro da saúde com tecnologia de ponta, sustentabilidade aplicada e conexão real com os desafios de quem atua na linha de frente do cuidado.

📍 Visite nosso estande D31 e agende uma conversa com nossos especialistas.",reels,4046,0,4046,126,4,57,0,0,0,6623,0,6623,187,"0,04621848739"
Facebook,B Braun,2025,5,12/05/2025 23:00:46,Segunda-Feira,https://www.facebook.com/reel/643863878650033/,https://storage.googleapis.com/brv-valhalla-datalake-public/images/3699f067-e302-4ba7-ba5b-609ede15bd64.jpeg,"Entre os dias 20 e 23 de maio, estaremos na Feira Hospitalar 2025 com soluções voltadas à excelência clínica, gestão eficiente e cuidado centrado no paciente.

Vamos apresentar inovações pensadas para o presente, mas que já moldam o futuro da saúde com tecnologia de ponta, sustentabilidade aplicada e conexão real com os desafios de quem atua na linha de frente do cuidado.

📍 Visite nosso estande D31 e agende uma conversa com nossos especialistas.",reels,,,162,5,1,1,3,0,,192,0,193,10,"0,06172839506"
Facebook,B Braun,2025,5,12/05/2025 18:52:19,Segunda-Feira,https://www.facebook.com/1468339928670354/posts/1128458565991827,https://storage.googleapis.com/brv-valhalla-datalake-public/images/0a045223-94d3-4073-a013-ed3c7994b531.jpeg,"Hoje celebramos o Dia da Enfermagem, homenageando todos os profissionais que são a linha de frente no cuidado à vida.

Na B. Braun, valorizamos profundamente o trabalho da enfermagem. Uma profissão essencial para a segurança do paciente, para o avanço da saúde e para o bem-estar das pessoas ao redor do mundo.

Nossa admiração e respeito a todos os profissionais da enfermagem!

#DiaDaEnfermagem #EnfermagemComOrgulho #BBraun #ValorizaçãoProfissional #CuidadoComPropósito #Saúde",imagem,,,131,6,0,1,1,0,,186,0,186,8,"0,06106870229"
Instagram,B Braun,2025,5,12/05/2025 18:52:15,Segunda-Feira,https://www.instagram.com/p/DJkHItoR0cJ,https://storage.googleapis.com/brv-valhalla-datalake-public/images/c3519598-b04a-4919-aa0b-9fec9cda8e29.jpeg,"Hoje celebramos o Dia da Enfermagem, homenageando todos os profissionais que são a linha de frente no cuidado à vida.

Na B. Braun, valorizamos profundamente o trabalho da enfermagem. Uma profissão essencial para a segurança do paciente, para o avanço da saúde e para o bem-estar das pessoas ao redor do mundo.

Nossa admiração e respeito a todos os profissionais da enfermagem!

#DiaDaEnfermagem #EnfermagemComOrgulho #BBraun #ValorizaçãoProfissional #CuidadoComPropósito #Saúde",imagem,2164,0,2164,62,1,15,0,1,0,3462,0,3462,79,"0,0365064695"
Facebook,B Braun,2025,5,09/05/2025 18:05:55,Sexta-Feira,https://www.facebook.com/reel/2753330274861409/,https://storage.googleapis.com/brv-valhalla-datalake-public/images/274587ea-fe17-415a-b8c3-7ef1bb4b548c.jpeg,"Nossa campanha de higienização das mãos está sendo um sucesso! 

Em todas as regiões do Brasil, promovemos ações que reforçam a importância desse hábito simples, mas essencial para a segurança de todos.
Com o engajamento de profissionais e colaboradores que confiam na nossa marca, a B. Braun levou essa mensagem ainda mais longe.

Confira no vídeo os melhores momentos dessa mobilização nacional!

#BBraun #HigienizaçãoDasMãos 

@Malu Mayr",reels,,,294,6,0,1,5,0,,368,0,368,12,"0,04081632653"
Instagram,B Braun,2025,5,09/05/2025 18:05:50,Sexta-Feira,https://www.instagram.com/p/DJcTZY3RSc4,https://storage.googleapis.com/brv-valhalla-datalake-public/images/602b128d-32a0-4ffe-9591-e01ab307d608.mp4,"Nossa campanha de higienização das mãos está sendo um sucesso! 

Em todas as regiões do Brasil, promovemos ações que reforçam a importância desse hábito simples, mas essencial para a segurança de todos.
Com o engajamento de profissionais e colaboradores que confiam na nossa marca, a B. Braun levou essa mensagem ainda mais longe.

Confira no vídeo os melhores momentos dessa mobilização nacional!

#BBraun #HigienizaçãoDasMãos 

@Malu Mayr",reels,1152,0,1152,74,1,4,0,0,0,1645,0,1645,79,"0,06857638889"
Facebook,B Braun,2025,5,07/05/2025 21:59:19,Quarta-Feira,https://www.facebook.com/1468339928670354/posts/1125087529662264,https://storage.googleapis.com/brv-valhalla-datalake-public/images/6b05f84f-ae23-477e-aafa-82eeda298d78.jpeg,"Você sabia?
Mãos limpas salvam vidas!

Muitas infecções virais e bacterianas podem ser evitadas com uma simples atitude: higienização correta das mãos.

Na B. Braun, acreditamos que prevenir é sempre o melhor caminho — por isso, estamos ao lado de profissionais e instituições, ajudando a criar ambientes mais seguros para todos.

Arraste para o lado e descubra:
Quais doenças você pode evitar apenas cuidando das suas mãos?

Na dúvida, higieniza suas mãos! Porque quando se trata de prevenção, a gente não abre mão de estar ao seu lado.

#BBraun #BBraunBrasil #HigienedeMaos #DiaMundialDaHigienizacaodasMaos #PrevencaoComecanaMao",galeria,,,160,6,1,1,2,0,,228,0,228,10,"0,0625"
Instagram,B Braun,2025,5,07/05/2025 21:59:15,Quarta-Feira,https://www.instagram.com/p/DJXkj3FReSV,https://storage.googleapis.com/brv-valhalla-datalake-public/images/629ff6a7-1281-40cd-a390-6e0b336d22b8.jpeg,"Você sabia?
Mãos limpas salvam vidas!

Muitas infecções virais e bacterianas podem ser evitadas com uma simples atitude: higienização correta das mãos.

Na B. Braun, acreditamos que prevenir é sempre o melhor caminho — por isso, estamos ao lado de profissionais e instituições, ajudando a criar ambientes mais seguros para todos.

Arraste para o lado e descubra:
Quais doenças você pode evitar apenas cuidando das suas mãos?

Na dúvida, higieniza suas mãos! Porque quando se trata de prevenção, a gente não abre mão de estar ao seu lado.

#BBraun #BBraunBrasil #HigienedeMaos #DiaMundialDaHigienizacaodasMaos #PrevencaoComecanaMao",carrossel ,2030,0,2030,79,1,31,0,4,0,3954,0,3954,115,"0,05665024631"
Facebook,B Braun,2025,5,06/05/2025 20:40:28,Terça-Feira,https://www.facebook.com/reel/2466675630357888/,https://storage.googleapis.com/brv-valhalla-datalake-public/images/afbb34ca-cc06-4467-8835-871b5b178f4b.jpeg,"Hoje nossa Gerente de Produtos de Prevenção de Infecções, Tatiana Clerc, traz dicas valiosas sobre a técnica correta de higienização das mãos.

Mais do que um gesto, higienizar as mãos é um cuidado essencial para proteger pacientes, equipes e ambientes contra contaminações. Quando feita da forma certa, com produtos eficazes, a higienização transforma-se em uma poderosa aliada na prevenção de infecções.

Vamos juntos fortalecer essa prática e fazer da segurança um hábito diário!

#BBraun #BBraunBrasil #HigienedeMaos #DiaMundialDaHigienizacaodasMaos #PrevencaoComecanaMao",reels,,,135,6,0,0,0,0,,182,0,183,6,"0,04444444444"
Instagram,B Braun,2025,5,06/05/2025 20:40:24,Terça-Feira,https://www.instagram.com/p/DJU2pu4xVjG,https://storage.googleapis.com/brv-valhalla-datalake-public/images/bf3b84be-8ecd-40ad-bba6-d70bc789301d.mp4,"Hoje nossa Gerente de Produtos de Prevenção de Infecções, Tatiana Clerc, traz dicas valiosas sobre a técnica correta de higienização das mãos.

Mais do que um gesto, higienizar as mãos é um cuidado essencial para proteger pacientes, equipes e ambientes contra contaminações. Quando feita da forma certa, com produtos eficazes, a higienização transforma-se em uma poderosa aliada na prevenção de infecções.

Vamos juntos fortalecer essa prática e fazer da segurança um hábito diário!

#BBraun #BBraunBrasil #HigienedeMaos #DiaMundialDaHigienizacaodasMaos #PrevencaoComecanaMao",reels,1535,0,1535,72,5,10,0,2,0,2100,0,2100,89,"0,05798045603"
Facebook,B Braun,2025,5,05/05/2025 19:45:22,Segunda-Feira,https://www.facebook.com/1468339928670354/posts/1123573916480292,https://storage.googleapis.com/brv-valhalla-datalake-public/images/2da8067c-76d9-4921-a4cf-cc5323033783.jpeg,"Você desbloqueia a tela, atende uma ligação, manda mensagens...

Mas já pensou em tudo que vem junto nesse toque?

Celulares podem carregar mais germes que uma tampa de vaso sanitário!

5 de Maio é o Dia Mundial da Higiene das Mãos.
Então, na dúvida, higienize suas mãos.

#euamoprevinirinfeccoes",imagem,,,65,7,0,2,4,0,,325,0,325,13,"0,2"
Instagram,B Braun,2025,5,05/05/2025 19:45:14,Segunda-Feira,https://www.instagram.com/p/DJSLooKRWMO,https://storage.googleapis.com/brv-valhalla-datalake-public/images/28abda95-1946-4057-b81d-e496416d54f4.jpeg,"Você desbloqueia a tela, atende uma ligação, manda mensagens...

Mas já pensou em tudo que vem junto nesse toque?

Celulares podem carregar mais germes que uma tampa de vaso sanitário!

5 de Maio é o Dia Mundial da Higiene das Mãos.
Então, na dúvida, higienize suas mãos.

#euamoprevinirinfeccoes",imagem,3578,0,3578,97,3,33,0,2,0,5357,0,5357,135,"0,03773057574"
Instagram,B Braun,2025,4,24/04/2025 21:27:33,Quinta-Feira,https://www.instagram.com/p/DI2CmS-AY6l,https://storage.googleapis.com/brv-valhalla-datalake-public/images/ed891a79-b333-42c1-ad88-494f7d674629.jpeg,"Você sabia que a limpeza adequada da ferida pode acelerar (e muito!) o processo de cicatrização?

Venha saber mais sobre o tema no próximo webinar da Aesculap Academy: “O primeiro passo para a cicatrização: por que a limpeza da ferida faz toda diferença”. Neste encontro, vamos falar sobre práticas eficazes, a importância da limpeza no preparo do leito da ferida e como isso impacta diretamente os resultados clínicos.

Data: 29 de abril
Horário: 19h
Inscreva-se!

Esperamos você!",imagem,4188,0,4188,104,4,31,0,13,0,6609,0,6609,152,"0,03629417383"
Facebook,B Braun,2025,4,24/04/2025 21:27:30,Quinta-Feira,https://www.facebook.com/1468339928670354/posts/1115121103992240,https://storage.googleapis.com/brv-valhalla-datalake-public/images/f79ee807-b2ad-4820-803c-e758ac6712bd.jpeg,"Você sabia que a limpeza adequada da ferida pode acelerar (e muito!) o processo de cicatrização?

Venha saber mais sobre o tema no próximo webinar da Aesculap Academy: “O primeiro passo para a cicatrização: por que a limpeza da ferida faz toda diferença”. Neste encontro, vamos falar sobre práticas eficazes, a importância da limpeza no preparo do leito da ferida e como isso impacta diretamente os resultados clínicos.

Data: 29 de abril
Horário: 19h
Inscreva-se!

Esperamos você!",imagem,,,33,15,1,2,4,0,,378,0,378,22,"0,6666666667"
Instagram,B Braun,2025,4,23/04/2025 21:22:00,Quarta-Feira,https://www.instagram.com/p/DIzdK0RyIur,https://storage.googleapis.com/brv-valhalla-datalake-public/images/b401d314-2d42-4293-9145-3c3bb4324994.jpeg,"A B. Braun Brasil é presença confirmada no Congresso Paulista de Anestesiologia!
 
De 24 a 27 de abril, no Transamérica Expo Center, estaremos ao lado de grandes especialistas, compartilhando soluções que transformam a prática anestésica no Brasil.
 
Na edição 2025 do COPA SAESP, reforçamos nosso compromisso com a educação médica continuada, oferecendo experiências que conectam conhecimento atualizado, tecnologia de ponta e a confiança de quem é parceiro do anestesista brasileiro.
 
Nossas Unidades de Negócio — Pharma, Anestesia e Infusão — estarão presentes com tecnologias que unem segurança, precisão e inovação.

Nos vemos lá!",imagem,1806,0,1806,63,1,6,0,1,0,2911,0,2911,71,"0,03931339978"
Facebook,B Braun,2025,4,23/04/2025 21:21:58,Quarta-Feira,https://www.facebook.com/1468339928670354/posts/1114338310737186,https://storage.googleapis.com/brv-valhalla-datalake-public/images/0367c941-be43-4c88-905d-515af5c26af8.jpeg,"A B. Braun Brasil é presença confirmada no Congresso Paulista de Anestesiologia!
 
De 24 a 27 de abril, no Transamérica Expo Center, estaremos ao lado de grandes especialistas, compartilhando soluções que transformam a prática anestésica no Brasil.
 
Na edição 2025 do COPA SAESP, reforçamos nosso compromisso com a educação médica continuada, oferecendo experiências que conectam conhecimento atualizado, tecnologia de ponta e a confiança de quem é parceiro do anestesista brasileiro.
 
Nossas Unidades de Negócio — Pharma, Anestesia e Infusão — estarão presentes com tecnologias que unem segurança, precisão e inovação.

Nos vemos lá!",imagem,,,29,9,0,1,2,0,,302,0,302,12,"0,4137931034"
Facebook,B Braun,2025,4,17/04/2025 23:20:22,Quinta-Feira,https://www.facebook.com/reel/1342852266987805/,https://storage.googleapis.com/brv-valhalla-datalake-public/images/3091cb50-5ebf-4a5e-91a2-554774ac734b.jpeg,"Encerramos com chave de ouro!

Foram três dias intensos de muita imersão, troca de experiências, aprendizado e conexão. 

A Convenção de Vendas B. Braun 2025 foi um verdadeiro impulso para seguirmos ainda mais fortes durante esse ano. Estamos alinhados e prontos para os próximos desafios.

Seguimos juntos, com propósito, estratégia e paixão pelo que fazemos.

#BBraun #ConvençãoDeVendas #TimeDeVendas #AltaPerformance #SomosBBraun",reels,,,65,10,0,0,14,0,,291,0,291,24,"0,3692307692"
Instagram,B Braun,2025,4,17/04/2025 23:20:18,Quinta-Feira,https://www.instagram.com/p/DIkNzi5x9QW,https://storage.googleapis.com/brv-valhalla-datalake-public/images/112f23fc-dc38-4c0e-ba60-3fb43015d472.mp4,"Encerramos com chave de ouro!

Foram três dias intensos de muita imersão, troca de experiências, aprendizado e conexão. 

A Convenção de Vendas B. Braun 2025 foi um verdadeiro impulso para seguirmos ainda mais fortes durante esse ano. Estamos alinhados e prontos para os próximos desafios.

Seguimos juntos, com propósito, estratégia e paixão pelo que fazemos.

#BBraun #ConvençãoDeVendas #TimeDeVendas #AltaPerformance #SomosBBraun",reels,3455,0,3455,210,6,34,0,3,0,5927,0,5927,253,"0,07322720695"
Facebook,B Braun,2025,4,16/04/2025 13:41:16,Quarta-Feira,https://www.facebook.com/reel/1335466817708657/,https://storage.googleapis.com/brv-valhalla-datalake-public/images/2d8706ad-b2d0-4374-b752-712b8e11d886.jpeg,"Começamos com o pé direito!

O primeiro dia da Convenção de Vendas B. Braun foi um sucesso. 

Acompanhe em nossos storys para ficar sabendo de tudo que está acontecendo aqui!

#BBraun #ConvençãoDeVendas",reels,,,100,8,0,0,7,0,,316,0,318,15,"0,15"
Instagram,B Braun,2025,4,16/04/2025 13:41:10,Quarta-Feira,https://www.instagram.com/p/DIgmyHBR6Ko,https://storage.googleapis.com/brv-valhalla-datalake-public/images/dcf9f089-ed9e-49d7-bcb0-057194618356.mp4,"Começamos com o pé direito!

O primeiro dia da Convenção de Vendas B. Braun foi um sucesso. 

Acompanhe em nossos storys para ficar sabendo de tudo que está acontecendo aqui!

#BBraun #ConvençãoDeVendas",reels,4478,0,4478,204,5,52,0,2,0,7389,0,7389,263,"0,0587315766"
Instagram,B Braun,2025,4,14/04/2025 10:00:30,Segunda-Feira,https://www.instagram.com/p/DIbEBfkhK34,https://storage.googleapis.com/brv-valhalla-datalake-public/images/5a7cbf31-8aeb-401b-83d1-46b8a6338ac4.jpeg,"No limite entre a ciência e a esperança, existe um profissional único que transforma riscos em chances de vida: o neurocirurgião.
⠀
Cada decisão é milimetricamente pensada, cada movimento carrega a responsabilidade de quem cuida do que é mais precioso.
⠀
Neste Dia do Neurocirurgião, reconhecemos e valorizamos quem atua com excelência diante dos maiores desafios da medicina.
⠀
Com soluções confiáveis e de alta qualidade, seguimos juntos, apoiando decisões que mudam histórias.
⠀⠀
#BBraun #DiadoNeurocirurgião #Neurocirurgia #Aesculap",imagem,1442,0,1442,51,2,8,0,0,0,2633,0,2633,61,"0,04230235784"
Facebook,B Braun,2025,4,14/04/2025 10:00:21,Segunda-Feira,https://www.facebook.com/1468339928670354/posts/1106833754820975,https://storage.googleapis.com/brv-valhalla-datalake-public/images/052812d8-cfe7-4eaf-b213-b1272532e6c1.jpeg,"No limite entre a ciência e a esperança, existe um profissional único que transforma riscos em chances de vida: o neurocirurgião.
⠀
Cada decisão é milimetricamente pensada, cada movimento carrega a responsabilidade de quem cuida do que é mais precioso.
⠀
Neste Dia do Neurocirurgião, reconhecemos e valorizamos quem atua com excelência diante dos maiores desafios da medicina.
⠀
Com soluções confiáveis e de alta qualidade, seguimos juntos, apoiando decisões que mudam histórias.
⠀⠀
#BBraun #DiadoNeurocirurgião #Neurocirurgia #Aesculap",imagem,,,24,12,1,1,1,0,,293,0,293,15,"0,625"
Instagram,B Braun,2025,4,10/04/2025 19:51:38,Quinta-Feira,https://www.instagram.com/p/DIR0fiFyyHX,https://storage.googleapis.com/brv-valhalla-datalake-public/images/bfebda8b-4fa1-43d8-a2aa-029f750f7615.jpeg,"Tecnologia e inovação a serviço da neurocirurgia! 🧠 

 🏥✨ A B. Braun oferece um portfólio completo de produtos para neurocirurgia, garantindo mais precisão, segurança e eficiência para os neurocirurgiões.

Quer entender como essas soluções fazem a diferença na prática cirúrgica? Leia o texto completo no nosso site! 🔗 Acesse pelo link na bio.

#Neurocirurgia #TecnologiaMédica #InovaçãoemSaúde #CirurgiacomPrecisão",imagem,1584,0,1584,58,2,8,0,2,0,2738,0,2738,70,"0,04419191919"
Facebook,B Braun,2025,4,10/04/2025 19:51:22,Quinta-Feira,https://www.facebook.com/1468339928670354/posts/1103900555114295,https://storage.googleapis.com/brv-valhalla-datalake-public/images/bf4d1f40-d947-4d18-9526-c7af1741bf2a.jpeg,"Tecnologia e inovação a serviço da neurocirurgia! 🧠 

 🏥✨ A B. Braun oferece um portfólio completo de produtos para neurocirurgia, garantindo mais precisão, segurança e eficiência para os neurocirurgiões.

Quer entender como essas soluções fazem a diferença na prática cirúrgica? Leia o texto completo no nosso site! 🔗 Acesse pelo link na bio.

#Neurocirurgia #TecnologiaMédica #InovaçãoemSaúde #CirurgiacomPrecisão",imagem,,,25,14,1,1,2,0,,294,0,294,18,"0,72"
Instagram,B Braun,2025,4,08/04/2025 21:38:18,Terça-Feira,https://www.instagram.com/p/DIM3HAtTIPp,https://storage.googleapis.com/brv-valhalla-datalake-public/images/0527a03e-1a33-4959-bc3b-1db2767b5855.jpeg,"Hoje é dia de lembrar que se cuidar é também uma forma de amar. 💜 

No Dia Mundial de Luta Contra o Câncer, reforçamos a importância do diagnóstico precoce.

Além disso, uma alimentação balanceada com frutas e legumes, evitando ultraprocessados e frituras, ajuda a reduzir riscos de diversos tipos de câncer drasticamente. Sem falar na importância de exercícios físicos por pelo menos 30 minutos por dia. E é sempre bom lembrar que parar de fumar ajuda a prevenir o câncer de pulmão, boca e garganta, entre outros. 

Cuidar de si, fazer exames e prestar atenção aos sinais, é priorizar sua saúde. O seu e o de quem caminha com você.

Estamos juntos, lado a lado, cuidando da vida com mais esperança 💫

#LutaContraoCâncer #DiagnósticoPrecoce #AmorQueCuida #SaúdeEmPrimeiroLugar",imagem,695,0,695,28,2,1,0,0,0,1562,0,1562,31,"0,04460431655"
Facebook,B Braun,2025,4,08/04/2025 21:38:16,Terça-Feira,https://www.facebook.com/1468339928670354/posts/1102334471937570,https://storage.googleapis.com/brv-valhalla-datalake-public/images/069498c7-0f69-48ce-bdb9-b34e76444876.jpeg,"Hoje é dia de lembrar que se cuidar é também uma forma de amar. 💜 

No Dia Mundial de Luta Contra o Câncer, reforçamos a importância do diagnóstico precoce.

Além disso, uma alimentação balanceada com frutas e legumes, evitando ultraprocessados e frituras, ajuda a reduzir riscos de diversos tipos de câncer drasticamente. Sem falar na importância de exercícios físicos por pelo menos 30 minutos por dia. E é sempre bom lembrar que parar de fumar ajuda a prevenir o câncer de pulmão, boca e garganta, entre outros. 

Cuidar de si, fazer exames e prestar atenção aos sinais, é priorizar sua saúde. O seu e o de quem caminha com você.

Estamos juntos, lado a lado, cuidando da vida com mais esperança 💫

#LutaContraoCâncer #DiagnósticoPrecoce #AmorQueCuida #SaúdeEmPrimeiroLugar",imagem,,,23,13,1,0,4,0,,341,0,341,18,"0,7826086957"
Instagram,B Braun,2025,4,08/04/2025 18:34:05,Terça-Feira,https://www.instagram.com/p/DIMiBv8TcLR,https://storage.googleapis.com/brv-valhalla-datalake-public/images/ca8df377-065a-41fa-9730-4bc2e95f93ae.jpeg,"Os Balões Farmacológicos vêm ganhando destaque na cardiologia intervencionista e o lançamento do SeQuent® Please NEO, o novo DCB coronário da B. Braun, reforça esse movimento.

No dia 12 de abril, convidamos você para um evento presencial no InCor, em São Paulo, com a participação de grandes nomes da cardiologia intervencionista nacional e internacional. Será uma oportunidade única para aprofundar o debate clínico e conhecer as futuras perspectivas dos DCBs no tratamento da Doença Arterial Coronariana.

📅 Avanços e Futuras Perspectivas em DCBs para a Doença Arterial Coronariana
📍 Auditório InCor | São Paulo
🕐 Evento presencial

Acesse o link na bio e se inscreva. Esperamos você!

#BBraunBrasil #CardiologiaIntervencionista #SeQuentPleaseNEO #DCB #InCor #SaúdeCardíaca #InovaçãoEmSaúde",imagem,1358,0,1358,32,1,1,0,0,0,2466,0,2466,34,"0,02503681885"
Instagram,B Braun,2025,4,07/04/2025 18:37:25,Segunda-Feira,https://www.instagram.com/p/DIJ9nWOOX8p,https://storage.googleapis.com/brv-valhalla-datalake-public/images/7cff23d4-d75a-4c6c-9305-77215f3939bd.jpeg,"A OMS escolheu a saúde materna e neonatal como tema do Dia Mundial da Saúde em 2025, dando início à campanha “Inícios saudáveis, futuros esperançosos”.

O objetivo? Mobilizar governos, profissionais e toda a comunidade da saúde para proteger mães e recém-nascidos, garantindo bem-estar durante a gestação, o parto e no período pós-natal.

Nós caminhamos juntos, ao lado dos profissionais de saúde, oferecendo suporte e soluções que contribuem para um cuidado mais seguro, humano e completo, porque toda vida merece começar com acolhimento e dignidade.

E cada gesto de proteção hoje, é um futuro cheio de possibilidades amanhã. 💙

#DiaMundialDaSaúde #IníciosSaudáveis #FuturosEsperançosos #SaúdeMaterna #UTINeonatal",carrossel ,720,0,720,56,1,2,0,0,0,1851,0,1851,59,"0,08194444444"
Facebook,B Braun,2025,4,07/04/2025 18:37:20,Segunda-Feira,https://www.facebook.com/1468339928670354/posts/1101456645358686,https://storage.googleapis.com/brv-valhalla-datalake-public/images/1c7eb279-b97a-4ba7-a5ea-8a80cbda20d6.jpeg,"A OMS escolheu a saúde materna e neonatal como tema do Dia Mundial da Saúde em 2025, dando início à campanha “Inícios saudáveis, futuros esperançosos”.

O objetivo? Mobilizar governos, profissionais e toda a comunidade da saúde para proteger mães e recém-nascidos, garantindo bem-estar durante a gestação, o parto e no período pós-natal.

Nós caminhamos juntos, ao lado dos profissionais de saúde, oferecendo suporte e soluções que contribuem para um cuidado mais seguro, humano e completo, porque toda vida merece começar com acolhimento e dignidade.

E cada gesto de proteção hoje, é um futuro cheio de possibilidades amanhã. 💙

#DiaMundialDaSaúde #IníciosSaudáveis #FuturosEsperançosos #SaúdeMaterna #UTINeonatal",galeria,,,31,10,1,1,3,0,,299,0,299,15,"0,4838709677"
Instagram,B Braun,2025,4,04/04/2025 18:47:22,Sexta-Feira,https://www.instagram.com/p/DICQXgtzFac,https://storage.googleapis.com/brv-valhalla-datalake-public/images/7c4ad4ac-9df4-4edb-a74d-181c0430803f.jpeg,"No próximo sábado (12/04), a B. Braun, em parceria com o INCOR, promove o evento Avanços e Futuras Perspectivas em DCBs para a Doença Arterial Coronariana, que contará com a presença de speakers internacionais, discussões clínicas de alto nível e o lançamento oficial do SeQuent® Please NEO, o novo balão farmacológico coronário da B. Braun.

Local: Auditório INCOR – São Paulo
Modalidade: Presencial
Data: 12 de abril de 2025

Inscreva-se gratuitamente e participe desse momento de troca e atualização científica.

Clique no link da bio para se inscrever.

Esperamos você.",imagem,1212,0,1212,48,5,2,0,1,0,2194,0,2194,56,"0,04620462046"
Facebook,B Braun,2025,4,04/04/2025 18:47:18,Sexta-Feira,https://www.facebook.com/1468339928670354/posts/1098997232271294,https://storage.googleapis.com/brv-valhalla-datalake-public/images/d103ef56-1b2c-4d54-aeee-c2aa82794e05.jpeg,"No próximo sábado (12/04), a B. Braun, em parceria com o INCOR, promove o evento Avanços e Futuras Perspectivas em DCBs para a Doença Arterial Coronariana, que contará com a presença de speakers internacionais, discussões clínicas de alto nível e o lançamento oficial do SeQuent® Please NEO, o novo balão farmacológico coronário da B. Braun.

Local: Auditório INCOR – São Paulo
Modalidade: Presencial
Data: 12 de abril de 2025

Inscreva-se gratuitamente e participe desse momento de troca e atualização científica.

Clique no link da bio para se inscrever.

Esperamos você.",imagem,,,27,10,2,3,4,0,,480,0,480,19,"0,7037037037"
Instagram,B Braun,2025,3,28/03/2025 21:48:48,Sexta-Feira,https://www.instagram.com/p/DHwjkVHxLtD,https://storage.googleapis.com/brv-valhalla-datalake-public/images/d4631ae5-2f0f-465b-a483-e9f3cb4724f5.jpeg,"A Inteligência Artificial está transformando o setor da saúde, trazendo avanços significativos, mas também levantando desafios importantes. Como garantir que a tecnologia seja uma aliada sem comprometer a autonomia humana?

Nossa Vice-Presidente Jurídica Regional da África, América Latina e Oriente Médio, Daniele Lopes, falou sobre esse tema essencial em um artigo publicado na Exame. 

🔎 No conteúdo, ela discute o impacto da IA no setor, os desafios regulatórios e o papel fundamental da governança ética para um futuro mais seguro e eficiente.

Quer entender mais sobre esse debate? Leia o artigo completo pelo link na bio.

#BBraun #SharingExpertise #Saúde #InovaçãoNaSaúde #InteligênciaArtificial",imagem,996,0,996,61,2,4,0,1,0,1983,0,1983,68,"0,06827309237"
Facebook,B Braun,2025,3,28/03/2025 21:39:37,Sexta-Feira,https://www.facebook.com/1468339928670354/posts/1092762479561436,https://storage.googleapis.com/brv-valhalla-datalake-public/images/9cd61e76-1662-4f76-aa38-4d6953e801a0.jpeg,"A Inteligência Artificial está transformando o setor da saúde, trazendo avanços significativos, mas também levantando desafios importantes. Como garantir que a tecnologia seja uma aliada sem comprometer a autonomia humana?

Nossa Vice-Presidente Jurídica Regional da África, América Latina e Oriente Médio, Daniele Lopes, falou sobre esse tema essencial em um artigo publicado na Exame. 

🔎 No conteúdo, ela discute o impacto da IA no setor, os desafios regulatórios e o papel fundamental da governança ética para um futuro mais seguro e eficiente.

Quer entender mais sobre esse debate? Leia o artigo completo pelo link na bio.

#BBraun #SharingExpertise #Saúde #InovaçãoNaSaúde #InteligênciaArtificial",imagem,,,18,7,1,0,4,0,,236,0,236,12,"0,6666666667"
Facebook,B Braun,2025,3,27/03/2025 22:00:08,Quinta-Feira,https://www.facebook.com/reel/991442836292062/,https://storage.googleapis.com/brv-valhalla-datalake-public/images/f4217ee2-24a2-4b3d-8a88-a47d8fad4c01.jpeg,"📖 No Minha história na B. Braun de hoje, o Matheus, apaixonado por Biologia, contou um pouquinho da sua trajetória. 

Ele começou aqui como Jovem Aprendiz através do programa Arsenal do Bem, se ausentou um período, e retornou como estagiário de Educação Médica.

🌟 Assim como a de tantos outros, a história do Matheus com a gente é inspiradora e repleta de comprometimento. Venha estagiar na B. Braun e contribuir para um futuro mais sustentável!",reels,,,204,16,5,1,23,0,,591,0,592,45,"0,2205882353"
Instagram,B Braun,2025,3,27/03/2025 21:59:10,Quinta-Feira,https://www.instagram.com/p/DHt_6TGt-pO,https://storage.googleapis.com/brv-valhalla-datalake-public/images/30e0ed8f-7e63-4046-9748-bde37f771133.mp4,"📖 No Minha história na B. Braun de hoje, o Matheus, apaixonado por Biologia, contou um pouquinho da sua trajetória. 

Ele começou aqui como Jovem Aprendiz através do programa Arsenal do Bem, se ausentou um período, e retornou como estagiário de Educação Médica.

🌟 Assim como a de tantos outros, a história do Matheus com a gente é inspiradora e repleta de comprometimento. Venha estagiar na B. Braun e contribuir para um futuro mais sustentável!",reels,4684,0,4684,408,61,70,0,5,0,8383,0,8383,544,"0,1161400512"
Instagram,B Braun,2025,3,26/03/2025 19:11:13,Quarta-Feira,https://www.instagram.com/p/DHrH8ZXTZOH,https://storage.googleapis.com/brv-valhalla-datalake-public/images/1f6f9910-534f-4b92-b48f-b94dd5743882.jpeg,"🛑 Infecção hospitalar: um risco que podemos prevenir! 

🏥 A segurança do paciente começa com a prevenção. Infecções hospitalares impactam milhares de vidas todos os anos, mas a boa notícia é que muitas delas podem ser evitadas com as práticas certas e as soluções adequadas.

Na B. Braun, oferecemos tecnologias inovadoras para higiene das mãos e desinfecção de ambientes, ajudando a reduzir riscos e tornar os cuidados de saúde mais seguros e eficientes.

Conheça nossas soluções e faça parte dessa mudança. Acesse o link na bio para o nosso catálogo de produtos para prevenção de infecções.

#PrevençãodeInfecções #SegurançadoPaciente #CuidadoemSaúde #InovaçãoMédica",carrossel ,1147,0,1147,58,2,8,0,4,0,2454,0,2454,72,"0,06277244987"
Instagram,B Braun,2025,3,25/03/2025 20:53:24,Terça-Feira,https://www.instagram.com/p/DHou2AdzC73,https://storage.googleapis.com/brv-valhalla-datalake-public/images/36e9120f-60ad-4292-a620-1297fa821755.jpeg,"Esporte, inclusão e qualidade de vida para todos! 🤝

🏐 No último fim de semana, tivemos a honra de participar do Torneio de Vôlei Sentado do Instituto Novo Ser, uma iniciativa incrível do Programa Praia Para Todos, que promove acessibilidade e lazer para pessoas com deficiência.

A B. Braun acredita que cuidar vai muito além da saúde. Por isso, ao lado de voluntários, estivemos presentes apoiando toda a logística do evento e, também, com uma ação especial, distribuindo água de coco e picolés para todos os atletas e participantes da ação.

👏 Parabéns ao @institutonovoser  por essa iniciativa transformadora! Seguimos firmes no propósito de apoiar projetos que inspiram e mudam vidas.

#BBraunBrasil #PraiaParaTodos #InstitutoNovoSer #EsporteParaTodos #ResponsabilidadeSocial",carrossel ,2648,0,2648,235,9,21,0,2,0,5170,0,5170,267,"0,1008308157"
Facebook,B Braun,2025,3,25/03/2025 20:53:19,Terça-Feira,https://www.facebook.com/1468339928670354/posts/1090095266494824,https://storage.googleapis.com/brv-valhalla-datalake-public/images/20f815b0-a0a4-42d8-bf4a-cff997f297d9.jpeg,"Esporte, inclusão e qualidade de vida para todos! 🤝

🏐 No último fim de semana, tivemos a honra de participar do Torneio de Vôlei Sentado do Instituto Novo Ser, uma iniciativa incrível do Programa Praia Para Todos, que promove acessibilidade e lazer para pessoas com deficiência.

A B. Braun acredita que cuidar vai muito além da saúde. Por isso, ao lado de voluntários, estivemos presentes apoiando toda a logística do evento e, também, com uma ação especial, distribuindo água de coco e picolés para todos os atletas e participantes da ação.

👏 Parabéns ao @institutonovoser  por essa iniciativa transformadora! Seguimos firmes no propósito de apoiar projetos que inspiram e mudam vidas.

#BBraunBrasil #PraiaParaTodos #InstitutoNovoSer #EsporteParaTodos #ResponsabilidadeSocial",galeria,,,16,21,3,0,43,0,,598,0,598,67,"4,1875"
Instagram,B Braun,2025,3,22/03/2025 10:30:19,Sábado,https://www.instagram.com/p/DHf5J0qP52Y,https://storage.googleapis.com/brv-valhalla-datalake-public/images/fb07bf66-137c-4cdd-9d64-ed92293d6727.jpeg,"💧 No Dia Mundial da Água, destacamos um problema urgente: 2,2 bilhões de pessoas ainda vivem sem acesso à água potável.

♻️ A B. Braun tem um compromisso firme com a sustentabilidade, investindo em tecnologias para preservar a água para as futuras gerações.

O futuro da água depende das nossas ações agora. 💡

#DiaMundialdaÁgua #ConsciênciaAmbiental #SustentabilidadeNaSaúde #InovaçãoSustentável",carrossel ,934,0,934,71,2,5,0,0,0,2071,0,2071,78,"0,0835117773"
Facebook,B Braun,2025,3,22/03/2025 10:30:12,Sábado,https://www.facebook.com/1468339928670354/posts/1087093560128328,https://storage.googleapis.com/brv-valhalla-datalake-public/images/b73acc7b-5c9d-47f2-8536-9a32ab970834.jpeg,"💧 No Dia Mundial da Água, destacamos um problema urgente: 2,2 bilhões de pessoas ainda vivem sem acesso à água potável.

♻️ A B. Braun tem um compromisso firme com a sustentabilidade, investindo em tecnologias para preservar a água para as futuras gerações.

O futuro da água depende das nossas ações agora. 💡

#DiaMundialdaÁgua #ConsciênciaAmbiental #SustentabilidadeNaSaúde #InovaçãoSustentável",galeria,,,14,10,1,0,3,0,,254,0,254,14,1
Facebook,B Braun,2025,3,19/03/2025 20:21:57,Quarta-Feira,https://www.facebook.com/reel/1215535769993028/,https://storage.googleapis.com/brv-valhalla-datalake-public/images/98010f3c-99c5-4292-a34e-7b5e58aa04b4.jpeg,"O quinto episódio do Conecta Infusão já está disponível!

Dessa vez, recebemos a enfermeira Ana Pires para uma conversa sobre segurança na infusão e oncologia, abordando desafios, boas práticas e a importância da precisão nesse processo.

Acesse agora o YouTube da B. Braun Brasil e confira o episódio completo no link https://youtu.be/TP-xPcjzTYw 

#ConectaInfusão #InfusãoSegura #Oncologia",reels,,,24,10,1,0,2,0,,212,0,212,13,"0,5416666667"
Instagram,B Braun,2025,3,19/03/2025 20:21:38,Quarta-Feira,https://www.instagram.com/p/DHZOXdItOXQ,https://storage.googleapis.com/brv-valhalla-datalake-public/images/b1f3f0da-0ff8-49c1-b0ce-026f7fa56844.mp4,"O quinto episódio do Conecta Infusão já está disponível!

Dessa vez, recebemos a enfermeira Ana Pires para uma conversa sobre segurança na infusão e oncologia, abordando desafios, boas práticas e a importância da precisão nesse processo.

Acesse agora o YouTube da B. Braun Brasil e confira o episódio completo. O link está na bio!

#ConectaInfusão #InfusãoSegura #Oncologia",reels,931,0,931,69,3,1,0,1,0,1247,0,1247,74,"0,07948442535"
Facebook,B Braun,2025,3,19/03/2025 18:30:14,Quarta-Feira,https://www.facebook.com/1468339928670354/posts/1084900303680987,https://storage.googleapis.com/brv-valhalla-datalake-public/images/76b2b0c4-017d-4b4b-a859-95b16171d07d.jpeg,"💜 Nossa paixão por cuidar se reflete em cada ato. No dia 13 de março de 2025, em parceria com a Sociedade Brasileira de Nefrologia, realizamos diversas ações para marcar o Dia Mundial do Rim.

💧 Com o objetivo de promover a saúde renal, distribuímos brindes e oferecemos suporte em clínicas de diálise, elaboramos um cardápio especial em nossos restaurantes, com opções saudáveis e que previnem doenças renais, além de uma ação entre os nossos colaboradores, oferecendo garrafas de água personalizadas com dicas de prevenção e picolés no sabor limão, que é uma ótima opção antioxidante na dieta de pacientes renais.

Iniciativas como essas, fazem a diferença no dia a dia das pessoas, levando cuidado e prevenção, reafirmando o compromisso da B. Braun em proteger a saúde de todos.

#SaúdeRenal #InovaçãoemSaúde #CuidadoqueTransforma #Diálise",galeria,,,68,30,1,6,119,0,,1524,0,1524,156,"2,294117647"
Instagram,B Braun,2025,3,18/03/2025 21:25:50,Terça-Feira,https://www.instagram.com/p/DHWw_Yoxq38,https://storage.googleapis.com/brv-valhalla-datalake-public/images/501a7f78-efc4-4b5c-a21f-f60a646955e4.jpeg,"💜 Nossa paixão por cuidar se reflete em cada ato. No dia 13 de março de 2025, em parceria com a Sociedade Brasileira de Nefrologia, realizamos diversas ações para marcar o Dia Mundial do Rim.

💧 Com o objetivo de promover a saúde renal, distribuímos brindes e oferecemos suporte em clínicas de diálise, elaboramos um cardápio especial em nossos restaurantes, com opções saudáveis e que previnem doenças renais, além de uma ação entre os nossos colaboradores, oferecendo garrafas de água personalizadas com dicas de prevenção e picolés no sabor limão, que é uma ótima opção antioxidante na dieta de pacientes renais.

Iniciativas como essas, fazem a diferença no dia a dia das pessoas, levando cuidado e prevenção, reafirmando o compromisso da B. Braun em proteger a saúde de todos.

#SaúdeRenal #InovaçãoemSaúde #CuidadoqueTransforma #Diálise",carrossel ,2637,0,2637,271,4,5,0,3,0,5376,0,5376,283,"0,107318923"
Instagram,B Braun,2025,3,15/03/2025 13:00:10,Sábado,https://www.instagram.com/p/DHOIvNuhJ3q,https://storage.googleapis.com/brv-valhalla-datalake-public/images/5fefd725-1230-492d-a3c4-1662e86a6711.jpeg,"Na B. Braun, nossa prioridade é oferecer soluções médicas que realmente façam a diferença na vida das pessoas. Neste Dia do Consumidor, agradecemos pela confiança. Juntos, levamos esperança e alegria pra muita gente!

#BBraun #Saúde #SharingExpertise #DiadoConsumidor",carrossel ,907,0,907,47,2,8,0,0,0,2062,0,2062,57,"0,06284454245"
Facebook,B Braun,2025,3,15/03/2025 12:30:02,Sábado,https://www.facebook.com/1468339928670354/posts/1081355477368803,https://storage.googleapis.com/brv-valhalla-datalake-public/images/cea836f1-b73c-4a42-970c-173db871b847.jpeg,"Na B. Braun, nossa prioridade é oferecer soluções médicas que realmente façam a diferença na vida das pessoas. Neste Dia do Consumidor, agradecemos pela confiança. Juntos, levamos esperança e alegria pra muita gente!

#BBraun #Saúde #SharingExpertise #DiadoConsumidor",galeria,,,14,6,0,1,2,0,,264,0,264,9,"0,6428571429"
Facebook,B Braun,2025,3,13/03/2025 16:54:23,Quinta-Feira,https://www.facebook.com/1468339928670354/videos/630128973070636,https://storage.googleapis.com/brv-valhalla-datalake-public/images/4042acbd-03ea-4967-82dc-b08453447d8b.jpeg,"Hoje é o Dia Mundial do Rim!
Você sabia que 850 milhões de pessoas no mundo têm doença renal crônica e não sabem? O exame de Creatinina é simples, mas essencial para detectar precocemente a doença e evitar complicações mais graves.
Quem deve monitorar a creatinina regularmente?

 ✅ Diabéticos e hipertensos;

 ✅ Pessoas com obesidade;

 ✅ Quem tem histórico familiar de doença renal.
 
A B. Braun é apoiadora oficial da Sociedade Brasileira de Nefrologia (SBN) e da campanha do Dia Mundial do Rim 2025, incentivando a conscientização sobre a dosagem sérica de creatinina. Quanto mais cedo o diagnóstico, melhor o cuidado com a saúde renal!
 
🔬 Previna-se! Realize seus exames regularmente e consulte seu médico.
 
📢 Assista ao vídeo e compartilhe essa mensagem!
 
#DiaMundialdoRim #ExamedeCreatinina #SaúdeRenal #Prevenção",vídeo,,,36,8,1,0,1,0,,149,0,149,10,"0,2777777778"
Instagram,B Braun,2025,3,13/03/2025 16:49:09,Quinta-Feira,https://www.instagram.com/p/DHJZK82vkne,https://storage.googleapis.com/brv-valhalla-datalake-public/images/617afc53-280c-468e-905d-58390157e585.mp4,"Hoje é o Dia Mundial do Rim!

Você sabia que 850 milhões de pessoas no mundo têm doença renal crônica e não sabem? O exame de Creatinina é simples, mas essencial para detectar precocemente a doença e evitar complicações mais graves.
Quem deve monitorar a creatinina regularmente?

 ✅ Diabéticos e hipertensos;
 ✅ Pessoas com obesidade;
 ✅ Quem tem histórico familiar de doença renal.
 
A B. Braun é apoiadora oficial da Sociedade Brasileira de Nefrologia (SBN) e da campanha do Dia Mundial do Rim 2025, incentivando a conscientização sobre a dosagem sérica de creatinina. Quanto mais cedo o diagnóstico, melhor o cuidado com a saúde renal!
 
🔬 Previna-se! Realize seus exames regularmente e consulte seu médico.
 
📢 Assista ao vídeo e compartilhe essa mensagem!
 
#DiaMundialdoRim #ExamedeCreatinina #SaúdeRenal #Prevenção",reels,15043,0,15043,430,9,148,0,18,0,20224,0,20224,605,"0,04021804161"
Facebook,B Braun,2025,3,12/03/2025 15:30:23,Quarta-Feira,https://www.facebook.com/1468339928670354/videos/1405483067100032,https://storage.googleapis.com/brv-valhalla-datalake-public/images/ae690890-92a6-4cc5-a699-fe1849de319d.jpeg,"A diálise vai muito além do tratamento: é sobre qualidade de vida, acolhimento e segurança! 💚Nesta semana especial, estamos compartilhando histórias reais de quem vive a rotina do tratamento renal.

Hoje, véspera do Dia Mundial do Rim, e amanhã, na data oficial, traremos relatos reais de quem vive essa jornada todos os dias  — pacientes e profissionais de saúde que compartilham suas experiências e mostram como a tecnologia, o cuidado e o suporte fazem toda a diferença.

📢 Assista ao vídeo e conheça essas histórias inspiradoras!

#DiaMundialdoRim #Diálise #SaúdeRenal #QualidadedeVida",vídeo,,,32,7,1,0,0,0,,194,0,194,8,"0,25"
Instagram,B Braun,2025,3,12/03/2025 15:17:52,Quarta-Feira,https://www.instagram.com/p/DHGp-R-xalY,https://storage.googleapis.com/brv-valhalla-datalake-public/images/00948c6a-7dd4-4f1f-8203-d7c5eefce450.mp4,"A diálise vai muito além do tratamento: é sobre qualidade de vida, acolhimento e segurança! 💚Nesta semana especial, estamos compartilhando histórias reais de quem vive a rotina do tratamento renal.

Hoje, véspera do Dia Mundial do Rim, e amanhã, na data oficial, traremos relatos reais de quem vive essa jornada todos os dias — pacientes e profissionais de saúde que compartilham suas experiências e mostram como a tecnologia, o cuidado e o suporte fazem toda a diferença.

📢 Assista ao vídeo e conheça essas histórias inspiradoras!

#DiaMundialdoRim #Diálise #SaúdeRenal #QualidadedeVida",reels,3636,0,3636,187,7,38,0,6,0,6081,0,6081,238,"0,06545654565"
Facebook,B Braun,2025,3,11/03/2025 15:21:16,Terça-Feira,https://www.facebook.com/1468339928670354/posts/1078321534338864,https://storage.googleapis.com/brv-valhalla-datalake-public/images/ea08a898-77fc-4497-8955-f5377ebecc8c.jpeg,"A diálise é um tratamento essencial para quem tem insuficiência renal, permitindo mais qualidade de vida e bem-estar no dia a dia. 💜

Com os cuidados certos, é possível manter uma rotina ativa e equilibrada, desmistificando a ideia de que a diálise significa limitações. O conhecimento e a conscientização fazem toda a diferença!

Nesta semana especial, traremos informações importantes sobre a saúde renal, reforçando a importância da prevenção e dos cuidados contínuos. Acompanhe nossos conteúdos e compartilhe com quem precisa saber mais.

#DiaMundialdoRim #Diálise #SaúdeRenal #CuidedosSeusRins",galeria,,,13,8,1,0,3,0,,177,0,177,12,"0,9230769231"
Instagram,B Braun,2025,3,11/03/2025 15:21:10,Terça-Feira,https://www.instagram.com/p/DHEFsbNxfTp,https://storage.googleapis.com/brv-valhalla-datalake-public/images/25d5df52-e31b-4d32-abce-3957cba67849.jpeg,"A diálise é um tratamento essencial para quem tem insuficiência renal, permitindo mais qualidade de vida e bem-estar no dia a dia. 💜

Com os cuidados certos, é possível manter uma rotina ativa e equilibrada, desmistificando a ideia de que a diálise significa limitações. O conhecimento e a conscientização fazem toda a diferença!

Nesta semana especial, traremos informações importantes sobre a saúde renal, reforçando a importância da prevenção e dos cuidados contínuos. Acompanhe nossos conteúdos e compartilhe com quem precisa saber mais.

#DiaMundialdoRim #Diálise #SaúdeRenal #CuidedosSeusRins",carrossel ,1951,0,1951,53,1,9,0,5,0,3154,0,3154,68,"0,03485392107"
Facebook,B Braun,2025,3,10/03/2025 16:56:21,Segunda-Feira,https://www.facebook.com/1468339928670354/posts/1077642367740114,https://storage.googleapis.com/brv-valhalla-datalake-public/images/b2168bbf-8231-445e-8ff1-55fad8871bfc.jpeg,"Está chegando o Dia Mundial do Rim e durante esta semana, vamos trazer conteúdos relevantes sobre a saúde renal e, para começar, vamos falar sobre um fator essencial: a alimentação! 🍎🥦
 
Cuidados como: controlar a ingestão de sódio, potássio e fósforo é essencial para evitar complicações e melhorar a qualidade de vida. Alimentos com proteínas de alta qualidade, carboidratos complexos e gorduras saudáveis também são indispensáveis para manter o organismo funcionando bem.
 
Quer saber mais sobre como a nutrição impacta a saúde renal? Leia a matéria completa no blog! Acesse o link na bio. 🔗
 
#DiaMundialdoRim #SaúdeRenal #ConsciênciaRenal #BemEstar",imagem,,,14,7,1,0,3,0,,292,0,292,11,"0,7857142857"
Instagram,B Braun,2025,3,10/03/2025 16:56:17,Segunda-Feira,https://www.instagram.com/p/DHBryOkx5Mc,https://storage.googleapis.com/brv-valhalla-datalake-public/images/c6af5b11-9fcf-484e-9cf8-a6cd488f6b94.jpeg,"Está chegando o Dia Mundial do Rim e durante esta semana, vamos trazer conteúdos relevantes sobre a saúde renal e, para começar, vamos falar sobre um fator essencial: a alimentação! 🍎🥦
 
Cuidados como: controlar a ingestão de sódio, potássio e fósforo é essencial para evitar complicações e melhorar a qualidade de vida. Alimentos com proteínas de alta qualidade, carboidratos complexos e gorduras saudáveis também são indispensáveis para manter o organismo funcionando bem.
 
Quer saber mais sobre como a nutrição impacta a saúde renal? Leia a matéria completa no blog! Acesse o link na bio. 🔗
 
#DiaMundialdoRim #SaúdeRenal #ConsciênciaRenal #BemEstar",imagem,2328,0,2328,36,0,4,0,1,0,3304,0,3304,41,"0,01761168385"
Facebook,B Braun,2025,3,08/03/2025 12:52:08,Sábado,https://www.facebook.com/1468339928670354/posts/1075968191240865,https://storage.googleapis.com/brv-valhalla-datalake-public/images/96f2ec1a-12fd-497b-be9a-caec8bca44f2.jpeg,"Neste Dia Internacional da Mulher, celebramos as histórias inspiradoras de três mulheres incríveis da nossa equipe. Elas compartilham seus desafios, conquistas e as lições que aprenderam ao longo de suas jornadas.
 
Junte-se a nós para celebrar essas histórias de força, resiliência e sucesso! 💪✨
 
#bbraunbr #DiaInternacionalDaMulher #MulheresInspiradoras #HistóriasDeSucesso",galeria,,,17,53,7,1,171,0,,1354,0,1354,232,"13,64705882"
Instagram,B Braun,2025,3,08/03/2025 12:52:04,Sábado,https://www.instagram.com/p/DG8GPtXxWF-,https://storage.googleapis.com/brv-valhalla-datalake-public/images/9e4bfa1a-b277-428a-a783-8219863dad90.jpeg,"Neste Dia Internacional da Mulher, celebramos as histórias inspiradoras de três mulheres incríveis da nossa equipe. Elas compartilham seus desafios, conquistas e as lições que aprenderam ao longo de suas jornadas.
 
Junte-se a nós para celebrar essas histórias de força, resiliência e sucesso! 💪✨
 
#bbraunbr #DiaInternacionalDaMulher #MulheresInspiradoras #HistóriasDeSucesso",carrossel ,4150,0,4150,292,18,24,0,1,0,7080,0,7080,335,"0,08072289157"
Instagram,B Braun,2025,2,28/02/2025 15:02:40,Sexta-Feira,https://www.instagram.com/p/DGnu1OqR43G,https://storage.googleapis.com/brv-valhalla-datalake-public/images/3f68b12a-6f01-42d4-83ad-a7f5e17883b0.jpeg,"No calor, todo cuidado faz a diferença! 

Manter a pele saudável e garantir o conforto diário é fundamental para quem tem uma estomia, principalmente nas altas temperaturas. O suor e o calor podem impactar a adesão dos dispositivos e causar desconforto.

Quer saber como cuidar melhor da sua pele e ter mais segurança no dia a dia? Confira nossas dicas e cuide da sua saúde com mais tranquilidade!

Precisa de orientações personalizadas? Nosso time está pronto para te ajudar! Ligue para o 0800 022 7286 opção 2 e tire suas dúvidas.

#CuidadoQueTransforma #Estomia #BemEstar #SaúdeSemPreocupação",carrossel ,2421,0,2421,38,1,7,0,5,0,3925,0,3925,51,"0,02106567534"
Instagram,B Braun,2025,2,26/02/2025 13:11:31,Quarta-Feira,https://www.instagram.com/p/DGiYdQ5hpPc,https://storage.googleapis.com/brv-valhalla-datalake-public/images/2bdcf38c-07ef-4919-99b9-0f7056b99112.mp4,"A Aesculap Academy está presente em 43 países, incluindo o Brasil, levando conhecimento e transformação a profissionais da saúde ao redor do mundo.

Através de treinamentos inovadores, preparamos especialistas, impactando positivamente o cuidado com a saúde!

#AesculapAcademy #Bbraunbr #saúde",reels,1772,0,1772,96,4,6,0,3,0,2964,0,2964,109,"0,06151241535"
Facebook,B Braun,2025,2,26/02/2025 13:10:46,Quarta-Feira,https://www.facebook.com/reel/656423003477947/,https://storage.googleapis.com/brv-valhalla-datalake-public/images/6cf29a53-c24f-4950-b1d7-3db427b0532e.jpeg,"A Aesculap Academy está presente em 43 países, incluindo o Brasil, levando conhecimento e transformação a profissionais da saúde ao redor do mundo.

Através de treinamentos inovadores, preparamos especialistas, impactando positivamente o cuidado com a saúde!

#AesculapAcademy #Bbraunbr #saúde",reels,,,66,13,1,0,2,0,,288,0,288,16,"0,2424242424"
Facebook,B Braun,2025,2,21/02/2025 13:00:29,Sexta-Feira,https://www.facebook.com/1468339928670354/posts/1064593795711638,https://storage.googleapis.com/brv-valhalla-datalake-public/images/1fbdda97-5ae4-45eb-b686-558b2bf98e39.jpeg,"Aqui na B. Braun, estamos comprometidos com práticas responsáveis e sustentáveis, alinhando nossas ações com as principais pautas de ESG (ambiental, social e governança). Trabalhamos para construir um futuro mais ético e consciente, impactando positivamente a sociedade e o meio ambiente.

Fique por dentro de todas as nossas iniciativas e saiba mais sobre nosso compromisso no site! Acesse o link na bio 🔗

#esg #bbraunbr #sustentabilidade #meioambiente",galeria,,,13,8,2,0,3,0,,259,0,259,13,1
Instagram,B Braun,2025,2,21/02/2025 13:00:28,Sexta-Feira,https://www.instagram.com/p/DGVfSIHPTz4,https://storage.googleapis.com/brv-valhalla-datalake-public/images/5e035f12-f592-47e1-85b6-4ec23099daae.jpeg,"Aqui na B. Braun, estamos comprometidos com práticas responsáveis e sustentáveis, alinhando nossas ações com as principais pautas de ESG (ambiental, social e governança). Trabalhamos para construir um futuro mais ético e consciente, impactando positivamente a sociedade e o meio ambiente.

Fique por dentro de todas as nossas iniciativas e saiba mais sobre nosso compromisso no site! Acesse o link na bio 🔗

#esg #bbraunbr #sustentabilidade #meioambiente",carrossel ,950,0,950,48,1,6,0,0,0,2004,0,2004,55,"0,05789473684"
Facebook,B Braun,2025,2,17/02/2025 15:15:59,Segunda-Feira,https://www.facebook.com/reel/995568492490497/,https://storage.googleapis.com/brv-valhalla-datalake-public/images/441c560b-843e-4893-a146-68ca3e0da821.jpeg,"O E-learning da Aesculap Academy já está no ar!

Para marcar esse lançamento, convidamos você para a aula inaugural:
“Paciente portador de obesidade: um desafio para bloqueio guiado por US”, com o Prof. Dr. Paul Kessler, da Universidade de Frankfurt.

Acesse agora o link disponível na bio e explore webinars, aulas e cursos com conteúdos atualizados e relevantes.

#aesculapacademy #elearning #aprendizado",reels,,,55,7,1,0,0,0,,238,0,238,8,"0,1454545455"
Instagram,B Braun,2025,2,17/02/2025 15:15:54,Segunda-Feira,https://www.instagram.com/p/DGLbimdRIJA,https://storage.googleapis.com/brv-valhalla-datalake-public/images/7c07d079-0b7f-4627-9d95-090d464b7f36.mp4,"O E-learning da Aesculap Academy já está no ar!

Para marcar esse lançamento, convidamos você para a aula inaugural:
“Paciente portador de obesidade: um desafio para bloqueio guiado por US”, com o Prof. Dr. Paul Kessler, da Universidade de Frankfurt.

Acesse agora o link disponível na bio e explore webinars, aulas e cursos com conteúdos atualizados e relevantes.

#aesculapacademy #elearning #aprendizado",reels,1117,0,1117,49,1,12,0,4,0,1507,0,1507,66,"0,05908683975"
Facebook,B Braun,2025,2,10/02/2025 13:59:30,Segunda-Feira,https://www.facebook.com/reel/2396554034029938/,https://storage.googleapis.com/brv-valhalla-datalake-public/images/cfb232fc-39e3-469c-ba16-282c4bd7ab79.jpeg,"Ainda não conferiu o primeiro episódio da Educação Conectada?

No YouTube da B. Braun Brasil, você encontra uma aula imperdível com o Dr. Rafael Kallaur, especialista em Quadril pela SBQ, e a Enf. Lulysmar Targino, especialista de Produtos de Ortopedia na B. Braun.

Acesse agora e aprimore seus conhecimentos! 🔗 Link na bio.

#educaçãoconectada #aesculapacademy #bbraunbr",reels,,,41,10,4,2,5,0,,280,0,283,21,"0,512195122"
Instagram,B Braun,2025,2,10/02/2025 13:59:26,Segunda-Feira,https://www.instagram.com/p/DF5RFmvx08_,https://storage.googleapis.com/brv-valhalla-datalake-public/images/37ec21a2-e3cc-4917-8b6f-d856e2c91568.mp4,"Ainda não conferiu o primeiro episódio da Educação Conectada?

No YouTube da B. Braun Brasil, você encontra uma aula imperdível com o Dr. Rafael Kallaur, especialista em Quadril pela SBQ, e a Enf. Lulysmar Targino, especialista de Produtos de Ortopedia na B. Braun.

Acesse agora e aprimore seus conhecimentos! 🔗 Link na bio.

#educaçãoconectada #aesculapacademy #bbraunbr",reels,2535,0,2535,61,4,5,0,2,0,3585,0,3585,72,"0,02840236686"
Facebook,B Braun,2025,2,05/02/2025 21:10:29,Quarta-Feira,https://www.facebook.com/reel/644913524553580/,https://storage.googleapis.com/brv-valhalla-datalake-public/images/65c7868a-7249-4ce3-a07f-7daf8c28ed96.jpeg,"Precisão, inovação e tecnologia na microcirurgia!

O Aesculap Aeos®️ combina assistência robótica e visualização 3D nativa para oferecer imagens de alta resolução e ampliação tridimensional, garantindo mais segurança e controle em procedimentos microcirúrgicos complexos, como neurocirurgias.

Com uma plataforma compacta e um design intuitivo, ele reduz a fadiga do cirurgião e melhora a eficiência no centro cirúrgico. Conheça o microscópio cirúrgico digital que é o futuro da cirurgia!

#aesculapaeos #microscópio #microscópiodigital #exoscópio #cirurgia",reels,,,25,13,2,1,8,0,,257,0,259,24,"0,96"
Instagram,B Braun,2025,2,05/02/2025 21:10:25,Quarta-Feira,https://www.instagram.com/p/DFtKivwxBXQ,https://storage.googleapis.com/brv-valhalla-datalake-public/images/09f9adc2-d1ff-453d-8728-d2508dea90eb.mp4,"Precisão, inovação e tecnologia na microcirurgia!

O Aesculap Aeos®️ combina assistência robótica e visualização 3D nativa para oferecer imagens de alta resolução e ampliação tridimensional, garantindo mais segurança e controle em procedimentos microcirúrgicos complexos, como neurocirurgias.

Com uma plataforma compacta e um design intuitivo, ele reduz a fadiga do cirurgião e melhora a eficiência no centro cirúrgico. Conheça o microscópio cirúrgico digital que é o futuro da cirurgia!

#aesculapaeos #microscópio #microscópiodigital #exoscópio #cirurgia",reels,3370,0,3370,137,2,43,0,3,0,5078,0,5078,185,"0,05489614243"
Facebook,B Braun,2025,2,04/02/2025 19:23:38,Terça-Feira,https://www.facebook.com/1468339928670354/posts/1052320563605628,https://storage.googleapis.com/brv-valhalla-datalake-public/images/1f2f4aec-5950-40a1-a1bf-af7c25960dab.jpeg,"No Dia Mundial de Combate ao Câncer, reforçamos a importância da prevenção e do diagnóstico precoce. Pequenas atitudes podem salvar vidas!

Saiba como a B. Braun contribui para tratamentos mais seguros e eficazes. Acesse o blog e confira! 🔗 Link na bio.

#combateaocancer #bbraunbr",imagem,,,11,12,1,0,2,0,,550,0,550,15,"1,363636364"
Instagram,B Braun,2025,2,04/02/2025 19:23:34,Terça-Feira,https://www.instagram.com/p/DFqZnNaRvKT,https://storage.googleapis.com/brv-valhalla-datalake-public/images/d57b2a43-12d3-4c52-88fe-cb15c57b9668.jpeg,"No Dia Mundial de Combate ao Câncer, reforçamos a importância da prevenção e do diagnóstico precoce. Pequenas atitudes podem salvar vidas!

Saiba como a B. Braun contribui para tratamentos mais seguros e eficazes. Acesse o blog e confira! 🔗 Link na bio.

#combateaocancer #bbraunbr",imagem,1279,0,1279,55,1,6,0,0,0,2040,0,2040,62,"0,04847537138"
Facebook,B Braun,2025,1,29/01/2025 19:59:20,Quarta-Feira,https://www.facebook.com/reel/9292181260825594/,https://storage.googleapis.com/brv-valhalla-datalake-public/images/eb160609-cce4-4620-8cb3-b8e3b3755627.jpeg,"Chegou a Educação Conectada, a nova modalidade de aprendizagem da Aesculap Academy! E para abrir essa jornada de conhecimento, o primeiro episódio traz um tema essencial: Abordagens Inovadoras no Tratamento de Artroplastia Total de Quadril.

Com a participação do Dr. Rafael Kallaur - Especialista em Quadril pela Sociedade Brasileira de Quadril - SBQ e da Enf. Lulysmar Targino - Especialista de Produtos de Ortopedia na B. Braun, vamos explorar técnicas e avanços que fazem a diferença na prática clínica.

🔹Acesse agora o YouTube da B. Braun e conecte-se com o conhecimento.

#educacaoconectada #aesculapacademy #bbraunbr",reels,,,51,10,3,1,3,0,,344,0,346,17,"0,3333333333"
Instagram,B Braun,2025,1,29/01/2025 19:59:15,Quarta-Feira,https://www.instagram.com/p/DFbATKSRdeu,https://storage.googleapis.com/brv-valhalla-datalake-public/images/22e27373-5396-4906-a250-fbd1384bdd69.mp4,"Chegou a Educação Conectada, a nova modalidade de aprendizagem da Aesculap Academy! E para abrir essa jornada de conhecimento, o primeiro episódio traz um tema essencial: Abordagens Inovadoras no Tratamento de Artroplastia Total de Quadril.

Com a participação do Dr. Rafael Kallaur - Especialista em Quadril pela Sociedade Brasileira de Quadril - SBQ e da Enf. Lulysmar Targino - Especialista de Produtos de Ortopedia na B. Braun, vamos explorar técnicas e avanços que fazem a diferença na prática clínica.

🔹Acesse agora o YouTube da B. Braun Brasil ou link disponível na nossa bio e conecte-se com o conhecimento.

#educacaoconectada #aesculapacademy #bbraunbr",reels,3140,0,3140,114,15,15,0,2,0,4502,0,4502,146,"0,04649681529"
Instagram,B Braun,2025,1,27/01/2025 20:39:33,Segunda-Feira,https://www.instagram.com/p/DFV78oqS4-5,https://storage.googleapis.com/brv-valhalla-datalake-public/images/6b3724e9-e440-4356-ba3c-7d51b67088c1.jpeg,"O SeQuent® Please NEO é um cateter Balão Farmacológico coronário 100% livre de polímeros, projetado para tratar estenoses de artérias coronárias deixando nada para trás.

Com a exclusiva PACCOCATH-Technology®, o fármaco é estrategicamente depositado nas dobras do Balão, sendo liberado apenas no momento de sua insuflação e garantindo maior aproveitamento da droga durante o procedimento.

Além disso, é o DCB mais estudado do mercado, com +110 estudos publicados, +25.000 pacientes documentados e +20 países envolvidos.

Segurança, eficácia e performance comprovadas em cada dado.

Acesse o link na bio e conheça mais sobre essa solução da B. Braun.

#BBraunbr #SeQuentPleaseNEO #BalãoFarmacológico",carrossel ,773,0,773,38,1,1,0,1,0,1618,0,1618,41,"0,05304010349"
Facebook,B Braun,2025,1,27/01/2025 20:39:29,Segunda-Feira,https://www.facebook.com/1468339928670354/posts/1046705257500492,https://storage.googleapis.com/brv-valhalla-datalake-public/images/ccbeca3a-87d8-43d8-adee-1c40a7559913.jpeg,"O SeQuent® Please NEO é um cateter Balão Farmacológico coronário 100% livre de polímeros, projetado para tratar estenoses de artérias coronárias deixando nada para trás.

Com a exclusiva PACCOCATH-Technology®, o fármaco é estrategicamente depositado nas dobras do Balão, sendo liberado apenas no momento de sua insuflação e garantindo maior aproveitamento da droga durante o procedimento.

Além disso, é o DCB mais estudado do mercado, com +110 estudos publicados, +25.000 pacientes documentados e +20 países envolvidos.

Segurança, eficácia e performance comprovadas em cada dado.

Acesse o link na bio e conheça mais sobre essa solução da B. Braun.

#BBraunbr #SeQuentPleaseNEO #BalãoFarmacológico",galeria,,,11,8,1,2,4,0,,538,0,538,15,"1,363636364"
Facebook,B Braun,2025,1,25/01/2025 12:19:55,Sábado,https://www.facebook.com/1468339928670354/posts/1044934031010948,https://storage.googleapis.com/brv-valhalla-datalake-public/images/8aa566b8-9ec5-4a53-a73f-7e1f02bc5f58.jpeg,"Hoje é o dia de celebrar esses profissionais essenciais, que garantem segurança e eficácia em tratamentos com acessos vasculares. Com muita dedicação, eles asseguram cuidados fundamentais, desde a inserção até a manutenção de dispositivos, prevenindo complicações e otimizando a saúde de cada paciente.

#terapiaintravenosa #saúde",galeria,,,14,33,3,7,60,0,,1891,0,1891,103,"7,357142857"
Instagram,B Braun,2025,1,25/01/2025 12:19:51,Sábado,https://www.instagram.com/p/DFP5K_vxC9D,https://storage.googleapis.com/brv-valhalla-datalake-public/images/b05d872c-8f64-440d-a064-f3ce7f4317ed.jpeg,"Hoje é o dia de celebrar esses profissionais essenciais, que garantem segurança e eficácia em tratamentos com acessos vasculares. Com muita dedicação, eles asseguram cuidados fundamentais, desde a inserção até a manutenção de dispositivos, prevenindo complicações e otimizando a saúde de cada paciente.

#terapiaintravenosa #saúde",carrossel ,3521,0,3521,90,1,23,0,7,0,5158,0,5158,121,"0,03436523715"
Facebook,B Braun,2025,1,24/01/2025 20:32:47,Sexta-Feira,https://www.facebook.com/reel/959983182749003/,https://storage.googleapis.com/brv-valhalla-datalake-public/images/89ba9d84-3ddc-48dd-b056-f2e5c1626409.jpeg,"Prepare-se! A Educação Conectada da Aesculap Academy está chegando!

Um novo modelo de aula feito para você, com especialistas renomados abordando temas essenciais de saúde.

Fique de olho nas nossas redes e acompanhe tudo para não perder nenhuma novidade!

#EducaçãoConectada #AesculapAcademy",reels,,,19,16,2,2,6,0,,334,0,334,26,"1,368421053"
Instagram,B Braun,2025,1,24/01/2025 20:32:42,Sexta-Feira,https://www.instagram.com/p/DFOMt7aRJuQ,https://storage.googleapis.com/brv-valhalla-datalake-public/images/5bf0dc63-dafa-4886-8b0c-9a5e02dfa871.mp4,"Prepare-se! A Educação Conectada da Aesculap Academy está chegando!

Um novo modelo de aula feito para você, com especialistas renomados abordando temas essenciais de saúde.

Fique de olho nas nossas redes e acompanhe tudo para não perder nenhuma novidade!

#EducaçãoConectada #AesculapAcademy",reels,1593,0,1593,115,14,7,0,1,0,2360,0,2360,137,"0,08600125549"
Facebook,B Braun,2025,1,22/01/2025 19:43:19,Quarta-Feira,https://www.facebook.com/reel/909926724458433/,https://storage.googleapis.com/brv-valhalla-datalake-public/images/04f48363-2746-405a-97e9-8f0243aae879.jpeg,"Na B. Braun, estamos sempre atentos às suas necessidades!

Nosso compromisso é otimizar cada detalhe para oferecer a melhor experiência possível. Em 2024, conquistamos um crescimento de 18% na nossa Nota de Pesquisa de Satisfação, resultado de uma parceria forte com você, que nos inspira a continuar inovando e cuidando com excelência.

Seguiremos juntos, com dedicação, para melhorar cada vez mais!

#compromisso #satisfação",reels,,,79,24,3,3,24,0,,596,0,598,54,"0,6835443038"
Instagram,B Braun,2025,1,22/01/2025 19:43:15,Quarta-Feira,https://www.instagram.com/p/DFI9MMlRdJp,https://storage.googleapis.com/brv-valhalla-datalake-public/images/8897c3f6-a98d-4885-9187-93b7e05a8560.mp4,"Na B. Braun, estamos sempre atentos às suas necessidades!

Nosso compromisso é otimizar cada detalhe para oferecer a melhor experiência possível. Em 2024, conquistamos um crescimento de 18% na nossa Nota de Pesquisa de Satisfação, resultado de uma parceria forte com você, que nos inspira a continuar inovando e cuidando com excelência.

Seguiremos juntos, com dedicação, para melhorar cada vez mais!

#compromisso #satisfação",reels,3601,0,3601,307,31,54,0,7,0,6251,0,6251,399,"0,1108025548"
Facebook,B Braun,2025,1,20/01/2025 12:08:19,Segunda-Feira,https://www.facebook.com/1468339928670354/posts/1041340324703652,https://storage.googleapis.com/brv-valhalla-datalake-public/images/dbb85419-c610-4653-a652-1976c58d5269.jpeg,"Na B. Braun, o papel dos farmacêuticos vai muito além do que se imagina. Eles atuam na pesquisa e no desenvolvimento de produtos que salvam vidas, garantindo que cada item atenda aos mais altos padrões de qualidade.

Desde a formulação de medicamentos até o desenvolvimento de dispositivos médicos e sistemas de infusão, esses profissionais transformam ciência em cuidados reais, oferecendo soluções seguras e eficazes para os desafios da saúde moderna.

Cada detalhe é pensado com precisão para que, ao chegar aos pacientes, os produtos já tenham passado por um rigoroso processo de desenvolvimento. É essa dedicação que faz a diferença em cada tratamento.

Parabenizamos todos os farmacêuticos por sua dedicação e contribuição incansável para a saúde e o bem-estar de todos. 👏

#diadofarmacêutico #farmácia #bbraunbr",galeria,,,11,36,3,2,32,0,,1444,0,1444,73,"6,636363636"
Instagram,B Braun,2025,1,20/01/2025 12:08:15,Segunda-Feira,https://www.instagram.com/p/DFC_3soxFDx,https://storage.googleapis.com/brv-valhalla-datalake-public/images/2e9febce-ce9e-4f87-9abb-3d661450fa82.jpeg,"Na B. Braun, o papel dos farmacêuticos vai muito além do que se imagina. Eles atuam na pesquisa e no desenvolvimento de produtos que salvam vidas, garantindo que cada item atenda aos mais altos padrões de qualidade.

Desde a formulação de medicamentos até o desenvolvimento de dispositivos médicos e sistemas de infusão, esses profissionais transformam ciência em cuidados reais, oferecendo soluções seguras e eficazes para os desafios da saúde moderna.

Cada detalhe é pensado com precisão para que, ao chegar aos pacientes, os produtos já tenham passado por um rigoroso processo de desenvolvimento. É essa dedicação que faz a diferença em cada tratamento.

Parabenizamos todos os farmacêuticos por sua dedicação e contribuição incansável para a saúde e o bem-estar de todos. 👏

#diadofarmacêutico #farmácia #bbraunbr",carrossel ,3566,0,3566,113,2,26,0,1,0,5115,0,5115,142,"0,0398205272"
Instagram,B Braun,2025,1,13/01/2025 20:11:08,Segunda-Feira,https://www.instagram.com/p/DEx1kPMSCzh,https://storage.googleapis.com/brv-valhalla-datalake-public/images/f2466146-8a85-406a-8841-1d6df587da24.jpeg,"Quer aproveitar o verão com mais saúde? Trouxemos as melhores dicas para você curtir a estação!

Desde a hidratação até a alimentação e o cuidado com a pele, reunimos tudo o que você precisa saber para se sentir bem nos dias quentes.

Acesse o link na bio e leia o artigo completo no nosso blog!

#verão #bemestar #saúde",imagem,717,0,717,32,2,2,0,0,0,1369,0,1369,36,"0,05020920502"
Facebook,B Braun,2025,1,13/01/2025 20:11:06,Segunda-Feira,https://www.facebook.com/1468339928670354/posts/1036549395182745,https://storage.googleapis.com/brv-valhalla-datalake-public/images/4fc7c50b-157e-42ff-bb55-e2ff9b4d39c1.jpeg,"Quer aproveitar o verão com mais saúde? Trouxemos as melhores dicas para você curtir a estação!

Desde a hidratação até a alimentação e o cuidado com a pele, reunimos tudo o que você precisa saber para se sentir bem nos dias quentes.

Acesse o link na bio e leia o artigo completo no nosso blog!

#verão #bemestar #saúde",imagem,,,10,10,1,0,3,0,,1013,0,1013,14,"1,4"
Facebook,B Braun,2025,1,08/01/2025 13:00:25,Quarta-Feira,https://www.facebook.com/1468339928670354/posts/1032864485551236,https://storage.googleapis.com/brv-valhalla-datalake-public/images/53f5058e-57c7-4235-a4fc-a8e0bf54b632.jpeg,"O SeQuent® Please Neo é a geração de balões revestidos com medicamentos (DCBs) para angioplastia coronária. Desenvolvido com tecnologia de revestimento de paclitaxel/iopromida livre de polímeros, oferece entrega precisa do fármaco, garantindo um desempenho superior em lesões complexas e em cateterismos.

Seu design proporciona:
*Melhor rastreamento e acesso a lesões em anatomias complexas;
*Perfil ultrafino e flexível para maior segurança e eficácia;
*Redução do impacto no vaso, promovendo resultados sustentáveis.

Uma solução confiável para cardiologistas que buscam excelência em cada procedimento. Descubra mais sobre essa inovação e como ela eleva os padrões na angioplastia.

#saúde #cardiologia #balãocoronário",imagem,,,11,14,2,3,5,0,,967,0,967,24,"2,181818182"
Instagram,B Braun,2025,1,08/01/2025 13:00:21,Quarta-Feira,https://www.instagram.com/p/DEkMSmICDkx,https://storage.googleapis.com/brv-valhalla-datalake-public/images/3b7f17de-6b14-4de0-ae50-6d41f521be59.jpeg,"O SeQuent® Please NEO é a nova geração de Balões Farmacológicos para angioplastia coronária da B. Braun. Desenvolvido com a exclusiva PACCOCATH-Technology®, este Balão combina Paclitaxel (fármaco) e Iopromida (excipiente) e é 100% livre de polímeros, garantindo desempenho superior em lesões complexas.

Seu design proporciona:
*Melhor rastreamento e acesso a lesões em anatomias complexas;
*Perfil ultrafino e flexível para melhor navegabilidade;
*Redução do impacto no vaso, promovendo resultados sustentáveis.

Uma solução confiável para cardiologistas intervencionistas que buscam excelência em cada procedimento. Descubra mais sobre essa solução e como ela eleva os padrões na angioplastia.

Quer saber mais? Acesse o link disponível na bio.

#saúde #cardiologia #balãocoronário",imagem,1301,0,1301,61,0,2,0,1,0,2063,0,2063,64,"0,04919292852"
Facebook,B Braun,2025,1,07/01/2025 21:07:53,Terça-Feira,https://www.facebook.com/1468339928670354/posts/1032460432258308,https://storage.googleapis.com/brv-valhalla-datalake-public/images/39777960-cc5e-4819-843a-2e18c02e389a.jpeg,"Nossa colaboradora Elaine Ferreira Lasaponari conquistou o 1º lugar na categoria “Destaque Estudo Científico” da SOBECC 2024, um dos eventos mais importantes para Centrais de Materiais e Esterilização (CME) e Centros Cirúrgicos.

Junto às Enfermeiras Mônica Senra e Fernanda Patrícia dos Santos do Hospital Santa Catarina Paulista, Elaine foi reconhecida pelo estudo “Comparação de métodos de embalagens rígidas versus descartáveis: economia e sustentabilidade”, que reforça a importância e os reais benefícios da tecnologia na contribuição da sustentabilidade no setor da saúde.

Parabenizamos Elaine por sua iniciativa à pesquisa científica e por impulsionar a prática dos nossos serviços.

#Sustentabilidade #Inovação #Ciência #SOBECC2024",galeria,,,12,54,4,0,224,0,,3885,0,3885,282,"23,5"
Instagram,B Braun,2025,1,07/01/2025 21:07:49,Terça-Feira,https://www.instagram.com/p/DEifSL4RZC9,https://storage.googleapis.com/brv-valhalla-datalake-public/images/5561dbee-bb87-4ff3-9e6a-41d105f6d012.jpeg,"Nossa colaboradora Elaine Ferreira Lasaponari conquistou o 1º lugar na categoria “Destaque Estudo Científico” da SOBECC 2024, um dos eventos mais importantes para Centrais de Materiais e Esterilização (CME) e Centros Cirúrgicos.

Junto às Enfermeiras Mônica Senra e Fernanda Patrícia dos Santos do Hospital Santa Catarina Paulista, Elaine foi reconhecida pelo estudo “Comparação de métodos de embalagens rígidas versus descartáveis: economia e sustentabilidade”, que reforça a importância e os reais benefícios da tecnologia na contribuição da sustentabilidade no setor da saúde.

Parabenizamos Elaine por sua iniciativa à pesquisa científica e por impulsionar a prática dos nossos serviços.

#Sustentabilidade #Inovação #Ciência #SOBECC2024",carrossel ,2645,0,2645,263,10,3,0,4,0,4839,0,4839,280,"0,1058601134"
Facebook,B Braun,2025,1,06/01/2025 13:10:12,Segunda-Feira,https://www.facebook.com/reel/1124887156091982/,https://storage.googleapis.com/brv-valhalla-datalake-public/images/099c1a64-4665-4a3d-b5d6-2e2906928163.jpeg,"Nossa Gerente de Contas Corporativas, Leticia Bonfadini, compartilhou sua trajetória na B. Braun, marcada por muito aprendizado e crescimento profissional.

Ela também falou sobre como equilibra a rotina de trabalho com a maternidade, um desafio que exige dedicação e organização.

Sua história é uma inspiração de compromisso e paixão pelo que faz! 💚💜

#orgulho #bbraunbr",reels,,,37,20,2,2,12,0,,490,0,491,36,"0,972972973"
Instagram,B Braun,2025,1,06/01/2025 13:10:08,Segunda-Feira,https://www.instagram.com/p/DEfDsabR1Pn,https://storage.googleapis.com/brv-valhalla-datalake-public/images/77fcba07-6675-4647-9f66-c327e30e7b01.mp4,"Nossa Gerente de Contas Corporativas, Leticia Bonfadini, compartilhou sua trajetória na B. Braun, marcada por muito aprendizado e crescimento profissional.

Ela também falou sobre como equilibra a rotina de trabalho com a maternidade, um desafio que exige dedicação e organização.

Sua história é uma inspiração de compromisso e paixão pelo que faz! 💚💜

#orgulho #bbraunbr",reels,2689,0,2689,259,33,12,0,3,0,4786,0,4786,307,"0,114168836"
Instagram,B Braun,2025,1,03/01/2025 13:00:32,Sexta-Feira,https://www.instagram.com/p/DEXUVuJt7ZW,https://storage.googleapis.com/brv-valhalla-datalake-public/images/ab48a538-d293-41c1-892c-b565cf17365d.jpeg,"SeQuent® Please NEO: solução com eficácia comprovada.

✔️ 100% livre de polímeros, deixando nada para trás.
✔️ Tratamento sem implantes e apenas 1 mês de DAPT.
✔️ Comprovado em +110 estudos clínicos.
✔️ Recomendação de classe 1A pela Sociedade Europeia de Cardiologia (ESC) para DCB em Reestenose Intra-Stent.

A nova geração de DCB para a saúde do coração. Acesse o link na bio e saiba mais!

#cardiologia #balãocoronário #saúde",imagem,2090,0,2090,32,3,1,0,1,0,3177,0,3177,37,"0,01770334928"
Facebook,B Braun,2025,1,03/01/2025 13:00:30,Sexta-Feira,https://www.facebook.com/1468339928670354/posts/1029525719218446,https://storage.googleapis.com/brv-valhalla-datalake-public/images/5979c94c-e474-4ead-b8df-00776fd32287.jpeg,"SeQuent® Please NEO: solução com eficácia comprovada.

✔️ 100% livre de polímeros, deixando nada para trás.
✔️ Tratamento sem implantes e apenas 1 mês de DAPT.
✔️ Comprovado em +110 estudos clínicos.
✔️ Recomendação de classe 1A pela Sociedade Europeia de Cardiologia (ESC) para DCB em Reestenose Intra-Stent.

A nova geração de DCB para a saúde do coração. Acesse o link na bio e saiba mais!

#cardiologia #balãocoronário #saúde",imagem,,,11,12,1,1,3,0,,722,0,722,17,"1,545454545"
Instagram,B Braun,2024,12,31/12/2024 13:01:06,Terça-Feira,https://www.instagram.com/p/DEPl90eM5O5,https://storage.googleapis.com/brv-valhalla-datalake-public/images/04fdc0fc-eed0-4409-8c91-9ac53ae75b4d.mp4,"Chegamos ao fim de mais um capítulo incrível da nossa jornada. Neste último semestre de 2024, celebramos conquistas marcantes, fortalecemos parcerias e compartilhamos conhecimento que transforma vidas.

Agora, olhamos para 2025 com o mesmo entusiasmo, prontos para continuar construindo um futuro ainda mais inovador e conectado à saúde.

Que venha um novo ano cheio de desafios e realizações. Vamos juntos transformar o amanhã? 🌟

#retrospectiva #anonovo #felizanonovo #sharingexpertise",reels,2025,0,2025,158,3,5,0,1,0,3167,0,3167,167,"0,0824691358"
Facebook,B Braun,2024,12,31/12/2024 13:00:48,Terça-Feira,https://www.facebook.com/reel/932750305494317/,https://storage.googleapis.com/brv-valhalla-datalake-public/images/c7376c8d-0ff9-4d62-8e91-c349eeb71180.jpeg,"Chegamos ao fim de mais um capítulo incrível da nossa jornada. Neste último semestre de 2024, celebramos conquistas marcantes, fortalecemos parcerias e compartilhamos conhecimento que transforma vidas.

Agora, olhamos para 2025 com o mesmo entusiasmo, prontos para continuar construindo um futuro ainda mais inovador e conectado à saúde.

Que venha um novo ano cheio de desafios e realizações. Vamos juntos transformar o amanhã? 🌟

#retrospectiva #anonovo #felizanonovo #sharingexpertise",reels,,,38,26,1,3,15,0,,536,0,539,45,"1,184210526"
Instagram,B Braun,2024,12,27/12/2024 15:01:25,Sexta-Feira,https://www.instagram.com/p/DEFgjFSCzo3,https://storage.googleapis.com/brv-valhalla-datalake-public/images/20860965-a155-4ca9-b89f-294571aff78c.mp4,"Quando o assunto é CME, sustentabilidade e eficiência caminham juntas. Os Containers Aesculap foram desenvolvidos para ser um investimento duradouro, substituindo materiais descartáveis e garantindo um desempenho superior para a sua CME.

Com ele, você otimiza o tempo de preparo, reduz o descarte de lixo hospitalar, melhora o armazenamento e diminui a necessidade de reesterilização.

Mais do que um produto, nossos containers são uma solução completa para unir praticidade, eficiência e sustentabilidade.

#sharingexpertise #cme #cme360 #aicon #container",reels,1069,0,1069,43,2,3,0,1,0,1337,0,1337,49,"0,04583723106"
Facebook,B Braun,2024,12,27/12/2024 15:00:41,Sexta-Feira,https://www.facebook.com/reel/1481958436526041/,https://storage.googleapis.com/brv-valhalla-datalake-public/images/6a0454eb-cdad-4b62-9364-f2239579614c.jpeg,"Quando o assunto é CME, sustentabilidade e eficiência caminham juntas. Os Containers Aesculap foram desenvolvidos para ser um investimento duradouro, substituindo materiais descartáveis e garantindo um desempenho superior para a sua CME.

Com ele, você otimiza o tempo de preparo, reduz o descarte de lixo hospitalar, melhora o armazenamento e diminui a necessidade de reesterilização.

Mais do que um produto, nossos containers são uma solução completa para unir praticidade, eficiência e sustentabilidade.

#sharingexpertise #cme #cme360 #aicon #container",reels,,,69,12,4,0,1,0,,386,0,386,17,"0,2463768116"
Instagram,B Braun,2024,12,26/12/2024 14:00:23,Quinta-Feira,https://www.instagram.com/p/DEC01GrN--i,https://storage.googleapis.com/brv-valhalla-datalake-public/images/84c6af12-c226-4b7b-9085-00b466153b7a.jpeg,"Líder mundial em evidências clínicas.

O SeQuent®️ Please NEO, Balão Farmacológico da B. Braun, é referência global como solução para intervenções coronárias percutâneas (ICPs). Com +110 estudos publicados e dados de +25.000 pacientes em +20 países, ele comprova sua eficácia, segurança e desempenho.

Um produto que combina Paclitaxel (fármaco) e Iopromida (excipiente), oferecendo uma solução segura e cuidadosa para o coração.

Quer saber mais? Acesse o link disponível na bio.

#BBraun #BBraunbr #SeQuentPleaseNEO #BalãoFarmacológico",imagem,2427,0,2427,35,0,2,0,0,0,3617,0,3617,37,"0,01524515863"
Facebook,B Braun,2024,12,26/12/2024 14:00:22,Quinta-Feira,https://www.facebook.com/1468339928670354/posts/1023973056440379,https://storage.googleapis.com/brv-valhalla-datalake-public/images/e608cafc-8468-4666-a4fd-5dde0bb8f5b6.jpeg,"Líder em evidências clínicas no mundo todo.

O SeQuent Please NEO, balão farmacológico da B. Braun, é referência global em intervenções coronárias percutâneas (ICP).

Com mais de 110 estudos publicados e dados de mais de 25.000 pacientes em mais de 20 países, ele comprova sua eficácia, segurança e desempenho.

Uma inovação revestida com Paclitaxel, que transforma a abordagem no cuidado com o coração.

Quer saber mais? Acesse o link disponível na Bio.

#BBraun #BBraunbr #SeQuentPleaseNEO #BalãoFarmacológico",imagem,,,9,9,1,0,4,0,,679,0,679,14,"1,555555556"
Instagram,B Braun,2024,12,23/12/2024 20:16:15,Segunda-Feira,https://www.instagram.com/p/DD7xYbqKbVa,https://storage.googleapis.com/brv-valhalla-datalake-public/images/f49e8394-9afa-455e-8374-054990b83e24.mp4,"2024 foi um ano de muitas conquistas e aprendizados aqui na B. Braun! Nosso time compartilhou momentos especiais e suas expectativas para 2025: mais prosperidade, amor e saúde!

Que as festas sejam cheias de alegria e renovação!🎄✨

#BoasFestas #FamíliaBBraun #2025",reels,4645,0,4645,364,22,81,0,8,0,8247,0,8247,475,"0,1022604952"
Facebook,B Braun,2024,12,23/12/2024 20:15:22,Segunda-Feira,https://www.facebook.com/reel/8826400574082052/,https://storage.googleapis.com/brv-valhalla-datalake-public/images/a7207b1e-8d0c-4081-887c-d62378813e88.jpeg,"2024 foi um ano de muitas conquistas e aprendizados aqui na B. Braun! Nosso time compartilhou momentos especiais e suas expectativas para 2025: mais prosperidade, amor e saúde!

Que as festas sejam cheias de alegria e renovação!🎄✨

#BoasFestas #FamíliaBBraun #2025",reels,,,70,31,2,6,39,0,,732,0,733,78,"1,114285714"
Instagram,B Braun,2024,12,20/12/2024 18:39:56,Sexta-Feira,https://www.instagram.com/p/DDz4DTkvIcV,https://storage.googleapis.com/brv-valhalla-datalake-public/images/d48dc0a8-a60b-4d11-bd2e-3d09182372c8.jpeg,"Quando o assunto é CME, sustentabilidade e eficiência caminham juntas. O Container Aicon® foi desenvolvido para ser um investimento duradouro, substituindo materiais descartáveis e garantindo um desempenho superior para a sua CME.

Com ele, você otimiza o tempo de preparo, reduz o descarte de lixo hospitalar, melhora o armazenamento e diminui a necessidade de reesterilização.

Mais do que um produto, o Container Aicon® é uma solução completa para unir praticidade, eficiência e sustentabilidade.

#sharingexpertise #cme #cme360 #aicon #container",carrossel ,1823,0,1823,77,0,8,0,4,0,3540,0,3540,89,"0,04882062534"
Facebook,B Braun,2024,12,20/12/2024 18:39:53,Sexta-Feira,https://www.facebook.com/1468339928670354/posts/1019753126862372,https://storage.googleapis.com/brv-valhalla-datalake-public/images/3e04b278-855f-4879-81e3-fda9a6d37f25.jpeg,"Quando o assunto é CME, sustentabilidade e eficiência caminham juntas. O Container Aicon® foi desenvolvido para ser um investimento duradouro, substituindo materiais descartáveis e garantindo um desempenho superior para a sua CME.

Com ele, você otimiza o tempo de preparo, reduz o descarte de lixo hospitalar, melhora o armazenamento e diminui a necessidade de reesterilização.

Mais do que um produto, o Container Aicon® é uma solução completa para unir praticidade, eficiência e sustentabilidade.

#sharingexpertise #cme #cme360 #aicon #container",galeria,,,8,17,2,2,12,0,,1099,0,1099,33,"4,125"
Facebook,B Braun,2024,12,19/12/2024 15:25:27,Quinta-Feira,https://www.facebook.com/reel/1634190174165148/,https://storage.googleapis.com/brv-valhalla-datalake-public/images/083ade88-a168-435c-bc60-c3297dba843f.jpeg,"O segundo trimestre foi especial para a B. Braun, com conquistas que reforçam nossa relevância em saúde, inovação e cuidado com as pessoas. Estivemos presentes em grandes eventos do setor, promovemos discussões importantes e compartilhamos histórias reais que inspiram e conectam.

Cada ação reflete nosso compromisso em transformar vidas e construir, junto com você, um futuro ainda mais significativo. Confira os momentos que marcaram essa etapa da nossa trajetória!

#retrospectiva #inovação #conexão",reels,,,50,23,3,4,22,0,,510,0,510,52,"1,04"
Instagram,B Braun,2024,12,19/12/2024 15:25:22,Quinta-Feira,https://www.instagram.com/p/DDw8fTfRWbm,https://storage.googleapis.com/brv-valhalla-datalake-public/images/0ae61658-baf3-4b9d-966b-8be6eebb15c4.mp4,"O segundo trimestre foi especial para a B. Braun, com conquistas que reforçam nossa relevância em saúde, inovação e cuidado com as pessoas. Estivemos presentes em grandes eventos do setor, promovemos discussões importantes e compartilhamos histórias reais que inspiram e conectam.

Cada ação reflete nosso compromisso em transformar vidas e construir, junto com você, um futuro ainda mais significativo. Confira os momentos que marcaram essa etapa da nossa trajetória!

#retrospectiva #inovação #conexão",reels,2761,0,2761,196,2,11,0,3,0,4537,0,4537,212,"0,07678377399"
Facebook,B Braun,2024,12,16/12/2024 19:08:11,Segunda-Feira,https://www.facebook.com/reel/1252053526014260/,https://storage.googleapis.com/brv-valhalla-datalake-public/images/a79a10f3-2ddd-42d1-9da7-0e004fd31288.jpeg,"A Thamyres tem uma história emocionante no Craque do Amanhã. Depois de anos como aluna do projeto, ela agora retorna como professora, unindo sua paixão pela educação com a experiência de quem já viveu essa jornada.

Hoje, estudante de pedagogia, Thamyres mostra como o esporte e a educação podem transformar vidas. Confira o depoimento dela! 💚

#craquedoamanha #educação #esporte",reels,,,55,29,5,5,39,0,,861,0,863,78,"1,418181818"
Instagram,B Braun,2024,12,16/12/2024 19:08:08,Segunda-Feira,https://www.instagram.com/p/DDpn_B2RU_S,https://storage.googleapis.com/brv-valhalla-datalake-public/images/194eca34-9358-4c38-bec2-c54f5f019317.mp4,"A Thamyres tem uma história emocionante no Craque do Amanhã. Depois de anos como aluna do projeto, ela agora retorna como professora, unindo sua paixão pela educação com a experiência de quem já viveu essa jornada.

Hoje, estudante de pedagogia, Thamyres mostra como o esporte e a educação podem transformar vidas. Confira o depoimento dela! 💚

#craquedoamanha #educação #esporte",reels,3648,0,3648,226,55,19,0,6,0,5045,0,5045,306,"0,08388157895"
Facebook,B Braun,2024,12,12/12/2024 17:20:39,Quinta-Feira,https://www.facebook.com/reel/9013751902001777/,https://storage.googleapis.com/brv-valhalla-datalake-public/images/4e30ce88-edce-4610-8102-ed66142f485c.jpeg,"Hoje é dia de #TBT por aqui 🤍 
A B. Braun e a Aesculap Academy promoveram um workshop sobre tecnologia e inovação na segurança do paciente, destacando a importância da diversidade e inclusão nas organizações.

O evento trouxe reflexões sobre saúde, identidade e como a inclusão pode transformar o ambiente de trabalho e o cuidado com o paciente.

Seguimos comprometidos em construir um futuro mais igualitário para todos.

#inclusão #diversidade #saúde",reels,,,59,15,2,2,5,0,,409,0,410,24,"0,406779661"
Instagram,B Braun,2024,12,12/12/2024 17:20:36,Quinta-Feira,https://www.instagram.com/p/DDfIhfdRYyg,https://storage.googleapis.com/brv-valhalla-datalake-public/images/47cec692-e0c6-4f9a-84ff-b5d311c20f8c.mp4,"Hoje é dia de #TBT por aqui 🤍 
A B. Braun e a Aesculap Academy promoveram um workshop sobre tecnologia e inovação na segurança do paciente, destacando a importância da diversidade e inclusão nas organizações.

O evento trouxe reflexões sobre saúde, identidade e como a inclusão pode transformar o ambiente de trabalho e o cuidado com o paciente.

Seguimos comprometidos em construir um futuro mais igualitário para todos.

#inclusão #diversidade #saúde",reels,1915,0,1915,117,7,8,0,1,0,2793,0,2793,133,"0,06945169713"
Facebook,B Braun,2024,12,10/12/2024 20:43:51,Terça-Feira,https://www.facebook.com/reel/562663516659513/,https://storage.googleapis.com/brv-valhalla-datalake-public/images/2b42263a-d348-4659-9361-d6bf32227c56.jpeg,"Nosso primeiro trimestre foi repleto de realizações que destacam nosso compromisso com a inovação e a excelência. Cada passo reflete nosso propósito de transformar vidas, promovendo saúde e sustentabilidade.

Acompanhe nossa retrospectiva e reviva os momentos que marcaram o início deste ano. Juntos, seguimos construindo um futuro ainda mais inspirador!

#bbraun #bbraunbr #sharingexpertise #retrospectiva",reels,,,51,39,3,4,52,0,,728,0,734,98,"1,921568627"
Instagram,B Braun,2024,12,10/12/2024 20:43:47,Terça-Feira,https://www.instagram.com/p/DDaWIL4xLWo,https://storage.googleapis.com/brv-valhalla-datalake-public/images/ed14f2f3-3562-4864-9ce4-e66c8973eee0.mp4,"Nosso primeiro trimestre foi repleto de realizações que destacam nosso compromisso com a inovação e a excelência. Cada passo reflete nosso propósito de transformar vidas, promovendo saúde e sustentabilidade.

Acompanhe nossa retrospectiva e reviva os momentos que marcaram o início deste ano. Juntos, seguimos construindo um futuro ainda mais inspirador!",reels,3094,0,3094,283,8,18,0,6,0,5079,0,5079,315,"0,1018099548"
Instagram,B Braun,2024,12,04/12/2024 21:23:59,Quarta-Feira,https://www.instagram.com/p/DDK-G5OSmhN,https://storage.googleapis.com/brv-valhalla-datalake-public/images/750a8a32-f3fd-4661-affe-1684292a92bb.jpeg,"Você sabia que a B. Braun tem um projeto de reutilização de água que já economizou mais de 145 milhões de litros nos últimos 5 anos? Isso representa 27% do nosso consumo total. 🌱

Com soluções inovadoras e sustentáveis, transformamos a gestão da água em um dos nossos maiores compromissos globais. Afinal, cuidar dos recursos naturais é essencial para construir um futuro mais responsável. 🌍💚

#bbraun #bbraunbr #Sustentabilidade #reutilizaçãodaágua",carrossel ,1388,0,1388,75,3,1,0,2,0,2543,0,2543,81,"0,0583573487"
Facebook,B Braun,2024,12,04/12/2024 21:23:54,Quarta-Feira,https://www.facebook.com/1468339928670354/posts/1008711061299912,https://storage.googleapis.com/brv-valhalla-datalake-public/images/9422a600-5e54-4995-9922-48f629907e6e.jpeg,"Você sabia que a B. Braun tem um projeto de reutilização de água que já economizou mais de 145 milhões de litros nos últimos 5 anos? Isso representa 27% do nosso consumo total. 🌱

Com soluções inovadoras e sustentáveis, transformamos a gestão da água em um dos nossos maiores compromissos globais. Afinal, cuidar dos recursos naturais é essencial para construir um futuro mais responsável. 🌍💚

#bbraun #bbraunbr #Sustentabilidade #reutilizaçãodaágua",galeria,,,11,9,0,1,9,0,,734,0,734,19,"1,727272727"
Facebook,B Braun,2024,12,02/12/2024 14:11:39,Segunda-Feira,https://www.facebook.com/reel/1089308635933697/,https://storage.googleapis.com/brv-valhalla-datalake-public/images/bb7828b8-4a62-4c04-838b-5730b2272d6a.jpeg,"Já são 27 anos de dedicação e crescimento na B. Braun!

O Renato começou sua jornada como estagiário e hoje ocupa o cargo de Gerente de Produto em Ortopedia, mostrando que determinação e talento abrem portas para grandes conquistas.

Sua trajetória é motivo de orgulho e inspiração para todos nós. Agradecemos pela sua parceria e por fazer parte da construção de um futuro cada vez mais inovador na saúde. Vamos juntos continuar essa história de sucesso! 💚

#bbraun #bbraunbr #minhahistórianabbraun #orgulho #fazerparte #sharingexpertise",reels,,,59,25,2,0,13,0,,535,0,538,40,"0,6779661017"
Instagram,B Braun,2024,12,02/12/2024 14:11:35,Segunda-Feira,https://www.instagram.com/p/DDFC61pxeO7,https://storage.googleapis.com/brv-valhalla-datalake-public/images/e36a52e1-d07b-4334-96e7-c5ef275157ad.mp4,"Já são 27 anos de dedicação e crescimento na B. Braun!

O Renato começou sua jornada como estagiário e hoje ocupa o cargo de Gerente de Produto em Ortopedia, mostrando que determinação e talento abrem portas para grandes conquistas.

Sua trajetória é motivo de orgulho e inspiração para todos nós. Agradecemos pela sua parceria e por fazer parte da construção de um futuro cada vez mais inovador na saúde. Vamos juntos continuar essa história de sucesso! 💚

#bbraun #bbraunbr #minhahistórianabbraun #orgulho #fazerparte #sharingexpertise",reels,2301,0,2301,222,21,6,0,4,0,3285,0,3285,253,"0,1099521947"
Facebook,B Braun,2024,11,29/11/2024 20:40:57,Sexta-Feira,https://www.facebook.com/reel/1839642906567101/,https://storage.googleapis.com/brv-valhalla-datalake-public/images/a49936fc-a024-42f2-859d-a6b9f61a8ee8.jpeg,"Estivemos presentes em um dos maiores eventos de saúde do país, o XIX Congresso Brasileiro de Controle de Infecção.

Compartilhamos nossas inovações em prevenção de infecções e apresentamos soluções práticas para transformar a segurança do paciente. Além disso, tivemos um super simpósio com o renomado Prof. Dr. Didier Pittet e a Enfa. Paula Bacco, que trouxeram discussões enriquecedoras sobre a área de saúde. Confira!

#bbraun #bbraunbr #sharingexpertise #CIH #ControledeInfecção",reels,,,20,15,2,1,4,0,,309,0,311,22,"1,1"
Instagram,B Braun,2024,11,29/11/2024 20:40:53,Sexta-Feira,https://www.instagram.com/p/DC-BE50RlWh,https://storage.googleapis.com/brv-valhalla-datalake-public/images/fe5c938b-d226-42dc-bd49-620d2da8459d.mp4,"Estivemos presentes em um dos maiores eventos de saúde do país, o XIX Congresso Brasileiro de Controle de Infecção.

Compartilhamos nossas inovações em prevenção de infecções e apresentamos soluções práticas para transformar a segurança do paciente. Além disso, tivemos um super simpósio com o renomado Prof. Dr. Didier Pittet e a Enfa. Paula Bacco, que trouxeram discussões enriquecedoras sobre a área de saúde. Confira!

#bbraun #bbraunbr #sharingexpertise #CIH #ControledeInfecção",reels,2867,0,2867,168,8,31,0,2,0,4090,0,4090,209,"0,07289850017"
Instagram,B Braun,2024,11,29/11/2024 12:20:08,Sexta-Feira,https://www.instagram.com/p/DC9H5I1qWpD,https://storage.googleapis.com/brv-valhalla-datalake-public/images/c64597b3-2cd4-4956-ae6f-b7069544ba07.jpeg,"Novembro Azul é um lembrete para o ano inteiro! Cuidar da saúde masculina deve ser prioridade todos os dias.

O câncer de próstata é o segundo mais comum entre os homens no Brasil, mas com diagnóstico precoce, as chances de sucesso no tratamento chegam a 90%. Que tal aproveitar esse momento para reforçar a importância de consultas regulares e exames de rotina?

Uma vida ativa, alimentação equilibrada e a quebra de tabus são passos simples que fazem toda a diferença. Vamos juntos espalhar essa mensagem e incentivar o cuidado contínuo!

Acesse o artigo completo pelo link na bio!

#bbraun #bbraunbr #sharingexpertise #novembroazul",imagem,955,0,955,31,0,2,0,1,0,1694,0,1694,34,"0,03560209424"
Facebook,B Braun,2024,11,29/11/2024 12:20:04,Sexta-Feira,https://www.facebook.com/1468339928670354/posts/1004904625013889,https://storage.googleapis.com/brv-valhalla-datalake-public/images/6671d1f6-710a-4c5f-a961-b974ffd9de00.jpeg,"Novembro Azul é um lembrete para o ano inteiro! Cuidar da saúde masculina deve ser prioridade todos os dias.

O câncer de próstata é o segundo mais comum entre os homens no Brasil, mas com diagnóstico precoce, as chances de sucesso no tratamento chegam a 90%. Que tal aproveitar esse momento para reforçar a importância de consultas regulares e exames de rotina?

Uma vida ativa, alimentação equilibrada e a quebra de tabus são passos simples que fazem toda a diferença. Vamos juntos espalhar essa mensagem e incentivar o cuidado contínuo!

Acesse o artigo completo pelo link na bio!

#bbraun #bbraunbr #sharingexpertise #novembroazul",imagem,,,9,6,1,0,1,0,,382,0,382,8,"0,8888888889"
Facebook,B Braun,2024,11,28/11/2024 21:19:58,Quinta-Feira,https://www.facebook.com/reel/8687815131314311/,https://storage.googleapis.com/brv-valhalla-datalake-public/images/6e1a1e53-ced6-4997-a5a5-7a4b2e5ca728.jpeg,"Temos um convite especial para você!

No dia 05/12, às 19h30, o enfermeiro Thiago Oliveira Teixeira te espera no webinar: Cateter Periférico Longo – Qual a minha experiência?

Uma oportunidade imperdível para conhecer mais sobre o Introcan Safety®️ Deep Access e seu impacto na Terapia Intravenosa no Brasil.

Acesse o link na bio e faça sua inscrição!

#bbraun #bbraunbr #sharingexpertise #webinar",reels,,,15,9,2,0,4,0,,256,0,256,15,1
Instagram,B Braun,2024,11,28/11/2024 21:19:54,Quinta-Feira,https://www.instagram.com/p/DC7g0ZTxGAw,https://storage.googleapis.com/brv-valhalla-datalake-public/images/49dcdb1e-7b46-4757-9112-9dc82abf3859.mp4,"Temos um convite especial para você!

No dia 05/12, às 19h30, o enfermeiro Thiago Oliveira Teixeira te espera no webinar: Cateter Periférico Longo – Qual a minha experiência?

Uma oportunidade imperdível para conhecer mais sobre o Introcan Safety®️ Deep Access e seu impacto na Terapia Intravenosa no Brasil.

Acesse o link na bio e faça sua inscrição!

#bbraun #bbraunbr #sharingexpertise #webinar",reels,3450,0,3450,116,4,86,0,3,0,4592,0,4592,209,"0,06057971014"
Instagram,B Braun,2024,11,27/11/2024 20:00:11,Quarta-Feira,https://www.instagram.com/p/DC4y87gtIV1,https://storage.googleapis.com/brv-valhalla-datalake-public/images/2a47aab5-db61-4bfb-aefd-5cf352e52b14.jpeg,"Na B. Braun, valorizamos a ciência e as evidências. O SeQuent® Please NEO é fruto de anos de pesquisa clínica e inovação, com a eficácia comprovada em milhares de pacientes documentados.

Nós trazemos dados. O novo SeQuent® Please NEO é a escolha segura, baseada em resultados sólidos, para quem busca confiança e desempenho real.

É assim que transformamos a ciência em cuidado, e as evidências em qualidade de vida. Acesse o link na bio e descubra mais sobre o SeQuent® Please NEO.

#bbraun #bbraunbr #sequentpleaseneo #balãofarmacológico #sharingexpertise #DesempenhoComprovado",imagem,1355,0,1355,54,0,2,0,0,0,2102,0,2102,56,"0,04132841328"
Facebook,B Braun,2024,11,27/11/2024 20:00:08,Quarta-Feira,https://www.facebook.com/1468339928670354/posts/1003738405130511,https://storage.googleapis.com/brv-valhalla-datalake-public/images/e3e3d61e-f6fb-4bc3-9b47-5242add9d417.jpeg,"Na B. Braun, valorizamos a ciência e as evidências. O SeQuent® Please NEO é fruto de anos de pesquisa clínica e inovação, com a eficácia comprovada em milhares de pacientes documentados.

Nós trazemos dados. O novo SeQuent® Please NEO é a escolha segura, baseada em resultados sólidos, para quem busca confiança e desempenho real.

É assim que transformamos a ciência em cuidado, e as evidências em qualidade de vida. Acesse o link na bio e descubra mais sobre o SeQuent® Please NEO.

#bbraun #bbraunbr #sequentpleaseneo #balãofarmacológico #sharingexpertise #DesempenhoComprovado",imagem,,,10,10,1,1,4,0,,411,0,411,16,"1,6"
Instagram,B Braun,2024,11,26/11/2024 18:55:39,Terça-Feira,https://www.instagram.com/p/DC2GsfMqCpj,https://storage.googleapis.com/brv-valhalla-datalake-public/images/f4f7a465-1c40-4a16-bff3-6ad81e40ec4b.mp4,"Apresentamos o Aicon®: Tecnologia, Qualidade e Inovação para uma CME Mais Eficiente e Sustentável! 🌟

Cada detalhe do Aicon® foi cuidadosamente projetado para otimizar processos e garantir a máxima segurança no manuseio e esterilização de instrumentais. Combinando ergonomia e tecnologia avançada, o Aicon® pode transformar sua rotina na CME  proporcionando maior eficiência operacional e otimização de recursos.

#bbraun #bbraunbr #sharingexpertise #aicon #cme",reels,1301,0,1301,58,0,6,0,0,0,1549,0,1549,64,"0,04919292852"
Facebook,B Braun,2024,11,26/11/2024 18:54:54,Terça-Feira,https://www.facebook.com/reel/3323982211068255/,https://storage.googleapis.com/brv-valhalla-datalake-public/images/4c7afc0f-4282-4adb-9482-94c05d70d5f0.jpeg,"Apresentamos o Aicon®: Tecnologia, Qualidade e Inovação para uma CME Mais Eficiente e Sustentável! 🌟

Cada detalhe do Aicon® foi cuidadosamente projetado para otimizar processos e garantir a máxima segurança no manuseio e esterilização de instrumentais. Combinando ergonomia e tecnologia avançada, o Aicon® pode transformar sua rotina na CME  proporcionando maior eficiência operacional e otimização de recursos.

#bbraun #bbraunbr #sharingexpertise #aicon #cme",reels,,,9,6,1,0,1,0,,133,0,134,8,"0,8888888889"
Facebook,B Braun,2024,11,25/11/2024 20:16:33,Segunda-Feira,https://www.facebook.com/reel/1272151837315551/,https://storage.googleapis.com/brv-valhalla-datalake-public/images/06336df7-d4f6-481f-b2fa-b699f556ecc9.jpeg,"A Aesculap Academy, em parceria com a Unidade de Negócio de Implantes (Ortopedia) da B. Braun, promoveu um Treinamento Prático de Técnicas em Sistemas para Artroplastia Total de Joelho e Quadril no ITC - Rio de Janeiro.

O treinamento reuniu especialistas e cirurgiões para aprofundar o conhecimento e a prática em técnicas de artroplastia. Além de explorar inovações tecnológicas, os participantes tiveram a oportunidade de compartilhar experiências e aprimorar habilidades essenciais para garantir a excelência nos procedimentos cirúrgicos. Confira como foi!

#bbraun #bbraunbr #sharingexpertise #aesculapacademy #itc",reels,,,19,13,3,1,5,0,,488,0,488,22,"1,157894737"
Instagram,B Braun,2024,11,25/11/2024 20:16:27,Segunda-Feira,https://www.instagram.com/p/DCzrIq6RpxP,https://storage.googleapis.com/brv-valhalla-datalake-public/images/0928c691-eb25-4c21-bfd8-46cbd8e86baa.mp4,"A Aesculap Academy, em parceria com a Unidade de Negócio de Implantes (Ortopedia) da B. Braun, promoveu um Treinamento Prático de Técnicas em Sistemas para Artroplastia Total de Joelho e Quadril no ITC - Rio de Janeiro.

O treinamento reuniu especialistas e cirurgiões para aprofundar o conhecimento e a prática em técnicas de artroplastia. Além de explorar inovações tecnológicas, os participantes tiveram a oportunidade de compartilhar experiências e aprimorar habilidades essenciais para garantir a excelência nos procedimentos cirúrgicos. Confira como foi!

#bbraun #bbraunbr #sharingexpertise #aesculapacademy #itc",reels,2255,0,2255,154,12,27,0,2,0,3454,0,3454,195,"0,08647450111"
Facebook,B Braun,2024,11,21/11/2024 18:53:58,Quinta-Feira,https://www.facebook.com/reel/1746363336159988/,https://storage.googleapis.com/brv-valhalla-datalake-public/images/0b9d935a-ef47-45d7-9cd4-293d774e8f79.jpeg,"Começou o XIX Congresso Brasileiro de Controle de Infecção e Epidemiologia Hospitalar!

Estamos presentes no evento com diversas novidades e, amanhã, teremos um simpósio imperdível conduzido pelo Prof. Didier Pittet e pela enfermeira Paula Bacco. 💡

Confira o recado da Tatiana Clerc, nossa Gerente de Produto, e venha nos visitar no estande nº 9. Esperamos você para trocar experiências e conhecer nossas soluções em prevenção de infecções!

#bbraun #bbraunbr #cih #congresso #controledeinfecção #sharingexpertise",reels,,,29,16,2,4,3,0,,465,0,466,25,"0,8620689655"
Instagram,B Braun,2024,11,21/11/2024 18:53:53,Quinta-Feira,https://www.instagram.com/p/DCpN1CERXHu,https://storage.googleapis.com/brv-valhalla-datalake-public/images/2478a07e-1ec7-48e2-ba0b-46b2dbbda4c0.mp4,"Começou o XIX Congresso Brasileiro de Controle de Infecção e Epidemiologia Hospitalar!

Estamos presentes no evento com diversas novidades e, amanhã, teremos um simpósio imperdível conduzido pelo Prof. Didier Pittet e pela enfermeira Paula Bacco. 💡

Confira o recado da Tatiana Clerc, nossa Gerente de Produto, e venha nos visitar no estande nº 9. Esperamos você para trocar experiências e conhecer nossas soluções em prevenção de infecções!",reels,2395,0,2395,200,10,17,0,1,0,3686,0,3686,228,"0,09519832985"
Instagram,B Braun,2024,11,20/11/2024 14:00:30,Quarta-Feira,https://www.instagram.com/p/DCmIOVTBccS,https://storage.googleapis.com/brv-valhalla-datalake-public/images/aca35b92-f6f0-469c-883e-50b338ea15ac.jpeg,"Mais de 25.000 pacientes já foram incluídos em estudos clínicos com o SeQuent® Please NEO, reforçando sua posição como líder no tratamento de reestenose intra-stent (ISR).

O SeQuent® Please continua se destacando pelo volume de avaliações clínicas e pelos resultados comprovados. A confiança na nossa tecnologia é resultado de uma sólida base científica, desenvolvida a partir de extensa pesquisa clínica em diversos países.

Quando se trata de evidências, SeQuent® Please NEO vai além.

#bbraun #bbraunbr #sharingexpertise #sqn #sequentpleaseneo",imagem,1145,0,1145,37,0,3,0,0,0,1795,0,1795,40,"0,03493449782"
Facebook,B Braun,2024,11,20/11/2024 14:00:25,Quarta-Feira,https://www.facebook.com/1468339928670354/posts/998540945650257,https://storage.googleapis.com/brv-valhalla-datalake-public/images/59e832df-0020-4eec-b9aa-07408cc46e34.jpeg,"Mais de 25.000 pacientes já foram incluídos em estudos clínicos com o SeQuent® Please NEO, reforçando sua posição como líder no tratamento de reestenose intra-stent (ISR).

O SeQuent® Please continua se destacando pelo volume de avaliações clínicas e pelos resultados comprovados. A confiança na nossa tecnologia é resultado de uma sólida base científica, desenvolvida a partir de extensa pesquisa clínica em diversos países.

Quando se trata de evidências, SeQuent® Please NEO vai além.

#bbraun #bbraunbr #sharingexpertise #sqn #sequentpleaseneo",imagem,,,9,8,2,0,2,0,,662,0,662,12,"1,333333333"
Instagram,B Braun,2024,11,19/11/2024 17:02:57,Terça-Feira,https://www.instagram.com/p/DCj4T0zS9mx,https://storage.googleapis.com/brv-valhalla-datalake-public/images/1bff4b27-b8ea-4a39-a5a4-2120b4a749e0.jpeg,"O CIH 2024 está chegando e teremos a honra de aprender com o Prof. Didier Pittet, referência mundial em higiene das mãos para controle de infecções. Além disso, apresentaremos as inovações da B. Braun em prevenção de infecções, trazendo soluções práticas para transformar a segurança do paciente.

Confira a programação e aproveite a oportunidade de trocar experiências e aprofundar conhecimentos que fazem a diferença na saúde de todos! 🩺🌍

#BBraun #BBraunbr #SharingExpertise #Higiene #CIH #Congresso",carrossel ,3461,0,3461,143,3,29,0,3,0,6811,0,6811,178,"0,05143022248"
Facebook,B Braun,2024,11,19/11/2024 17:02:53,Terça-Feira,https://www.facebook.com/1468339928670354/posts/997935355710816,https://storage.googleapis.com/brv-valhalla-datalake-public/images/bf80f2c6-d1e9-43f6-99ab-386166cb4cf5.jpeg,"O CIH 2024 está chegando e teremos a honra de aprender com o Prof. Didier Pittet, referência mundial em higiene das mãos para controle de infecções. Além disso, apresentaremos as inovações da B. Braun em prevenção de infecções, trazendo soluções práticas para transformar a segurança do paciente.

Confira a programação e aproveite a oportunidade de trocar experiências e aprofundar conhecimentos que fazem a diferença na saúde de todos! 🩺🌍

#BBraun #BBraunbr #SharingExpertise #Higiene #CIH #Congresso",galeria,,,9,9,1,0,2,0,,618,0,618,12,"1,333333333"
Facebook,B Braun,2024,11,16/11/2024 13:09:25,Sábado,https://www.facebook.com/reel/547032258031897/,https://storage.googleapis.com/brv-valhalla-datalake-public/images/77b8e67b-6e5d-400e-9860-f48e566c1922.jpeg,"Hoje, no Dia Nacional dos Ostomizados, reforçamos a importância de oferecer apoio e visibilidade a quem vive com ostomia. 💚

O Programa Celebrar é uma iniciativa que acolhe e empodera essas pessoas, oferecendo suporte e informações para melhorar sua qualidade de vida. Juntos, vamos promover inclusão, respeito e mais visibilidade para essa jornada de superação!

#bbraun #bbraunbr #programacelebrar #celebrar #ostomia",reels,,,20,12,1,2,2,0,,493,0,503,17,"0,85"
Instagram,B Braun,2024,11,16/11/2024 13:09:21,Sábado,https://www.instagram.com/p/DCbvAGYRVi3,https://storage.googleapis.com/brv-valhalla-datalake-public/images/f29b93db-5ec6-47cc-82a9-299629417041.mp4,"Hoje, no Dia Nacional dos Ostomizados, reforçamos a importância de oferecer apoio e visibilidade a quem vive com ostomia. 💚

O Programa Celebrar é uma iniciativa que acolhe e empodera essas pessoas, oferecendo suporte e informações para melhorar sua qualidade de vida. Juntos, vamos promover inclusão, respeito e mais visibilidade para essa jornada de superação!

#bbraun #bbraunbr #programacelebrar #celebrar #ostomia",reels,2963,0,2963,177,12,22,0,1,0,4149,0,4149,212,"0,07154910564"
Instagram,B Braun,2024,11,12/11/2024 14:47:25,Terça-Feira,https://www.instagram.com/p/DCRnKZgBJ7_,https://storage.googleapis.com/brv-valhalla-datalake-public/images/2d31d872-9eaa-473e-a5be-d333e6f65cfb.mp4,"Fique por dentro da nova geração de container Aicon, foco em eficiência, ergonomia e segurança, o Aicon® foi projetado após anos de pesquisas e testes ouvindo profissionais de CME e CC ao redor do mundo!

O design além de inovador além de mais egonômico e seguro proporciona maior durabilidade aos instrumentais cirúrgicos. A opção de tecnologia de válvula ESD aliada à maior produtividade da CME podendo reduzir o ciclo de secagem na autoclave. Além disso proporciona uma gestão visual mais eficiente otimizando a operação na CME e identificação no Aresenal.

Quer saber mais sobre essa inovação? Assista ao nosso vídeo e descubra como o Aicon® pode transformar a rotina da sua CME.

#bbraun #bbraunbr #sharingexpertise #cme #cme360",reels,2213,0,2213,88,0,16,0,3,0,2965,0,2965,107,"0,04835065522"
Facebook,B Braun,2024,11,12/11/2024 14:46:35,Terça-Feira,https://www.facebook.com/reel/435805999303770/,https://storage.googleapis.com/brv-valhalla-datalake-public/images/9d12012b-6273-40b7-b46d-e210e865cd47.jpeg,"Fique por dentro da nova geração de container Aicon, foco em eficiência, ergonomia e segurança, o Aicon® foi projetado após anos de pesquisas e testes ouvindo profissionais de CME e CC ao redor do mundo!

O design além de inovador além de mais egonômico e seguro proporciona maior durabilidade aos instrumentais cirúrgicos. A opção de tecnologia de válvula ESD aliada à maior produtividade da CME podendo reduzir o ciclo de secagem na autoclave. Além disso proporciona uma gestão visual mais eficiente otimizando a operação na CME e identificação no Aresenal.

Quer saber mais sobre essa inovação? Assista ao nosso vídeo e descubra como o Aicon® pode transformar a rotina da sua CME.

#bbraun #bbraunbr #sharingexpertise #cme #cme360",reels,,,12,5,2,0,0,0,,218,0,220,7,"0,5833333333"
Facebook,B Braun,2024,11,10/11/2024 11:52:43,Domingo,https://www.facebook.com/1468339928670354/posts/991184016385950,https://storage.googleapis.com/brv-valhalla-datalake-public/images/47136f75-4744-4408-8c75-ef3b1b4a466c.jpeg,"Hoje, no Dia do Médico Intensivista, a B. Braun homenageia os profissionais que estão na linha de frente dos cuidados intensivos, garantindo um atendimento especializado. 

Parabenizamos todos os médicos intensivistas por sua dedicação, empatia e coragem. Vocês são essenciais para a saúde e fazem a diferença todos os dias!

#bbraun #bbraunbr #sharingexpertise #medicointensivista #medico #intensivista",galeria,,,13,12,3,0,5,0,,640,0,640,20,"1,538461538"
Instagram,B Braun,2024,11,10/11/2024 11:52:38,Domingo,https://www.instagram.com/p/DCMJpJ9RRcq,https://storage.googleapis.com/brv-valhalla-datalake-public/images/fa41db9f-0666-4c2f-a8d3-31d3c76f875b.jpeg,"Hoje, no Dia do Médico Intensivista, a B. Braun homenageia os profissionais que estão na linha de frente dos cuidados intensivos, garantindo um atendimento especializado. 

Parabenizamos todos os médicos intensivistas por sua dedicação, empatia e coragem. Vocês são essenciais para a saúde e fazem a diferença todos os dias!

#bbraun #bbraunbr #sharingexpertise #medicointensivista #medico #intensivista",carrossel ,1414,0,1414,78,1,9,0,1,0,2317,0,2317,89,"0,06294200849"
Facebook,B Braun,2024,11,08/11/2024 20:02:14,Sexta-Feira,https://www.facebook.com/reel/1283352522659676/,https://storage.googleapis.com/brv-valhalla-datalake-public/images/67e40737-8ac3-46ba-98cc-b7090f560ab2.jpeg,"Com o Cyto-Set®️, a eficiência no tratamento oncológico atinge outro nível. Graças ao seu sistema fechado, ele garante que 100% do medicamento seja infundido, evitando desperdícios e garantindo a dose total para os desfechos clínicos planejados. Além de reduzir o risco de contaminação, protege o paciente, o profissional de saúde e o meio ambiente, sendo livre de PVC e DEHP.

A facilidade da preparação na farmácia com o Cyto-Set®️ mix, é outro diferencial. O sistema otimiza os processos, reduzindo o tempo de preparo e a possibilidade de erros. Segurança, precisão e sustentabilidade em um só sistema.

Descubra como o Cyto-Set®️ pode transformar o processo de infusão.

#bbraun #bbraunbr #sharingexpertise #cytoset #infusao",reels,,,153,9,1,0,0,0,,356,0,359,10,"0,06535947712"
Instagram,B Braun,2024,11,08/11/2024 20:02:08,Sexta-Feira,https://www.instagram.com/p/DCH30U4RFhP,https://storage.googleapis.com/brv-valhalla-datalake-public/images/ab4e1946-73de-480d-8433-1b6815fe7599.mp4,"Com o Cyto-Set®️, a eficiência no tratamento oncológico atinge outro nível. Graças ao seu sistema fechado, ele garante que 100% do medicamento seja infundido, evitando desperdícios e garantindo a dose total para os desfechos clínicos planejados. Além de reduzir o risco de contaminação, protege o paciente, o profissional de saúde e o meio ambiente, sendo livre de PVC e DEHP.

A facilidade da preparação na farmácia com o Cyto-Set®️ mix, é outro diferencial. O sistema otimiza os processos, reduzindo o tempo de preparo e a possibilidade de erros. Segurança, precisão e sustentabilidade em um só sistema.

Descubra como o Cyto-Set®️ pode transformar o processo de infusão.

#bbraun #bbraunbr #sharingexpertise #cytoset #infusao",reels,2867,0,2867,174,2,34,0,8,0,3935,0,3935,218,"0,07603767004"
Instagram,B Braun,2024,11,06/11/2024 13:00:27,Quarta-Feira,https://www.instagram.com/p/DCB-OW1NaRg,https://storage.googleapis.com/brv-valhalla-datalake-public/images/01172541-72d1-4798-8d1c-91dc5c895b26.jpeg,"Nossos corações batem por resultados comprovados. Com mais de 110 estudos publicados, o SeQuent® Please NEO traz a evidência clínica que você e seus pacientes podem confiar. Conheça o balão farmacológico com maior respaldo em intervenções coronárias e faça parte dessa revolução.

E o seu coração, bate por evidências?

Conheça mais sobre o SeQuent® Please NEO.
Acesse o link em nossa bio.

#bbraun #bbraunbr #sharingexpertise #sqn #sequentplease #balãofarmacológico",imagem,2803,0,2803,83,0,10,0,2,0,4398,0,4398,95,"0,03389225829"
Facebook,B Braun,2024,11,06/11/2024 13:00:24,Quarta-Feira,https://www.facebook.com/1468339928670354/posts/988273133343705,https://storage.googleapis.com/brv-valhalla-datalake-public/images/72051e8b-d567-4545-85d8-b194e61c7b96.jpeg,"Nossos corações batem por resultados comprovados. Com mais de 110 estudos publicados, o SeQuent® Please NEO traz a evidência clínica que você e seus pacientes podem confiar. Conheça o balão farmacológico com maior respaldo em intervenções coronárias e faça parte dessa revolução.

E o seu coração, bate por evidências?

Conheça mais sobre o SeQuent® Please NEO.
Acesse o link em nossa bio.

#bbraun #bbraunbr #sharingexpertise #sqn #sequentplease #balãofarmacológico",imagem,,,9,13,2,1,4,0,,681,0,681,20,"2,222222222"
Instagram,B Braun,2024,11,05/11/2024 19:46:52,Terça-Feira,https://www.instagram.com/p/DCAH8PqugdV,https://storage.googleapis.com/brv-valhalla-datalake-public/images/8e4a2302-c372-4562-8ada-a77c354f720c.jpeg,"A B. Braun marca presença nos principais eventos de saúde em novembro, reforçando seu compromisso com a inovação e cuidado de excelência.

Em cada participação, levamos as melhores práticas e as tecnologias mais avançadas para fortalecer a rede de profissionais, trocando conhecimentos que ajudam a transformar a saúde. Acompanhe a nossa programação e saiba mais sobre as novidades que estamos compartilhando este mês!

#bbraun #bbraunbr #sharingexpertise #eventos #congresso #congressosaúde",carrossel ,2573,0,2573,137,6,17,0,5,0,4842,0,4842,165,"0,06412747765"
Facebook,B Braun,2024,11,05/11/2024 19:46:48,Terça-Feira,https://www.facebook.com/1468339928670354/posts/987780666726285,https://storage.googleapis.com/brv-valhalla-datalake-public/images/52cecc09-f9cb-49cc-ad86-23f8b2bd59c5.jpeg,"A B. Braun marca presença nos principais eventos de saúde em novembro, reforçando seu compromisso com a inovação e cuidado de excelência.

Em cada participação, levamos as melhores práticas e as tecnologias mais avançadas para fortalecer a rede de profissionais, trocando conhecimentos que ajudam a transformar a saúde. Acompanhe a nossa programação e saiba mais sobre as novidades que estamos compartilhando este mês!

#bbraun #bbraunbr #sharingexpertise #eventos #congresso #congressosaúde",galeria,,,10,10,1,2,15,0,,786,0,786,28,"2,8"
Facebook,B Braun,2024,11,01/11/2024 20:35:37,Sexta-Feira,https://www.facebook.com/1468339928670354/posts/984914653679553,https://storage.googleapis.com/brv-valhalla-datalake-public/images/369554eb-8d56-45b1-9d92-e86e0b311890.jpeg,"A Aesculap Academy promoveu um evento especial na filial da B. Braun em São Paulo, reunindo anestesistas e enfermeiros para uma imersão completa em Anestesia Regional e Acessos Vasculares. Foi um momento de grande troca de conhecimento e prática.

Agradecemos a todos os participantes e palestrantes que contribuíram para o sucesso deste evento, mostrando mais uma vez a importância da formação contínua e do aprendizado prático para melhorar a qualidade na área da saúde.

#bbraunbr #sharingexpertise #aesculap #aesculapacademy",galeria,,,7,12,1,0,40,0,,1345,0,1345,53,"7,571428571"
Instagram,B Braun,2024,11,01/11/2024 20:35:32,Sexta-Feira,https://www.instagram.com/p/DB16VL8xqtX,https://storage.googleapis.com/brv-valhalla-datalake-public/images/3591c1d9-cabe-430c-afa9-492ee618e87f.jpeg,"A Aesculap Academy promoveu um evento especial na filial da B. Braun em São Paulo, reunindo anestesistas e enfermeiros para uma imersão completa em Anestesia Regional e Acessos Vasculares. Foi um momento de grande troca de conhecimento e prática.

Agradecemos a todos os participantes e palestrantes que contribuíram para o sucesso deste evento, mostrando mais uma vez a importância da formação contínua e do aprendizado prático para melhorar a qualidade na área da saúde.

#bbraunbr #sharingexpertise #aesculap #aesculapacademy",carrossel ,1808,0,1808,142,4,6,0,0,0,3330,0,3330,152,"0,08407079646"
Facebook,B Braun,2024,10,31/10/2024 16:55:57,Quinta-Feira,https://www.facebook.com/reel/566146292449435/,https://storage.googleapis.com/brv-valhalla-datalake-public/images/c0265076-0fbf-4104-992e-83e919c861b0.jpeg,"No Dia das Crianças, tivemos uma manhã especial cheia de sorrisos e brincadeiras!

Em parceria com o Projeto Craque do Amanhã, recebemos 140 crianças, incluindo moradores do bairro Arsenal e de comunidades vizinhas, para um dia inesquecível, com oficinas de pipa, brinquedos, muita diversão e um café da manhã preparado com muito carinho.

Mais de 30 voluntários da B. Braun se uniram para tornar essa experiência possível e fazer a diferença na vida dessas crianças.

Esse é o nosso compromisso: cuidar da saúde e impactar positivamente todos ao nosso redor.

#bbraun #diadascriancas #craquedoamannha",reels,,,93,20,1,0,16,0,,655,0,657,37,"0,3978494624"
Instagram,B Braun,2024,10,31/10/2024 16:55:50,Quinta-Feira,https://www.instagram.com/p/DBy8EL2RPXQ,https://storage.googleapis.com/brv-valhalla-datalake-public/images/1b355e9a-4add-4e6b-9ebd-c939dc0617ea.mp4,"No Dia das Crianças, tivemos uma manhã especial cheia de sorrisos e brincadeiras!

Em parceria com o Projeto Craque do Amanhã, recebemos 140 crianças, incluindo moradores do bairro Arsenal e de comunidades vizinhas, para um dia inesquecível, com oficinas de pipa, brinquedos, muita diversão e um café da manhã preparado com muito carinho.

Mais de 30 voluntários da B. Braun se uniram para tornar essa experiência possível e fazer a diferença na vida dessas crianças.

Esse é o nosso compromisso: cuidar da saúde e impactar positivamente todos ao nosso redor.

#bbraun #diadascriancas #craquedoamannha",reels,4816,0,4816,407,71,22,0,3,0,7969,0,7969,503,"0,1044435216"
Instagram,B Braun,2024,10,28/10/2024 13:48:38,Segunda-Feira,https://www.instagram.com/p/DBq4laaNIyE,https://storage.googleapis.com/brv-valhalla-datalake-public/images/019e096a-dd4f-4dae-aa39-eb5a829e0edc.jpeg,"O SeQuent® Please NEO é o balão farmacológico coronário com mais evidência clínica no mercado.

Com +110 estudos publicados, +25.000 pacientes documentados e presença em +20 países, ele se destaca como o líder em comprovação de eficácia e segurança no tratamento de estenoses coronarianas.

Escolha o SeQuent® Please NEO, o balão farmacológico (DCB) livre de polímeros. Expanda a sua experiência e acredite na tecnologia com a maior base de evidências científicas do mundo.

Acesse o link na bio e confira mais informações sobre essa novidade.

#EvidenceBeforeClaims #GoPolymerFree #LeaveNothingBehind",carrossel ,2099,0,2099,49,0,6,0,1,0,3324,0,3324,56,"0,02667937113"
Facebook,B Braun,2024,10,28/10/2024 13:48:35,Segunda-Feira,https://www.facebook.com/1468339928670354/posts/981753593995659,https://storage.googleapis.com/brv-valhalla-datalake-public/images/0113447e-42ba-4164-84ab-b5c864af4d67.jpeg,"O SeQuent® Please NEO é o balão farmacológico coronário com mais evidência clínica no mercado.

Com +110 estudos publicados, +25.000 pacientes documentados e presença em +20 países, ele se destaca como o líder em comprovação de eficácia e segurança no tratamento de estenoses coronarianas.

Escolha o SeQuent® Please NEO, o balão farmacológico (DCB) livre de polímeros. Expanda a sua experiência e acredite na tecnologia com a maior base de evidências científicas do mundo.

Acesse o link na bio e confira mais informações sobre essa novidade.

#EvidenceBeforeClaims #GoPolymerFree #LeaveNothingBehind",galeria,,,8,8,1,0,7,0,,622,0,622,16,2
Instagram,B Braun,2024,10,24/10/2024 20:43:09,Quinta-Feira,https://www.instagram.com/p/DBhUyTBNiwJ,https://storage.googleapis.com/brv-valhalla-datalake-public/images/1472d2c9-f1d5-435f-8c03-9acb25c6865d.mp4,"A B. Braun é líder mundial em balões farmacológicos (DCBs) e, agora, chega com uma novidade ao Brasil: o SeQuent® Please NEO, o cateter balão farmacológico coronário líder em evidência clínica.

O SeQuent® Please NEO veio para inovar a efetividade e segurança do tratamento da doença arterial coronariana e garantir melhores resultados clínicos para o paciente.

A 2ª geração de DCB é livre de polímeros e oferece aperfeiçoamentos tecnológicos à família SeQuent® Please. Combinando paclitaxel (droga) e iopromida (excipiente), o SeQuent® Please NEO comprova sua eficácia e segurança em +110 estudos e +25.000 pacientes documentados ao redor do mundo.

Acesse o link na bio e saiba mais!

#BBraun #BBraunBr #SequentPlease #BalãoFarmacológico #Inovação #Saúde",reels,2652,0,2652,106,3,10,0,2,0,4081,0,4081,121,"0,04562594268"
Facebook,B Braun,2024,10,24/10/2024 20:42:37,Quinta-Feira,https://www.facebook.com/reel/1089526629238095/,https://storage.googleapis.com/brv-valhalla-datalake-public/images/a15961fc-f451-44a6-bbf1-8b96bb1a5bc0.jpeg,"A B. Braun é líder mundial em balões farmacológicos (DCBs) e, agora, chega com uma novidade ao Brasil: o SeQuent® Please NEO, o cateter balão farmacológico coronário líder em evidência clínica.

O SeQuent® Please NEO veio para inovar a efetividade e segurança do tratamento da doença arterial coronariana e garantir melhores resultados clínicos para o paciente.

A 2ª geração de DCB é livre de polímeros e oferece aperfeiçoamentos tecnológicos à família SeQuent® Please. Combinando paclitaxel (droga) e iopromida (excipiente), o SeQuent® Please NEO comprova sua eficácia e segurança em +110 estudos e +25.000 pacientes documentados ao redor do mundo.

Acesse o link na bio e saiba mais!

#BBraun #BBraunBr #SequentPlease #BalãoFarmacológico #Inovação #Saúde",reels,,,21,6,1,0,0,0,,222,0,223,7,"0,3333333333"
Facebook,B Braun,2024,10,24/10/2024 15:48:41,Quinta-Feira,https://www.facebook.com/reel/1269762177387656/,https://storage.googleapis.com/brv-valhalla-datalake-public/images/4bee5144-904f-4fe7-8d33-973814f8ff78.jpeg,"Já que hoje é dia de #tbt, vamos relembrar nossa participação na SOBECC 2024? Um dos maiores eventos para CME e centro cirúrgico!

Apresentamos a nova geração de Containers Aesculap, o Aicon®️, que promete contribuir ainda mais no processo de esterilização, e discutimos soluções práticas para um futuro mais sustentável, com insights do Brasil e do mundo. Foi incrível compartilhar essas novidades com vocês!

#BBraunNaSOBECC #Inovação #Sustentabilidade #Saúde",reels,,,10,12,3,0,8,0,,343,0,343,23,"2,3"
Instagram,B Braun,2024,10,24/10/2024 15:48:34,Quinta-Feira,https://www.instagram.com/p/DBgytzIRXO5,https://storage.googleapis.com/brv-valhalla-datalake-public/images/4cfae34e-b420-4818-a0a0-e9b3e5393327.mp4,"Já que hoje é dia de #tbt, vamos relembrar nossa participação na SOBECC 2024? Um dos maiores eventos para CME e centro cirúrgico!

Apresentamos a nova geração de Containers Aesculap, o Aicon®️, que promete contribuir ainda mais no processo de esterilização, e discutimos soluções práticas para um futuro mais sustentável, com insights do Brasil e do mundo. Foi incrível compartilhar essas novidades com vocês!

#BBraunNaSOBECC #Inovação #Sustentabilidade #Saúde",reels,2730,0,2730,203,3,9,0,1,0,4039,0,4039,216,"0,07912087912"
Instagram,B Braun,2024,10,22/10/2024 20:13:20,Terça-Feira,https://www.instagram.com/p/DBcH1zKycNP,https://storage.googleapis.com/brv-valhalla-datalake-public/images/76374db9-380f-4f6e-b77c-58dd2063ddd0.jpeg,"A B. Braun marca presença em João Pessoa no XXIV Congresso Brasileiro de Cirurgia Bariátrica e Metabólica, de 23 a 25 de outubro de 2024.

O congresso é um marco para a comunidade científica, promovendo discussões profundas que aliam experiência prática e medicina baseada em evidências. Participar desse evento reafirma nosso compromisso com a inovação e o avanço na área da saúde, especialmente no tratamento da obesidade.

#BBraun #BBraunBrasil #CongressoBariátrica #Inovação",imagem,3334,0,3334,81,0,16,0,0,0,4217,0,4217,97,"0,02909418116"
Facebook,B Braun,2024,10,22/10/2024 20:13:19,Terça-Feira,https://www.facebook.com/1468339928670354/posts/977476461090039,https://storage.googleapis.com/brv-valhalla-datalake-public/images/226fc6c2-09d7-46d9-9cbb-8f01e3d20e41.jpeg,"A B. Braun marca presença em João Pessoa no XXIV Congresso Brasileiro de Cirurgia Bariátrica e Metabólica, de 23 a 25 de outubro de 2024.

O congresso é um marco para a comunidade científica, promovendo discussões profundas que aliam experiência prática e medicina baseada em evidências. Participar desse evento reafirma nosso compromisso com a inovação e o avanço na área da saúde, especialmente no tratamento da obesidade.

#BBraun #BBraunBrasil #CongressoBariátrica #Inovação",imagem,,,8,10,1,1,2,0,,715,0,715,14,"1,75"
Facebook,B Braun,2024,10,18/10/2024 14:41:27,Sexta-Feira,https://www.facebook.com/reel/548206911193751/,https://storage.googleapis.com/brv-valhalla-datalake-public/images/f6295c20-0749-49cb-9f5f-80a4fc9668a7.jpeg,"Hoje é dia de celebrar aqueles que, com dedicação e competência, cuidam e transformam vidas. A B.Braun parabeniza todos os médicos, profissionais que fazem a diferença na saúde e no bem-estar da sociedade.

Nosso compromisso é caminhar ao lado de vocês, oferecendo soluções para um futuro mais seguro e inovador na medicina. A todos os médicos, nosso agradecimento pelo trabalho essencial e pela dedicação em cada atendimento. Feliz Dia!⚕️💚

#diadomédico #bbraun #bbraunbrasil #medico #medicina #saúde",reels,,,82,6,1,1,3,0,,285,0,285,11,"0,1341463415"
Instagram,B Braun,2024,10,18/10/2024 14:41:18,Sexta-Feira,https://www.instagram.com/p/DBROl0rR5Nw,https://storage.googleapis.com/brv-valhalla-datalake-public/images/973e5d53-feba-4997-b7fa-af64d461d152.mp4,"Hoje é dia de celebrar aqueles que, com dedicação e competência, cuidam e transformam vidas. A B. Braun parabeniza todos os médicos, profissionais que fazem a diferença na saúde e no bem-estar da sociedade.

Nosso compromisso é caminhar ao lado de vocês, oferecendo soluções para um futuro mais seguro e inovador na medicina. A todos os médicos, nosso agradecimento pelo trabalho essencial e pela dedicação em cada atendimento. Feliz Dia!⚕️💚

#diadomédico #bbraun #bbraunbrasil #medico #medicina #saúde",reels,2663,0,2663,108,3,15,0,1,0,3613,0,3613,127,"0,04769057454"
Instagram,B Braun,2024,10,17/10/2024 12:02:42,Quinta-Feira,https://www.instagram.com/p/DBOXhAtv88R,https://storage.googleapis.com/brv-valhalla-datalake-public/images/83b921a4-eb21-4bc6-9338-828ee4f3421c.mp4,"Hoje celebramos os 57 anos da B. Braun Brasil, uma história marcada pela dedicação de cada colaborador que transformou essa empresa em sua segunda casa.

Aqui, mais do que desenvolver soluções inovadoras para a saúde, nosso verdadeiro propósito é cuidar de vidas. E cada pessoa é essencial nessa missão. O orgulho de pertencer à B. Braun vem da forma como colocamos o cuidado e a humanidade em tudo o que fazemos.

É esse compromisso que nos impulsiona a seguir em frente, sempre olhando para o futuro e buscando maneiras de melhorar o bem-estar de todos. E esse sucesso só é possível graças a vocês, que fazem parte dessa jornada com tanto amor, dedicação e pertencimento.

Nosso mais sincero agradecimento a cada um. Juntos, continuaremos transformando o mundo com inovação e cuidado. 💚

#bbraun #bbraunbrasil #57anos #inovação #orgulho #pertencimento #saúde #bemestar",reels,8828,0,8828,571,35,108,0,8,0,15253,0,15253,722,"0,08178522882"
Facebook,B Braun,2024,10,17/10/2024 12:01:19,Quinta-Feira,https://www.facebook.com/reel/392867887092809/,https://storage.googleapis.com/brv-valhalla-datalake-public/images/55b76d81-435e-48c7-955a-302810ccc87d.jpeg,"Hoje celebramos os 57 anos da B. Braun Brasil, uma história marcada pela dedicação de cada colaborador que transformou essa empresa em sua segunda casa.

Aqui, mais do que desenvolver soluções inovadoras para a saúde, nosso verdadeiro propósito é cuidar de vidas. E cada pessoa é essencial nessa missão. O orgulho de pertencer à B. Braun vem da forma como colocamos o cuidado e a humanidade em tudo o que fazemos.

É esse compromisso que nos impulsiona a seguir em frente, sempre olhando para o futuro e buscando maneiras de melhorar o bem-estar de todos. E esse sucesso só é possível graças a vocês, que fazem parte dessa jornada com tanto amor, dedicação e pertencimento.

Nosso mais sincero agradecimento a cada um. Juntos, continuaremos transformando o mundo com inovação e cuidado. 💚

#bbraun #bbraunbrasil #57anos #inovação #orgulho #pertencimento #saúde #bemestar",reels,,,157,67,7,9,67,0,,1266,0,1271,150,"0,9554140127"
Instagram,B Braun,2024,10,16/10/2024 18:36:59,Quarta-Feira,https://www.instagram.com/p/DBMgC4_v9xt,https://storage.googleapis.com/brv-valhalla-datalake-public/images/36340fb0-617e-4986-8dc9-cefe2eda69c0.jpeg,"Hoje celebramos o Dia do Anestesiologista, profissional que garante segurança e tranquilidade em cada procedimento, priorizando sempre o cuidado com o paciente. 💉

Para celebrar essa data, convidamos você a acompanhar a série de webinars Anesthesia Talks, onde especialistas de destaque compartilham estratégias e conhecimentos essenciais para transformar a prática diária. O programa é focado no futuro da saúde, trazendo insights para melhorar a eficiência e promover um atendimento mais sustentável.

Participe dessa iniciativa e expanda sua compreensão sobre os avanços na área. Acesse o link na bio e inscreva-se!

#Anesthesia #Webinar #Anestesiologia #DiadoAnestesiologista",carrossel ,1765,0,1765,64,0,8,0,0,0,2689,0,2689,72,"0,04079320113"
Facebook,B Braun,2024,10,16/10/2024 18:36:56,Quarta-Feira,https://www.facebook.com/1468339928670354/posts/972956128208739,https://storage.googleapis.com/brv-valhalla-datalake-public/images/6f48cd15-20bd-4b04-8658-49038fdea8c1.jpeg,"Hoje celebramos o Dia do Anestesiologista, profissional que garante segurança e tranquilidade em cada procedimento, priorizando sempre o cuidado com o paciente. 💉

Para celebrar essa data, convidamos você a acompanhar a série de webinars Anesthesia Talks, onde especialistas de destaque compartilham estratégias e conhecimentos essenciais para transformar a prática diária. O programa é focado no futuro da saúde, trazendo insights para melhorar a eficiência e promover um atendimento mais sustentável.

Participe dessa iniciativa e expanda sua compreensão sobre os avanços na área. Acesse o link na bio e inscreva-se!

#Anesthesia #Webinar #Anestesiologia #DiadoAnestesiologista",galeria,,,6,6,1,1,3,0,,451,0,451,11,"1,833333333"
Facebook,B Braun,2024,10,12/10/2024 14:11:23,Sábado,https://www.facebook.com/reel/1551243255486420/,https://storage.googleapis.com/brv-valhalla-datalake-public/images/795a4747-3b5f-4db0-8135-e2ebca05a264.jpeg,"Celebrar a vida é seguir em frente com confiança. Com o Programa Celebrar, oferecemos suporte especializado e contínuo para pacientes estomizados, garantindo que cada passo seja dado com segurança e bem-estar.

Conheça mais sobre como podemos ajudar você a viver com qualidade e conforto.

Vamos Celebrar a vida juntos!

#celebrar #qualidadedevida #bbraunbr",reels,,,19,5,2,0,2,0,,187,0,188,9,"0,4736842105"
Instagram,B Braun,2024,10,12/10/2024 14:11:17,Sábado,https://www.instagram.com/p/DBBuYVUxnwr,https://storage.googleapis.com/brv-valhalla-datalake-public/images/ec5aa45d-b6a0-4e92-8507-11978015eab6.mp4,"Celebrar a vida é seguir em frente com confiança. Com o Programa Celebrar, oferecemos suporte especializado e contínuo para pacientes estomizados, garantindo que cada passo seja dado com segurança e bem-estar.

Conheça mais sobre como podemos ajudar você a viver com qualidade e conforto.

Vamos Celebrar a vida juntos!

#celebrar #qualidadedevida #bbraunbr",reels,2135,0,2135,92,2,11,0,1,0,2919,0,2919,106,"0,04964871194"
Facebook,B Braun,2024,10,08/10/2024 20:09:56,Terça-Feira,https://www.facebook.com/reel/418819354275326/,https://storage.googleapis.com/brv-valhalla-datalake-public/images/e2ecd426-61d1-4b72-bde6-216a079915af.jpeg,"Foi um privilégio estar presentes na primeira edição do Curso de Acessos à Base do Crânio, coordenado pelos renomados Dr. Luis Borba, Dr. Wladimir Melo, Dr. Felipe Mourão, Dr. Duarte Cândido e Dr. Marcio Rassi no ITC Rio. Os participantes puderam vivenciar na prática o uso do motor cirúrgico Aesculap ELAN 4 e de nossos Instrumentais de Neurocirurgia, além de aprender sobre a importância da seleção adequada das brocas em abordagens cirúrgicas, durante a aula do Dr. Duarte Cândido, nosso speaker da Aesculap Academy.

E já temos data marcada para a próxima edição! De 11 a 14 de dezembro de 2024, sob a coordenação científica do Dr. Luis Borba – Presidente da Federação Mundial de Neurocirurgia, o curso volta com a combinação perfeita de teoria e prática em tecido ex vivo fresh frozen. Não perca essa oportunidade. Inscreva-se no link da bio!

#BBraun #SharingExpertise #Saúde #Tecnologia #Inovação #BBraunBr #Aesculap #AesculapAcademy",reels,,,59,7,3,0,1,0,,321,0,325,11,"0,186440678"
Instagram,B Braun,2024,10,08/10/2024 20:09:49,Terça-Feira,https://www.instagram.com/p/DA4EGHlxUF_,https://storage.googleapis.com/brv-valhalla-datalake-public/images/00762a08-7179-49b8-b2c9-9df4c3614c8b.mp4,"Foi um privilégio estar presentes na primeira edição do Curso de Acessos à Base do Crânio, coordenado pelos renomados Dr. Luis Borba, Dr. Wladimir Melo, Dr. Felipe Mourão, Dr. Duarte Cândido e Dr. Marcio Rassi no ITC Rio. Os participantes puderam vivenciar na prática o uso do motor cirúrgico Aesculap ELAN 4 e de nossos Instrumentais de Neurocirurgia, além de aprender sobre a importância da seleção adequada das brocas em abordagens cirúrgicas, durante a aula do Dr. Duarte Cândido, nosso speaker da Aesculap Academy.

E já temos data marcada para a próxima edição! De 11 a 14 de dezembro de 2024, sob a coordenação científica do Dr. Luis Borba – Presidente da Federação Mundial de Neurocirurgia, o curso volta com a combinação perfeita de teoria e prática em tecido ex vivo fresh frozen. Não perca essa oportunidade. Inscreva-se no link da bio!

#BBraun #SharingExpertise #Saúde #Tecnologia #Inovação #BBraunBr #Aesculap #AesculapAcademy",reels,5365,0,5365,247,6,35,0,8,0,7619,0,7619,296,"0,05517241379"
Facebook,B Braun,2024,10,03/10/2024 15:26:45,Quinta-Feira,https://www.facebook.com/1468339928670354/posts/962552139249138,https://storage.googleapis.com/brv-valhalla-datalake-public/images/4bbf6778-5aba-476e-b0aa-ea4e73a4330c.jpeg,"Hoje é dia de relembrar a inspiradora trajetória de Paula Abrantes, que compartilhou sua história conosco em julho. No mês de prevenção e diagnóstico precoce do câncer de mama e colo do útero, Outubro Rosa, voltamos a falar da sua jornada para reforçar a importância da conscientização no combate ao câncer.

Paula enfrentou o câncer com coragem, determinação e apoio, e hoje, curada, continua nos lembrando que, por mais difícil que seja a caminhada, nunca estamos sozinhos nessa luta. Que a sua história seja um símbolo de esperança e motivação para tantas outras mulheres.

Convidamos você a espalhar essa mensagem de conscientização e cuidado.

#BBraun #SharingExpertise #Saúde #Tecnologia #Inovação #BBraunBr #Oncologia",imagem,,,6,9,1,0,4,0,,652,0,652,14,"2,333333333"
Instagram,B Braun,2024,10,03/10/2024 15:26:41,Quinta-Feira,https://www.instagram.com/p/DAqr7oQRfyP,https://storage.googleapis.com/brv-valhalla-datalake-public/images/7f8ed409-7299-4cbc-a398-bcb37134cb9e.jpeg,"Hoje é dia de relembrar a inspiradora trajetória de Paula Abrantes, que compartilhou sua história conosco em julho. No mês de prevenção e diagnóstico precoce do câncer de mama e colo do útero, Outubro Rosa, voltamos a falar da sua jornada para reforçar a importância da conscientização no combate ao câncer.

Paula enfrentou o câncer com coragem, determinação e apoio, e hoje, curada, continua nos lembrando que, por mais difícil que seja a caminhada, nunca estamos sozinhos nessa luta. Que a sua história seja um símbolo de esperança e motivação para tantas outras mulheres.

Convidamos você a espalhar essa mensagem de conscientização e cuidado.

#BBraun #SharingExpertise #Saúde #Tecnologia #Inovação #BBraunBr #Oncologia",imagem,3386,0,3386,107,5,4,0,1,0,4473,0,4473,117,"0,03455404607"
Facebook,B Braun,2024,10,02/10/2024 13:39:52,Quarta-Feira,https://www.facebook.com/1468339928670354/posts/961687112668974,https://storage.googleapis.com/brv-valhalla-datalake-public/images/93882026-d052-46c6-8463-6dad30912295.jpeg,"No mês de outubro, reforçamos o nosso compromisso com a prevenção e a luta contra o câncer de mama e colo do útero.

A B. Braun está ao lado de milhares de mulheres que enfrentam essa batalha, apoiando causas que promovem a saúde e a vida. Recentemente, contamos a história inspiradora da Paula Abrantes, uma paciente oncológica que venceu essa luta, nos mostrando a força da prevenção e do cuidado.

Vamos juntos espalhar essa mensagem e fortalecer a vida! 

#BBraun #SharingExpertise #Saúde #Tecnologia #Inovação #BBraunBr #OutubroRosa #juntospelavida",imagem,,,6,5,1,0,0,0,,393,0,393,6,1
Instagram,B Braun,2024,10,02/10/2024 13:39:49,Quarta-Feira,https://www.instagram.com/p/DAn66DLxYr7,https://storage.googleapis.com/brv-valhalla-datalake-public/images/25a91c0f-2bda-47a1-9aa8-5914decced97.jpeg,"No mês de outubro, reforçamos o nosso compromisso com a prevenção e a luta contra o câncer de mama e colo do útero.

A B. Braun está ao lado de milhares de mulheres que enfrentam essa batalha, apoiando causas que promovem a saúde e a vida. Recentemente, contamos a história inspiradora da Paula Abrantes, uma paciente oncológica que venceu essa luta, nos mostrando a força da prevenção e do cuidado.

Vamos juntos espalhar essa mensagem e fortalecer a vida! 

#BBraun #SharingExpertise #Saúde #Tecnologia #Inovação #BBraunBr #OutubroRosa #juntospelavida",imagem,3329,0,3329,80,0,16,0,0,0,4258,0,4258,96,"0,02883748874"
Facebook,B Braun,2024,10,01/10/2024 19:44:53,Terça-Feira,https://www.facebook.com/1468339928670354/posts/961111672726518,https://storage.googleapis.com/brv-valhalla-datalake-public/images/f64406a3-efde-4cec-9608-85c0597ddc0c.jpeg,"A Central de Material e Esterilização (CME) é uma unidade com alta demanda de processos, cercada de muitos desafios e que deve se ajustar às práticas de desenvolvimento sustentável. No Simpósio Satélite da B. Braun na SOBECC 2024, abordaremos soluções práticas para proteger o planeta, com insights do cenário internacional e brasileiro.

Os speakers Michael Boos, Jeane Bronzatti e Elaine Lasaponari, estarão à frente dessa discussão essencial para um futuro mais sustentável. Não perca a chance de participar dessa conversa transformadora e descobrir como agir agora para fazer a diferença.

Junte-se a nós!

#BBraun #SharingExpertise #Saúde #Tecnologia #Inovação #BBraunBr #SOBECC #SOBECC2024",galeria,,,5,6,1,0,4,0,,548,0,548,11,"2,2"
Instagram,B Braun,2024,10,01/10/2024 19:44:48,Terça-Feira,https://www.instagram.com/p/DAl_4d0yLSq,https://storage.googleapis.com/brv-valhalla-datalake-public/images/e19c61b6-820c-4062-b936-acc6370088fb.jpeg,"A Central de Material e Esterilização (CME) é uma unidade com alta demanda de processos, cercada de muitos desafios e que deve se ajustar às práticas de desenvolvimento sustentável. No Simpósio Satélite da B. Braun na SOBECC 2024, abordaremos soluções práticas para proteger o planeta, com insights do cenário internacional e brasileiro.

Os speakers Michael Boos, Jeane Bronzatti e Elaine Lasaponari, estarão à frente dessa discussão essencial para um futuro mais sustentável. Não perca a chance de participar dessa conversa transformadora e descobrir como agir agora para fazer a diferença.

Junte-se a nós!

#BBraun #SharingExpertise #Saúde #Tecnologia #Inovação #BBraunBr #SOBECC #SOBECC2024",carrossel ,3566,0,3566,112,0,19,0,0,0,5186,0,5186,131,"0,03673583847"